#ifndef _IBMPLEXMONO_THINITALIC72PT7B_H_
#define _IBMPLEXMONO_THINITALIC72PT7B_H_

#include <pgmspace.h>
#include <TFT_eSPI.h>  // provides GFXfont and GFXglyph

// FreeFont (1bpp) generated from TTF by fontMaker.py
// Source: IBMPlexMono-ThinItalic.ttf
// Size: 72pt @ 72dpi, chars: 0x20-0x7E

const uint8_t IBMPlexMono_ThinItalic72pt7bBitmaps[] PROGMEM = {
  0x00, 0x00, 0x30, 0x02, 0x00, 0x20, 0x06, 0x00, 0x60, 0x06, 0x00, 0x60,
  0x04, 0x00, 0x40, 0x0C, 0x00, 0xC0, 0x0C, 0x00, 0xC0, 0x08, 0x00, 0x80,
  0x18, 0x01, 0x80, 0x18, 0x01, 0x80, 0x10, 0x01, 0x00, 0x30, 0x03, 0x00,
  0x30, 0x02, 0x00, 0x20, 0x02, 0x00, 0x20, 0x06, 0x00, 0x40, 0x04, 0x00,
  0x40, 0x04, 0x00, 0x40, 0x04, 0x00, 0x80, 0x08, 0x00, 0x00, 0x00, 0x00,
  0x00, 0x00, 0x00, 0x00, 0x00, 0x00, 0x00, 0x00, 0x00, 0x00, 0x78, 0x07,
  0x80, 0xF8, 0x07, 0x00, 0x18, 0x0C, 0x40, 0x33, 0x00, 0xCC, 0x02, 0x30,
  0x08, 0xC0, 0x63, 0x01, 0x88, 0x06, 0x60, 0x19, 0x80, 0x46, 0x01, 0x18,
  0x0C, 0x60, 0x31, 0x00, 0xCC, 0x03, 0x30, 0x08, 0xC0, 0x23, 0x01, 0x80,
  0x00, 0x00, 0x01, 0x80, 0x08, 0x00, 0x00, 0x00, 0x20, 0x03, 0x00, 0x00,
  0x00, 0x0C, 0x00, 0x60, 0x00, 0x00, 0x01, 0x80, 0x08, 0x00, 0x00, 0x00,
  0x20, 0x03, 0x00, 0x00, 0x00, 0x0C, 0x00, 0x40, 0x00, 0x00, 0x01, 0x80,
  0x08, 0x00, 0x00, 0x00, 0x20, 0x03, 0x00, 0x00, 0x00, 0x0C, 0x00, 0x40,
  0x00, 0x00, 0x01, 0x80, 0x08, 0x00, 0x00, 0x00, 0x20, 0x03, 0x00, 0x00,
  0x00, 0x0C, 0x00, 0x40, 0x00, 0x00, 0x01, 0x00, 0x18, 0x00, 0x00, 0x00,
  0x60, 0x03, 0x00, 0x00, 0x00, 0x0C, 0x00, 0x40, 0x00, 0x00, 0x01, 0x00,
  0x18, 0x00, 0x00, 0x00, 0x60, 0x03, 0x00, 0x00, 0xFF, 0xFC, 0x00, 0x7F,
  0xFC, 0x00, 0x01, 0x00, 0x18, 0x00, 0x00, 0x00, 0x60, 0x03, 0x00, 0x00,
  0x00, 0x0C, 0x00, 0x40, 0x00, 0x00, 0x01, 0x00, 0x18, 0x00, 0x00, 0x00,
  0x60, 0x03, 0x00, 0x00, 0x00, 0x0C, 0x00, 0x40, 0x00, 0x00, 0x01, 0x00,
  0x18, 0x00, 0x00, 0x00, 0x60, 0x03, 0x00, 0x00, 0x00, 0x0C, 0x00, 0x40,
  0x00, 0x00, 0x01, 0x00, 0x18, 0x00, 0x00, 0x00, 0x60, 0x03, 0x00, 0x00,
  0x00, 0x0C, 0x00, 0x40, 0x00, 0x00, 0x01, 0x00, 0x18, 0x00, 0x00, 0x00,
  0x20, 0x03, 0x00, 0x00, 0xFF, 0xFC, 0x00, 0x7F, 0xFC, 0x00, 0x01, 0x00,
  0x18, 0x00, 0x00, 0x00, 0x60, 0x03, 0x00, 0x00, 0x00, 0x0C, 0x00, 0x40,
  0x00, 0x00, 0x01, 0x00, 0x18, 0x00, 0x00, 0x00, 0x60, 0x03, 0x00, 0x00,
  0x00, 0x0C, 0x00, 0x40, 0x00, 0x00, 0x01, 0x00, 0x18, 0x00, 0x00, 0x00,
  0x60, 0x02, 0x00, 0x00, 0x00, 0x0C, 0x00, 0xC0, 0x00, 0x00, 0x01, 0x00,
  0x18, 0x00, 0x00, 0x00, 0x60, 0x02, 0x00, 0x00, 0x00, 0x08, 0x00, 0xC0,
  0x00, 0x00, 0x01, 0x00, 0x18, 0x00, 0x00, 0x00, 0x60, 0x02, 0x00, 0x00,
  0x00, 0x08, 0x00, 0xC0, 0x00, 0x00, 0x03, 0x00, 0x18, 0x00, 0x00, 0x00,
  0x60, 0x02, 0x00, 0x00, 0x00, 0x00, 0x00, 0x00, 0xC0, 0x00, 0x00, 0x00,
  0x02, 0x00, 0x00, 0x00, 0x00, 0x08, 0x00, 0x00, 0x00, 0x00, 0x60, 0x00,
  0x00, 0x00, 0x01, 0x80, 0x00, 0x00, 0x00, 0x06, 0x00, 0x00, 0x00, 0x00,
  0x10, 0x00, 0x00, 0x00, 0x1F, 0xFC, 0x00, 0x00, 0x03, 0x81, 0x0F, 0x00,
  0x00, 0x30, 0x0C, 0x07, 0x00, 0x03, 0x00, 0x30, 0x06, 0x00, 0x18, 0x00,
  0xC0, 0x0C, 0x00, 0xC0, 0x02, 0x00, 0x18, 0x02, 0x00, 0x08, 0x00, 0x30,
  0x18, 0x00, 0x20, 0x00, 0x00, 0x40, 0x01, 0x80, 0x00, 0x03, 0x00, 0x06,
  0x00, 0x00, 0x0C, 0x00, 0x18, 0x00, 0x00, 0x30, 0x00, 0x40, 0x00, 0x00,
  0x80, 0x01, 0x00, 0x00, 0x02, 0x00, 0x04, 0x00, 0x00, 0x08, 0x00, 0x10,
  0x00, 0x00, 0x20, 0x00, 0xC0, 0x00, 0x00, 0xC0, 0x03, 0x00, 0x00, 0x03,
  0x00, 0x08, 0x00, 0x00, 0x04, 0x00, 0x20, 0x00, 0x00, 0x18, 0x00, 0x80,
  0x00, 0x00, 0x30, 0x02, 0x00, 0x00, 0x00, 0x60, 0x18, 0x00, 0x00, 0x00,
  0xC0, 0x60, 0x00, 0x00, 0x01, 0xE1, 0x80, 0x00, 0x00, 0x00, 0xF4, 0x00,
  0x00, 0x00, 0x00, 0x3C, 0x00, 0x00, 0x00, 0x00, 0xCF, 0x00, 0x00, 0x00,
  0x03, 0x07, 0x00, 0x00, 0x00, 0x0C, 0x06, 0x00, 0x00, 0x00, 0x20, 0x06,
  0x00, 0x00, 0x00, 0x80, 0x08, 0x00, 0x00, 0x02, 0x00, 0x30, 0x00, 0x00,
  0x18, 0x00, 0x60, 0x00, 0x00, 0x60, 0x01, 0x80, 0x00, 0x01, 0x80, 0x02,
  0x00, 0x00, 0x04, 0x00, 0x08, 0x00, 0x00, 0x10, 0x00, 0x20, 0x00, 0x00,
  0x40, 0x00, 0x80, 0x00, 0x03, 0x00, 0x02, 0x00, 0x00, 0x0C, 0x00, 0x08,
  0x00, 0x00, 0x30, 0x00, 0x60, 0x00, 0x00, 0x80, 0x01, 0x80, 0x00, 0x02,
  0x00, 0x06, 0x08, 0x00, 0x08, 0x00, 0x10, 0x30, 0x00, 0x20, 0x00, 0xC0,
  0xC0, 0x01, 0x80, 0x06, 0x01, 0x80, 0x06, 0x00, 0x10, 0x03, 0x00, 0x18,
  0x00, 0xC0, 0x07, 0x00, 0x40, 0x0E, 0x00, 0x07, 0x01, 0x00, 0x60, 0x00,
  0x07, 0x84, 0x0E, 0x00, 0x00, 0x01, 0xFF, 0xC0, 0x00, 0x00, 0x00, 0xC0,
  0x00, 0x00, 0x00, 0x02, 0x00, 0x00, 0x00, 0x00, 0x08, 0x00, 0x00, 0x00,
  0x00, 0x20, 0x00, 0x00, 0x00, 0x00, 0x80, 0x00, 0x00, 0x00, 0x06, 0x00,
  0x00, 0x00, 0x00, 0x18, 0x00, 0x00, 0x00, 0x00, 0x01, 0xFC, 0x00, 0x00,
  0x00, 0x00, 0x0C, 0x0C, 0x00, 0x00, 0x0C, 0x00, 0x60, 0x06, 0x00, 0x00,
  0x10, 0x01, 0x80, 0x04, 0x00, 0x00, 0x60, 0x02, 0x00, 0x04, 0x00, 0x01,
  0x80, 0x08, 0x00, 0x08, 0x00, 0x06, 0x00, 0x30, 0x00, 0x18, 0x00, 0x08,
  0x00, 0x40, 0x00, 0x30, 0x00, 0x20, 0x00, 0x80, 0x00, 0x20, 0x00, 0xC0,
  0x03, 0x00, 0x00, 0xC0, 0x03, 0x00, 0x06, 0x00, 0x01, 0x80, 0x04, 0x00,
  0x0C, 0x00, 0x03, 0x00, 0x10, 0x00, 0x10, 0x00, 0x06, 0x00, 0x60, 0x00,
  0x20, 0x00, 0x0C, 0x01, 0x80, 0x00, 0x40, 0x00, 0x10, 0x02, 0x00, 0x00,
  0x80, 0x00, 0x60, 0x08, 0x00, 0x01, 0x00, 0x00, 0xC0, 0x30, 0x00, 0x02,
  0x00, 0x01, 0x00, 0xC0, 0x00, 0x06, 0x00, 0x06, 0x03, 0x00, 0x00, 0x04,
  0x00, 0x18, 0x04, 0x00, 0x00, 0x0C, 0x00, 0x20, 0x18, 0x00, 0x00, 0x0C,
  0x01, 0x80, 0x60, 0x00, 0x00, 0x0C, 0x0E, 0x01, 0x80, 0x00, 0x00, 0x07,
  0xE0, 0x00, 0x00, 0x00, 0x00, 0x00, 0x00, 0x00, 0x00, 0x00, 0x00, 0x00,
  0x00, 0x00, 0x00, 0x00, 0x00, 0x00, 0x00, 0x00, 0x00, 0x00, 0x00, 0x00,
  0x00, 0x00, 0x00, 0x00, 0x00, 0x00, 0x00, 0x7E, 0x00, 0x00, 0x00, 0x18,
  0x03, 0x03, 0x00, 0x00, 0x00, 0x20, 0x18, 0x01, 0x00, 0x00, 0x00, 0x80,
  0x60, 0x01, 0x00, 0x00, 0x03, 0x01, 0x80, 0x03, 0x00, 0x00, 0x0C, 0x02,
  0x00, 0x02, 0x00, 0x00, 0x30, 0x0C, 0x00, 0x04, 0x00, 0x00, 0x40, 0x10,
  0x00, 0x0C, 0x00, 0x01, 0x80, 0x60, 0x00, 0x18, 0x00, 0x06, 0x00, 0xC0,
  0x00, 0x30, 0x00, 0x18, 0x01, 0x00, 0x00, 0x60, 0x00, 0x20, 0x02, 0x00,
  0x00, 0x80, 0x00, 0xC0, 0x04, 0x00, 0x01, 0x00, 0x03, 0x00, 0x18, 0x00,
  0x02, 0x00, 0x0C, 0x00, 0x30, 0x00, 0x0C, 0x00, 0x10, 0x00, 0x60, 0x00,
  0x18, 0x00, 0x40, 0x00, 0xC0, 0x00, 0x20, 0x01, 0x80, 0x00, 0x80, 0x00,
  0xC0, 0x06, 0x00, 0x01, 0x00, 0x01, 0x00, 0x08, 0x00, 0x03, 0x00, 0x06,
  0x00, 0x20, 0x00, 0x02, 0x00, 0x18, 0x00, 0xC0, 0x00, 0x02, 0x00, 0x60,
  0x03, 0x00, 0x00, 0x03, 0x03, 0x00, 0x00, 0x00, 0x00, 0x01, 0xF8, 0x00,
  0x00, 0x00, 0x00, 0x3F, 0x80, 0x00, 0x00, 0x00, 0xE0, 0x38, 0x00, 0x00,
  0x00, 0xC0, 0x06, 0x00, 0x00, 0x00, 0x80, 0x01, 0x80, 0x00, 0x00, 0x80,
  0x00, 0x60, 0x00, 0x00, 0xC0, 0x00, 0x10, 0x00, 0x00, 0x40, 0x00, 0x0C,
  0x00, 0x00, 0x20, 0x00, 0x06, 0x00, 0x00, 0x30, 0x00, 0x01, 0x00, 0x00,
  0x18, 0x00, 0x00, 0x80, 0x00, 0x0C, 0x00, 0x00, 0x40, 0x00, 0x06, 0x00,
  0x00, 0x20, 0x00, 0x03, 0x00, 0x00, 0x10, 0x00, 0x01, 0x80, 0x00, 0x18,
  0x00, 0x00, 0xC0, 0x00, 0x0C, 0x00, 0x00, 0x20, 0x00, 0x06, 0x00, 0x00,
  0x10, 0x00, 0x03, 0x00, 0x00, 0x0C, 0x00, 0x01, 0x00, 0x00, 0x02, 0x00,
  0x01, 0x80, 0x00, 0x01, 0x80, 0x00, 0x80, 0x00, 0x00, 0x40, 0x00, 0xC0,
  0x00, 0x00, 0x30, 0x00, 0x40, 0x00, 0x00, 0x08, 0x00, 0x40, 0x00, 0x00,
  0x06, 0x00, 0x40, 0x00, 0x00, 0x1F, 0x80, 0xC0, 0x00, 0x00, 0x70, 0x41,
  0x80, 0x00, 0x00, 0xC0, 0x37, 0x00, 0x00, 0x00, 0x80, 0x0C, 0x00, 0x00,
  0x01, 0x80, 0x02, 0x00, 0x00, 0x00, 0x80, 0x01, 0x80, 0x00, 0x00, 0xC0,
  0x00, 0x60, 0x00, 0x00, 0x40, 0x00, 0x30, 0x00, 0x00, 0x60, 0x00, 0x0C,
  0x00, 0x00, 0x20, 0x00, 0x02, 0x00, 0x00, 0x10, 0x00, 0x01, 0x80, 0x00,
  0x18, 0x00, 0x00, 0x60, 0x00, 0x0C, 0x00, 0x00, 0x30, 0x00, 0x06, 0x00,
  0x00, 0x0C, 0x00, 0x03, 0x00, 0x00, 0x02, 0x00, 0x01, 0x00, 0x00, 0x01,
  0x80, 0x00, 0x80, 0x00, 0x00, 0xE0, 0x00, 0xC0, 0x00, 0x00, 0x50, 0x00,
  0x70, 0x00, 0x00, 0x6C, 0x00, 0x58, 0x00, 0x00, 0x23, 0x00, 0x64, 0x00,
  0x00, 0x10, 0x80, 0x23, 0x00, 0x00, 0x10, 0x60, 0x21, 0x80, 0x00, 0x18,
  0x10, 0x30, 0x60, 0x00, 0x08, 0x0C, 0x10, 0x18, 0x00, 0x08, 0x03, 0x10,
  0x06, 0x00, 0x18, 0x00, 0x98, 0x01, 0xC0, 0x30, 0x00, 0x68, 0x00, 0x1F,
  0xE0, 0x00, 0x18, 0x00, 0x33, 0x33, 0x32, 0x66, 0x66, 0x64, 0xCC, 0xCC,
  0xC8, 0x00, 0x00, 0x0C, 0x00, 0x00, 0xC0, 0x00, 0x06, 0x00, 0x00, 0x30,
  0x00, 0x01, 0x80, 0x00, 0x0C, 0x00, 0x00, 0x60, 0x00, 0x03, 0x00, 0x00,
  0x18, 0x00, 0x00, 0xC0, 0x00, 0x06, 0x00, 0x00, 0x10, 0x00, 0x00, 0xC0,
  0x00, 0x06, 0x00, 0x00, 0x10, 0x00, 0x00, 0xC0, 0x00, 0x06, 0x00, 0x00,
  0x18, 0x00, 0x00, 0xC0, 0x00, 0x03, 0x00, 0x00, 0x08, 0x00, 0x00, 0x60,
  0x00, 0x01, 0x00, 0x00, 0x0C, 0x00, 0x00, 0x30, 0x00, 0x00, 0x80, 0x00,
  0x06, 0x00, 0x00, 0x18, 0x00, 0x00, 0x60, 0x00, 0x01, 0x00, 0x00, 0x04,
  0x00, 0x00, 0x30, 0x00, 0x00, 0xC0, 0x00, 0x03, 0x00, 0x00, 0x08, 0x00,
  0x00, 0x20, 0x00, 0x00, 0x80, 0x00, 0x02, 0x00, 0x00, 0x08, 0x00, 0x00,
  0x20, 0x00, 0x00, 0x80, 0x00, 0x02, 0x00, 0x00, 0x0C, 0x00, 0x00, 0x30,
  0x00, 0x00, 0xC0, 0x00, 0x01, 0x00, 0x00, 0x04, 0x00, 0x00, 0x10, 0x00,
  0x00, 0x60, 0x00, 0x00, 0x80, 0x00, 0x02, 0x00, 0x00, 0x0C, 0x00, 0x00,
  0x10, 0x00, 0x00, 0x40, 0x00, 0x01, 0x80, 0x00, 0x02, 0x00, 0x00, 0x0C,
  0x00, 0x00, 0x10, 0x00, 0x00, 0x60, 0x00, 0x00, 0x80, 0x00, 0x01, 0x00,
  0x00, 0x06, 0x00, 0x00, 0x0C, 0x00, 0x00, 0x10, 0x00, 0x00, 0x60, 0x00,
  0x00, 0x18, 0x00, 0x00, 0x18, 0x00, 0x00, 0x18, 0x00, 0x00, 0x10, 0x00,
  0x00, 0x30, 0x00, 0x00, 0x30, 0x00, 0x00, 0x20, 0x00, 0x00, 0x60, 0x00,
  0x00, 0x40, 0x00, 0x00, 0xC0, 0x00, 0x00, 0x80, 0x00, 0x01, 0x80, 0x00,
  0x01, 0x00, 0x00, 0x02, 0x00, 0x00, 0x06, 0x00, 0x00, 0x04, 0x00, 0x00,
  0x08, 0x00, 0x00, 0x10, 0x00, 0x00, 0x30, 0x00, 0x00, 0x20, 0x00, 0x00,
  0x40, 0x00, 0x00, 0x80, 0x00, 0x01, 0x00, 0x00, 0x02, 0x00, 0x00, 0x06,
  0x00, 0x00, 0x0C, 0x00, 0x00, 0x18, 0x00, 0x00, 0x30, 0x00, 0x00, 0x60,
  0x00, 0x00, 0xC0, 0x00, 0x01, 0x00, 0x00, 0x02, 0x00, 0x00, 0x04, 0x00,
  0x00, 0x08, 0x00, 0x00, 0x30, 0x00, 0x00, 0x60, 0x00, 0x00, 0xC0, 0x00,
  0x01, 0x00, 0x00, 0x02, 0x00, 0x00, 0x0C, 0x00, 0x00, 0x10, 0x00, 0x00,
  0x20, 0x00, 0x00, 0xC0, 0x00, 0x01, 0x00, 0x00, 0x06, 0x00, 0x00, 0x0C,
  0x00, 0x00, 0x10, 0x00, 0x00, 0x60, 0x00, 0x01, 0x80, 0x00, 0x02, 0x00,
  0x00, 0x0C, 0x00, 0x00, 0x10, 0x00, 0x00, 0x60, 0x00, 0x01, 0x80, 0x00,
  0x06, 0x00, 0x00, 0x08, 0x00, 0x00, 0x30, 0x00, 0x00, 0xC0, 0x00, 0x03,
  0x00, 0x00, 0x0C, 0x00, 0x00, 0x30, 0x00, 0x00, 0xC0, 0x00, 0x02, 0x00,
  0x00, 0x18, 0x00, 0x00, 0xE0, 0x00, 0x00, 0x00, 0x00, 0x18, 0x00, 0x00,
  0x00, 0x01, 0x80, 0x00, 0x00, 0x00, 0x18, 0x00, 0x00, 0x00, 0x01, 0x00,
  0x00, 0x00, 0x00, 0x10, 0x00, 0x00, 0x00, 0x03, 0x00, 0x00, 0x00, 0x00,
  0x30, 0x00, 0x00, 0x00, 0x03, 0x00, 0x00, 0x00, 0x00, 0x30, 0x00, 0x00,
  0x00, 0x02, 0x00, 0x00, 0x00, 0x00, 0x20, 0x00, 0x00, 0x00, 0x06, 0x00,
  0x00, 0x00, 0x00, 0x60, 0x00, 0x0C, 0x00, 0x06, 0x00, 0x07, 0x78, 0x00,
  0x60, 0x03, 0xE0, 0xF0, 0x04, 0x01, 0xF0, 0x01, 0xE0, 0x41, 0xF0, 0x00,
  0x03, 0xEC, 0xF8, 0x00, 0x00, 0x07, 0xFC, 0x00, 0x00, 0x00, 0x0C, 0x00,
  0x00, 0x00, 0x01, 0xE0, 0x00, 0x00, 0x00, 0x32, 0x00, 0x00, 0x00, 0x06,
  0x30, 0x00, 0x00, 0x00, 0xC1, 0x00, 0x00, 0x00, 0x18, 0x18, 0x00, 0x00,
  0x03, 0x00, 0xC0, 0x00, 0x00, 0x60, 0x0C, 0x00, 0x00, 0x0C, 0x00, 0x60,
  0x00, 0x01, 0x80, 0x02, 0x00, 0x00, 0x18, 0x00, 0x30, 0x00, 0x03, 0x00,
  0x01, 0x00, 0x00, 0x60, 0x00, 0x18, 0x00, 0x0C, 0x00, 0x00, 0x80, 0x01,
  0x80, 0x00, 0x0C, 0x00, 0x30, 0x00, 0x00, 0x60, 0x02, 0x00, 0x00, 0x04,
  0x00, 0x00, 0x00, 0x18, 0x00, 0x00, 0x00, 0x06, 0x00, 0x00, 0x00, 0x01,
  0x00, 0x00, 0x00, 0x00, 0x40, 0x00, 0x00, 0x00, 0x10, 0x00, 0x00, 0x00,
  0x0C, 0x00, 0x00, 0x00, 0x03, 0x00, 0x00, 0x00, 0x00, 0xC0, 0x00, 0x00,
  0x00, 0x20, 0x00, 0x00, 0x00, 0x08, 0x00, 0x00, 0x00, 0x02, 0x00, 0x00,
  0x00, 0x01, 0x80, 0x00, 0x00, 0x00, 0x60, 0x00, 0x00, 0x00, 0x18, 0x00,
  0x00, 0x00, 0x04, 0x00, 0x00, 0x00, 0x01, 0x00, 0x00, 0x00, 0x00, 0x40,
  0x00, 0x3F, 0xFF, 0xFF, 0xFF, 0xF0, 0x00, 0x0C, 0x00, 0x00, 0x00, 0x03,
  0x00, 0x00, 0x00, 0x00, 0x80, 0x00, 0x00, 0x00, 0x20, 0x00, 0x00, 0x00,
  0x08, 0x00, 0x00, 0x00, 0x06, 0x00, 0x00, 0x00, 0x01, 0x80, 0x00, 0x00,
  0x00, 0x60, 0x00, 0x00, 0x00, 0x10, 0x00, 0x00, 0x00, 0x04, 0x00, 0x00,
  0x00, 0x01, 0x00, 0x00, 0x00, 0x00, 0xC0, 0x00, 0x00, 0x00, 0x30, 0x00,
  0x00, 0x00, 0x0C, 0x00, 0x00, 0x00, 0x02, 0x00, 0x00, 0x00, 0x00, 0x80,
  0x00, 0x00, 0x00, 0x60, 0x00, 0x00, 0x01, 0xC0, 0x70, 0x38, 0x0E, 0x07,
  0x01, 0xC0, 0x60, 0x38, 0x0C, 0x03, 0x01, 0x80, 0x60, 0x30, 0x0C, 0x02,
  0x01, 0x80, 0x40, 0x30, 0x00, 0xFF, 0xFF, 0xE0, 0x7B, 0xFE, 0xE0, 0x00,
  0x00, 0x00, 0x00, 0x0C, 0x00, 0x00, 0x00, 0x00, 0x20, 0x00, 0x00, 0x00,
  0x01, 0x80, 0x00, 0x00, 0x00, 0x04, 0x00, 0x00, 0x00, 0x00, 0x30, 0x00,
  0x00, 0x00, 0x01, 0x80, 0x00, 0x00, 0x00, 0x04, 0x00, 0x00, 0x00, 0x00,
  0x30, 0x00, 0x00, 0x00, 0x00, 0x80, 0x00, 0x00, 0x00, 0x06, 0x00, 0x00,
  0x00, 0x00, 0x10, 0x00, 0x00, 0x00, 0x00, 0xC0, 0x00, 0x00, 0x00, 0x02,
  0x00, 0x00, 0x00, 0x00, 0x10, 0x00, 0x00, 0x00, 0x00, 0xC0, 0x00, 0x00,
  0x00, 0x02, 0x00, 0x00, 0x00, 0x00, 0x18, 0x00, 0x00, 0x00, 0x00, 0x40,
  0x00, 0x00, 0x00, 0x03, 0x00, 0x00, 0x00, 0x00, 0x08, 0x00, 0x00, 0x00,
  0x00, 0x40, 0x00, 0x00, 0x00, 0x03, 0x00, 0x00, 0x00, 0x00, 0x08, 0x00,
  0x00, 0x00, 0x00, 0x60, 0x00, 0x00, 0x00, 0x01, 0x00, 0x00, 0x00, 0x00,
  0x0C, 0x00, 0x00, 0x00, 0x00, 0x20, 0x00, 0x00, 0x00, 0x01, 0x00, 0x00,
  0x00, 0x00, 0x0C, 0x00, 0x00, 0x00, 0x00, 0x20, 0x00, 0x00, 0x00, 0x01,
  0x80, 0x00, 0x00, 0x00, 0x04, 0x00, 0x00, 0x00, 0x00, 0x30, 0x00, 0x00,
  0x00, 0x00, 0x80, 0x00, 0x00, 0x00, 0x06, 0x00, 0x00, 0x00, 0x00, 0x30,
  0x00, 0x00, 0x00, 0x00, 0x80, 0x00, 0x00, 0x00, 0x06, 0x00, 0x00, 0x00,
  0x00, 0x10, 0x00, 0x00, 0x00, 0x00, 0xC0, 0x00, 0x00, 0x00, 0x02, 0x00,
  0x00, 0x00, 0x00, 0x18, 0x00, 0x00, 0x00, 0x00, 0x40, 0x00, 0x00, 0x00,
  0x02, 0x00, 0x00, 0x00, 0x00, 0x18, 0x00, 0x00, 0x00, 0x00, 0x40, 0x00,
  0x00, 0x00, 0x03, 0x00, 0x00, 0x00, 0x00, 0x08, 0x00, 0x00, 0x00, 0x00,
  0x60, 0x00, 0x00, 0x00, 0x01, 0x00, 0x00, 0x00, 0x00, 0x08, 0x00, 0x00,
  0x00, 0x00, 0x60, 0x00, 0x00, 0x00, 0x01, 0x00, 0x00, 0x00, 0x00, 0x0C,
  0x00, 0x00, 0x00, 0x00, 0x20, 0x00, 0x00, 0x00, 0x01, 0x80, 0x00, 0x00,
  0x00, 0x04, 0x00, 0x00, 0x00, 0x00, 0x30, 0x00, 0x00, 0x00, 0x01, 0x80,
  0x00, 0x00, 0x00, 0x04, 0x00, 0x00, 0x00, 0x00, 0x30, 0x00, 0x00, 0x00,
  0x00, 0x80, 0x00, 0x00, 0x00, 0x06, 0x00, 0x00, 0x00, 0x00, 0x10, 0x00,
  0x00, 0x00, 0x00, 0xC0, 0x00, 0x00, 0x00, 0x00, 0x00, 0x00, 0x7F, 0x80,
  0x00, 0x00, 0x70, 0x0E, 0x00, 0x00, 0x38, 0x00, 0x30, 0x00, 0x0C, 0x00,
  0x03, 0x00, 0x03, 0x00, 0x00, 0x30, 0x00, 0xC0, 0x00, 0x02, 0x00, 0x30,
  0x00, 0x00, 0x60, 0x0C, 0x00, 0x00, 0x04, 0x01, 0x00, 0x00, 0x00, 0xC0,
  0x60, 0x00, 0x00, 0x18, 0x08, 0x00, 0x00, 0x01, 0x03, 0x00, 0x00, 0x00,
  0x20, 0x40, 0x00, 0x00, 0x04, 0x18, 0x00, 0x00, 0x00, 0x82, 0x00, 0x00,
  0x00, 0x18, 0xC0, 0x00, 0x00, 0x03, 0x18, 0x00, 0x00, 0x00, 0x63, 0x00,
  0x00, 0x00, 0x0C, 0x40, 0x00, 0x00, 0x01, 0x98, 0x00, 0x00, 0x00, 0x33,
  0x00, 0x00, 0x00, 0x04, 0x60, 0x00, 0x00, 0x00, 0x88, 0x00, 0x00, 0x00,
  0x13, 0x00, 0x00, 0x00, 0x02, 0x60, 0x00, 0xE0, 0x00, 0x4C, 0x00, 0x1C,
  0x00, 0x19, 0x80, 0x03, 0x80, 0x03, 0x30, 0x00, 0x70, 0x00, 0x64, 0x00,
  0x00, 0x00, 0x0C, 0x80, 0x00, 0x00, 0x01, 0x10, 0x00, 0x00, 0x00, 0x62,
  0x00, 0x00, 0x00, 0x0C, 0x40, 0x00, 0x00, 0x01, 0x98, 0x00, 0x00, 0x00,
  0x23, 0x00, 0x00, 0x00, 0x04, 0x60, 0x00, 0x00, 0x01, 0x8C, 0x00, 0x00,
  0x00, 0x30, 0x80, 0x00, 0x00, 0x04, 0x10, 0x00, 0x00, 0x01, 0x82, 0x00,
  0x00, 0x00, 0x20, 0x40, 0x00, 0x00, 0x0C, 0x0C, 0x00, 0x00, 0x01, 0x01,
  0x80, 0x00, 0x00, 0x60, 0x30, 0x00, 0x00, 0x08, 0x02, 0x00, 0x00, 0x03,
  0x00, 0x60, 0x00, 0x00, 0xC0, 0x04, 0x00, 0x00, 0x30, 0x00, 0xC0, 0x00,
  0x0C, 0x00, 0x0C, 0x00, 0x03, 0x00, 0x00, 0xC0, 0x01, 0x80, 0x00, 0x07,
  0x00, 0xE0, 0x00, 0x00, 0x1F, 0xE0, 0x00, 0x00, 0x00, 0x00, 0x03, 0x80,
  0x00, 0x00, 0x0F, 0x80, 0x00, 0x00, 0x19, 0x80, 0x00, 0x00, 0x31, 0x80,
  0x00, 0x00, 0xE1, 0x80, 0x00, 0x01, 0x81, 0x00, 0x00, 0x03, 0x01, 0x00,
  0x00, 0x0C, 0x03, 0x00, 0x00, 0x18, 0x03, 0x00, 0x00, 0x30, 0x03, 0x00,
  0x00, 0xC0, 0x03, 0x00, 0x01, 0x80, 0x02, 0x00, 0x07, 0x00, 0x02, 0x00,
  0x04, 0x00, 0x06, 0x00, 0x00, 0x00, 0x06, 0x00, 0x00, 0x00, 0x06, 0x00,
  0x00, 0x00, 0x06, 0x00, 0x00, 0x00, 0x04, 0x00, 0x00, 0x00, 0x04, 0x00,
  0x00, 0x00, 0x0C, 0x00, 0x00, 0x00, 0x0C, 0x00, 0x00, 0x00, 0x0C, 0x00,
  0x00, 0x00, 0x0C, 0x00, 0x00, 0x00, 0x08, 0x00, 0x00, 0x00, 0x08, 0x00,
  0x00, 0x00, 0x18, 0x00, 0x00, 0x00, 0x18, 0x00, 0x00, 0x00, 0x18, 0x00,
  0x00, 0x00, 0x18, 0x00, 0x00, 0x00, 0x10, 0x00, 0x00, 0x00, 0x10, 0x00,
  0x00, 0x00, 0x30, 0x00, 0x00, 0x00, 0x30, 0x00, 0x00, 0x00, 0x30, 0x00,
  0x00, 0x00, 0x30, 0x00, 0x00, 0x00, 0x20, 0x00, 0x00, 0x00, 0x20, 0x00,
  0x00, 0x00, 0x60, 0x00, 0x00, 0x00, 0x60, 0x00, 0x00, 0x00, 0x60, 0x00,
  0x00, 0x00, 0x60, 0x00, 0x00, 0x00, 0x40, 0x00, 0x00, 0x00, 0x40, 0x00,
  0x00, 0x00, 0xC0, 0x00, 0x00, 0x00, 0xC0, 0x00, 0x00, 0x00, 0xC0, 0x00,
  0x00, 0x00, 0xC0, 0x00, 0x00, 0x00, 0x80, 0x00, 0x00, 0x00, 0x80, 0x00,
  0xFF, 0xFF, 0xFF, 0xFF, 0x00, 0x00, 0x3F, 0xE0, 0x00, 0x00, 0x38, 0x03,
  0x80, 0x00, 0x18, 0x00, 0x18, 0x00, 0x06, 0x00, 0x00, 0x80, 0x01, 0x80,
  0x00, 0x08, 0x00, 0x60, 0x00, 0x01, 0x80, 0x18, 0x00, 0x00, 0x10, 0x06,
  0x00, 0x00, 0x03, 0x00, 0xC0, 0x00, 0x00, 0x60, 0x30, 0x00, 0x00, 0x04,
  0x06, 0x00, 0x00, 0x00, 0x80, 0x00, 0x00, 0x00, 0x10, 0x00, 0x00, 0x00,
  0x02, 0x00, 0x00, 0x00, 0x00, 0x40, 0x00, 0x00, 0x00, 0x18, 0x00, 0x00,
  0x00, 0x03, 0x00, 0x00, 0x00, 0x00, 0x60, 0x00, 0x00, 0x00, 0x08, 0x00,
  0x00, 0x00, 0x03, 0x00, 0x00, 0x00, 0x00, 0x60, 0x00, 0x00, 0x00, 0x08,
  0x00, 0x00, 0x00, 0x02, 0x00, 0x00, 0x00, 0x00, 0xC0, 0x00, 0x00, 0x00,
  0x30, 0x00, 0x00, 0x00, 0x04, 0x00, 0x00, 0x00, 0x01, 0x00, 0x00, 0x00,
  0x00, 0x40, 0x00, 0x00, 0x00, 0x10, 0x00, 0x00, 0x00, 0x04, 0x00, 0x00,
  0x00, 0x01, 0x00, 0x00, 0x00, 0x00, 0xC0, 0x00, 0x00, 0x00, 0x30, 0x00,
  0x00, 0x00, 0x0C, 0x00, 0x00, 0x00, 0x03, 0x00, 0x00, 0x00, 0x00, 0xC0,
  0x00, 0x00, 0x00, 0x30, 0x00, 0x00, 0x00, 0x18, 0x00, 0x00, 0x00, 0x06,
  0x00, 0x00, 0x00, 0x01, 0x80, 0x00, 0x00, 0x00, 0x60, 0x00, 0x00, 0x00,
  0x18, 0x00, 0x00, 0x00, 0x06, 0x00, 0x00, 0x00, 0x03, 0x80, 0x00, 0x00,
  0x00, 0xE0, 0x00, 0x00, 0x00, 0x30, 0x00, 0x00, 0x00, 0x0C, 0x00, 0x00,
  0x00, 0x03, 0x00, 0x00, 0x00, 0x00, 0xC0, 0x00, 0x00, 0x00, 0x70, 0x00,
  0x00, 0x00, 0x1C, 0x00, 0x00, 0x00, 0x03, 0xFF, 0xFF, 0xFF, 0xFC, 0x00,
  0x00, 0x00, 0x7F, 0xC0, 0x00, 0x00, 0x70, 0x07, 0x00, 0x00, 0x30, 0x00,
  0x18, 0x00, 0x0C, 0x00, 0x01, 0x80, 0x02, 0x00, 0x00, 0x18, 0x00, 0xC0,
  0x00, 0x01, 0x00, 0x30, 0x00, 0x00, 0x30, 0x04, 0x00, 0x00, 0x02, 0x00,
  0x00, 0x00, 0x00, 0x60, 0x00, 0x00, 0x00, 0x0C, 0x00, 0x00, 0x00, 0x01,
  0x80, 0x00, 0x00, 0x00, 0x30, 0x00, 0x00, 0x00, 0x06, 0x00, 0x00, 0x00,
  0x00, 0xC0, 0x00, 0x00, 0x00, 0x18, 0x00, 0x00, 0x00, 0x02, 0x00, 0x00,
  0x00, 0x00, 0xC0, 0x00, 0x00, 0x00, 0x18, 0x00, 0x00, 0x00, 0x06, 0x00,
  0x00, 0x00, 0x00, 0x80, 0x00, 0x00, 0x00, 0x30, 0x00, 0x00, 0x00, 0x18,
  0x00, 0x00, 0x00, 0x06, 0x00, 0x00, 0x00, 0x0F, 0x00, 0x00, 0x0F, 0xFE,
  0x00, 0x00, 0x00, 0x00, 0x38, 0x00, 0x00, 0x00, 0x01, 0xC0, 0x00, 0x00,
  0x00, 0x0C, 0x00, 0x00, 0x00, 0x00, 0xC0, 0x00, 0x00, 0x00, 0x08, 0x00,
  0x00, 0x00, 0x01, 0x80, 0x00, 0x00, 0x00, 0x10, 0x00, 0x00, 0x00, 0x03,
  0x00, 0x00, 0x00, 0x00, 0x60, 0x00, 0x00, 0x00, 0x0C, 0x00, 0x00, 0x00,
  0x01, 0x80, 0x00, 0x00, 0x00, 0x30, 0x00, 0x00, 0x00, 0x06, 0x00, 0x00,
  0x00, 0x00, 0xC0, 0x00, 0x00, 0x00, 0x18, 0x00, 0x00, 0x00, 0x02, 0x00,
  0x00, 0x00, 0x00, 0xC0, 0x00, 0x00, 0x00, 0x18, 0x00, 0x00, 0x00, 0x02,
  0x04, 0x00, 0x00, 0x00, 0xC1, 0xC0, 0x00, 0x00, 0x10, 0x18, 0x00, 0x00,
  0x06, 0x01, 0x80, 0x00, 0x01, 0x80, 0x18, 0x00, 0x00, 0x60, 0x01, 0xC0,
  0x00, 0x30, 0x00, 0x0F, 0x00, 0x38, 0x00, 0x00, 0x1F, 0xF8, 0x00, 0x00,
  0x00, 0x00, 0x00, 0x00, 0xE0, 0x00, 0x00, 0x00, 0x0E, 0x00, 0x00, 0x00,
  0x00, 0xD0, 0x00, 0x00, 0x00, 0x05, 0x80, 0x00, 0x00, 0x00, 0x4C, 0x00,
  0x00, 0x00, 0x06, 0x60, 0x00, 0x00, 0x00, 0x62, 0x00, 0x00, 0x00, 0x06,
  0x10, 0x00, 0x00, 0x00, 0x60, 0x80, 0x00, 0x00, 0x06, 0x0C, 0x00, 0x00,
  0x00, 0x20, 0x60, 0x00, 0x00, 0x03, 0x03, 0x00, 0x00, 0x00, 0x30, 0x10,
  0x00, 0x00, 0x03, 0x00, 0x80, 0x00, 0x00, 0x30, 0x04, 0x00, 0x00, 0x03,
  0x00, 0x60, 0x00, 0x00, 0x30, 0x03, 0x00, 0x00, 0x01, 0x00, 0x18, 0x00,
  0x00, 0x18, 0x00, 0x80, 0x00, 0x01, 0x80, 0x04, 0x00, 0x00, 0x18, 0x00,
  0x20, 0x00, 0x01, 0x80, 0x03, 0x00, 0x00, 0x18, 0x00, 0x18, 0x00, 0x01,
  0x80, 0x00, 0xC0, 0x00, 0x0C, 0x00, 0x04, 0x00, 0x00, 0xC0, 0x00, 0x20,
  0x00, 0x0C, 0x00, 0x01, 0x00, 0x00, 0xC0, 0x00, 0x18, 0x00, 0x0C, 0x00,
  0x00, 0xC0, 0x00, 0xC0, 0x00, 0x06, 0x00, 0x0E, 0x00, 0x00, 0x20, 0x00,
  0x60, 0x00, 0x01, 0x00, 0x06, 0x00, 0x00, 0x08, 0x00, 0x60, 0x00, 0x00,
  0xC0, 0x06, 0x00, 0x00, 0x06, 0x00, 0x60, 0x00, 0x00, 0x30, 0x06, 0x00,
  0x00, 0x01, 0x80, 0x70, 0x00, 0x00, 0x08, 0x03, 0xFF, 0xFF, 0xFF, 0xFF,
  0xE0, 0x00, 0x00, 0x06, 0x00, 0x00, 0x00, 0x00, 0x30, 0x00, 0x00, 0x00,
  0x01, 0x80, 0x00, 0x00, 0x00, 0x08, 0x00, 0x00, 0x00, 0x00, 0x40, 0x00,
  0x00, 0x00, 0x02, 0x00, 0x00, 0x00, 0x00, 0x30, 0x00, 0x00, 0x00, 0x01,
  0x80, 0x00, 0x00, 0x00, 0x0C, 0x00, 0x00, 0x00, 0x00, 0x40, 0x00, 0x00,
  0x00, 0x02, 0x00, 0x00, 0x00, 0x1F, 0xFF, 0xFF, 0xF0, 0x01, 0x00, 0x00,
  0x00, 0x00, 0x10, 0x00, 0x00, 0x00, 0x03, 0x00, 0x00, 0x00, 0x00, 0x30,
  0x00, 0x00, 0x00, 0x02, 0x00, 0x00, 0x00, 0x00, 0x20, 0x00, 0x00, 0x00,
  0x06, 0x00, 0x00, 0x00, 0x00, 0x60, 0x00, 0x00, 0x00, 0x04, 0x00, 0x00,
  0x00, 0x00, 0x40, 0x00, 0x00, 0x00, 0x04, 0x00, 0x00, 0x00, 0x00, 0xC0,
  0x00, 0x00, 0x00, 0x0C, 0x00, 0x00, 0x00, 0x00, 0x80, 0x00, 0x00, 0x00,
  0x08, 0x00, 0x00, 0x00, 0x01, 0x80, 0x00, 0x00, 0x00, 0x18, 0x00, 0x00,
  0x00, 0x01, 0x00, 0x00, 0x00, 0x00, 0x10, 0x00, 0x00, 0x00, 0x03, 0x00,
  0x00, 0x00, 0x00, 0x30, 0x3F, 0xE0, 0x00, 0x02, 0x1C, 0x01, 0xC0, 0x00,
  0x22, 0x00, 0x07, 0x00, 0x06, 0xC0, 0x00, 0x18, 0x00, 0x70, 0x00, 0x00,
  0xC0, 0x06, 0x00, 0x00, 0x04, 0x00, 0x00, 0x00, 0x00, 0x60, 0x00, 0x00,
  0x00, 0x02, 0x00, 0x00, 0x00, 0x00, 0x20, 0x00, 0x00, 0x00, 0x03, 0x00,
  0x00, 0x00, 0x00, 0x30, 0x00, 0x00, 0x00, 0x03, 0x00, 0x00, 0x00, 0x00,
  0x30, 0x00, 0x00, 0x00, 0x03, 0x00, 0x00, 0x00, 0x00, 0x30, 0x00, 0x00,
  0x00, 0x03, 0x00, 0x00, 0x00, 0x00, 0x30, 0x00, 0x00, 0x00, 0x02, 0x00,
  0x00, 0x00, 0x00, 0x60, 0x00, 0x00, 0x00, 0x06, 0x00, 0x00, 0x00, 0x00,
  0x40, 0x00, 0x00, 0x00, 0x0C, 0x04, 0x00, 0x00, 0x00, 0x80, 0xC0, 0x00,
  0x00, 0x18, 0x06, 0x00, 0x00, 0x03, 0x00, 0x30, 0x00, 0x00, 0x60, 0x01,
  0x80, 0x00, 0x0C, 0x00, 0x0E, 0x00, 0x03, 0x80, 0x00, 0x3C, 0x01, 0xE0,
  0x00, 0x00, 0x3F, 0xF0, 0x00, 0x00, 0x00, 0x00, 0x00, 0x70, 0x00, 0x00,
  0x03, 0x00, 0x00, 0x00, 0x0C, 0x00, 0x00, 0x00, 0x60, 0x00, 0x00, 0x01,
  0x80, 0x00, 0x00, 0x0C, 0x00, 0x00, 0x00, 0x30, 0x00, 0x00, 0x00, 0xC0,
  0x00, 0x00, 0x03, 0x00, 0x00, 0x00, 0x0C, 0x00, 0x00, 0x00, 0x30, 0x00,
  0x00, 0x00, 0xC0, 0x00, 0x00, 0x03, 0x00, 0x00, 0x00, 0x0C, 0x00, 0x00,
  0x00, 0x30, 0x00, 0x00, 0x00, 0x40, 0x00, 0x00, 0x01, 0x00, 0x00, 0x00,
  0x06, 0x00, 0x00, 0x00, 0x08, 0x00, 0x00, 0x00, 0x20, 0x00, 0x00, 0x00,
  0xC0, 0x7F, 0xC0, 0x01, 0x07, 0x00, 0xE0, 0x06, 0x30, 0x00, 0x30, 0x09,
  0x80, 0x00, 0x30, 0x36, 0x00, 0x00, 0x30, 0x58, 0x00, 0x00, 0x30, 0xA0,
  0x00, 0x00, 0x23, 0x80, 0x00, 0x00, 0x67, 0x00, 0x00, 0x00, 0x4C, 0x00,
  0x00, 0x00, 0x98, 0x00, 0x00, 0x01, 0xE0, 0x00, 0x00, 0x03, 0xC0, 0x00,
  0x00, 0x07, 0x80, 0x00, 0x00, 0x0F, 0x00, 0x00, 0x00, 0x1E, 0x00, 0x00,
  0x00, 0x38, 0x00, 0x00, 0x00, 0x50, 0x00, 0x00, 0x00, 0xA0, 0x00, 0x00,
  0x03, 0x40, 0x00, 0x00, 0x06, 0x80, 0x00, 0x00, 0x09, 0x80, 0x00, 0x00,
  0x33, 0x00, 0x00, 0x00, 0x42, 0x00, 0x00, 0x01, 0x86, 0x00, 0x00, 0x06,
  0x04, 0x00, 0x00, 0x08, 0x0C, 0x00, 0x00, 0x60, 0x0C, 0x00, 0x01, 0x80,
  0x0E, 0x00, 0x0E, 0x00, 0x07, 0x00, 0xF0, 0x00, 0x01, 0xFF, 0x00, 0x00,
  0x3F, 0xFF, 0xFF, 0xFF, 0x90, 0x00, 0x00, 0x00, 0xD8, 0x00, 0x00, 0x00,
  0xCC, 0x00, 0x00, 0x00, 0x66, 0x00, 0x00, 0x00, 0x62, 0x00, 0x00, 0x00,
  0x61, 0x00, 0x00, 0x00, 0x30, 0x80, 0x00, 0x00, 0x30, 0xC0, 0x00, 0x00,
  0x18, 0x60, 0x00, 0x00, 0x18, 0x30, 0x00, 0x00, 0x18, 0x10, 0x00, 0x00,
  0x0C, 0x08, 0x00, 0x00, 0x0C, 0x00, 0x00, 0x00, 0x06, 0x00, 0x00, 0x00,
  0x06, 0x00, 0x00, 0x00, 0x06, 0x00, 0x00, 0x00, 0x03, 0x00, 0x00, 0x00,
  0x03, 0x00, 0x00, 0x00, 0x01, 0x00, 0x00, 0x00, 0x01, 0x80, 0x00, 0x00,
  0x01, 0x80, 0x00, 0x00, 0x00, 0xC0, 0x00, 0x00, 0x00, 0xC0, 0x00, 0x00,
  0x00, 0xC0, 0x00, 0x00, 0x00, 0x60, 0x00, 0x00, 0x00, 0x60, 0x00, 0x00,
  0x00, 0x30, 0x00, 0x00, 0x00, 0x30, 0x00, 0x00, 0x00, 0x30, 0x00, 0x00,
  0x00, 0x18, 0x00, 0x00, 0x00, 0x18, 0x00, 0x00, 0x00, 0x08, 0x00, 0x00,
  0x00, 0x0C, 0x00, 0x00, 0x00, 0x0C, 0x00, 0x00, 0x00, 0x06, 0x00, 0x00,
  0x00, 0x06, 0x00, 0x00, 0x00, 0x02, 0x00, 0x00, 0x00, 0x03, 0x00, 0x00,
  0x00, 0x03, 0x00, 0x00, 0x00, 0x01, 0x80, 0x00, 0x00, 0x01, 0x80, 0x00,
  0x00, 0x00, 0x80, 0x00, 0x00, 0x00, 0xC0, 0x00, 0x00, 0x00, 0xC0, 0x00,
  0x00, 0x00, 0x40, 0x00, 0x00, 0x00, 0x60, 0x00, 0x00, 0x00, 0x60, 0x00,
  0x00, 0x00, 0x30, 0x00, 0x00, 0x00, 0x30, 0x00, 0x00, 0x00, 0x30, 0x00,
  0x00, 0x00, 0x00, 0x00, 0x00, 0x3F, 0xE0, 0x00, 0x00, 0x1C, 0x01, 0xC0,
  0x00, 0x06, 0x00, 0x03, 0x00, 0x01, 0x80, 0x00, 0x18, 0x00, 0x30, 0x00,
  0x00, 0xC0, 0x06, 0x00, 0x00, 0x04, 0x00, 0xC0, 0x00, 0x00, 0x60, 0x08,
  0x00, 0x00, 0x02, 0x01, 0x80, 0x00, 0x00, 0x30, 0x18, 0x00, 0x00, 0x03,
  0x01, 0x00, 0x00, 0x00, 0x30, 0x30, 0x00, 0x00, 0x03, 0x03, 0x00, 0x00,
  0x00, 0x30, 0x30, 0x00, 0x00, 0x03, 0x03, 0x00, 0x00, 0x00, 0x20, 0x30,
  0x00, 0x00, 0x06, 0x03, 0x00, 0x00, 0x00, 0x60, 0x10, 0x00, 0x00, 0x04,
  0x01, 0x80, 0x00, 0x00, 0xC0, 0x18, 0x00, 0x00, 0x18, 0x00, 0xC0, 0x00,
  0x03, 0x00, 0x06, 0x00, 0x00, 0x60, 0x00, 0x30, 0x00, 0x1C, 0x00, 0x00,
  0xE0, 0x0F, 0x00, 0x00, 0x03, 0xFF, 0x00, 0x00, 0x03, 0xC0, 0x1E, 0x00,
  0x00, 0xE0, 0x00, 0x38, 0x00, 0x38, 0x00, 0x00, 0xC0, 0x06, 0x00, 0x00,
  0x06, 0x00, 0xC0, 0x00, 0x00, 0x30, 0x18, 0x00, 0x00, 0x03, 0x03, 0x00,
  0x00, 0x00, 0x18, 0x30, 0x00, 0x00, 0x01, 0x86, 0x00, 0x00, 0x00, 0x18,
  0x60, 0x00, 0x00, 0x00, 0x86, 0x00, 0x00, 0x00, 0x08, 0x40, 0x00, 0x00,
  0x00, 0x8C, 0x00, 0x00, 0x00, 0x08, 0xC0, 0x00, 0x00, 0x01, 0x8C, 0x00,
  0x00, 0x00, 0x18, 0xC0, 0x00, 0x00, 0x01, 0x8C, 0x00, 0x00, 0x00, 0x10,
  0x40, 0x00, 0x00, 0x03, 0x04, 0x00, 0x00, 0x00, 0x30, 0x60, 0x00, 0x00,
  0x06, 0x02, 0x00, 0x00, 0x00, 0xC0, 0x30, 0x00, 0x00, 0x18, 0x01, 0x80,
  0x00, 0x03, 0x00, 0x0C, 0x00, 0x00, 0x60, 0x00, 0x70, 0x00, 0x1C, 0x00,
  0x01, 0xC0, 0x0E, 0x00, 0x00, 0x03, 0xFF, 0x00, 0x00, 0x00, 0x07, 0xFC,
  0x00, 0x00, 0x70, 0x0E, 0x00, 0x03, 0x00, 0x03, 0x00, 0x18, 0x00, 0x03,
  0x00, 0x60, 0x00, 0x03, 0x01, 0x80, 0x00, 0x03, 0x06, 0x00, 0x00, 0x02,
  0x08, 0x00, 0x00, 0x06, 0x20, 0x00, 0x00, 0x04, 0xC0, 0x00, 0x00, 0x09,
  0x00, 0x00, 0x00, 0x12, 0x00, 0x00, 0x00, 0x3C, 0x00, 0x00, 0x00, 0x78,
  0x00, 0x00, 0x00, 0xE0, 0x00, 0x00, 0x01, 0xC0, 0x00, 0x00, 0x03, 0x80,
  0x00, 0x00, 0x05, 0x00, 0x00, 0x00, 0x1A, 0x00, 0x00, 0x00, 0x34, 0x00,
  0x00, 0x00, 0x68, 0x00, 0x00, 0x01, 0xD8, 0x00, 0x00, 0x03, 0xB0, 0x00,
  0x00, 0x0E, 0x20, 0x00, 0x00, 0x34, 0x60, 0x00, 0x00, 0x58, 0x60, 0x00,
  0x03, 0x20, 0x60, 0x00, 0x0C, 0xC0, 0x60, 0x00, 0x71, 0x80, 0x38, 0x07,
  0x86, 0x00, 0x0F, 0xF8, 0x0C, 0x00, 0x00, 0x00, 0x30, 0x00, 0x00, 0x00,
  0x40, 0x00, 0x00, 0x01, 0x80, 0x00, 0x00, 0x02, 0x00, 0x00, 0x00, 0x0C,
  0x00, 0x00, 0x00, 0x30, 0x00, 0x00, 0x00, 0xC0, 0x00, 0x00, 0x03, 0x00,
  0x00, 0x00, 0x04, 0x00, 0x00, 0x00, 0x18, 0x00, 0x00, 0x00, 0x60, 0x00,
  0x00, 0x01, 0x80, 0x00, 0x00, 0x0E, 0x00, 0x00, 0x00, 0x30, 0x00, 0x00,
  0x00, 0xC0, 0x00, 0x00, 0x03, 0x00, 0x00, 0x00, 0x1C, 0x00, 0x00, 0x00,
  0x60, 0x00, 0x00, 0x03, 0x80, 0x00, 0x00, 0x0C, 0x00, 0x00, 0x00, 0xF0,
  0x00, 0x00, 0x00, 0x01, 0xC0, 0x7C, 0x0F, 0x81, 0xE0, 0x00, 0x00, 0x00,
  0x00, 0x00, 0x00, 0x00, 0x00, 0x00, 0x00, 0x00, 0x00, 0x00, 0x00, 0x00,
  0x00, 0x00, 0x00, 0x00, 0x00, 0x00, 0x00, 0x00, 0x00, 0x00, 0x00, 0x00,
  0x00, 0x00, 0x00, 0x00, 0x00, 0x00, 0x00, 0x00, 0x00, 0x00, 0x00, 0x00,
  0x0F, 0x01, 0xE0, 0x7C, 0x07, 0x00, 0x00, 0x0E, 0x00, 0x1F, 0x00, 0x1F,
  0x00, 0x1E, 0x00, 0x00, 0x00, 0x00, 0x00, 0x00, 0x00, 0x00, 0x00, 0x00,
  0x00, 0x00, 0x00, 0x00, 0x00, 0x00, 0x00, 0x00, 0x00, 0x00, 0x00, 0x00,
  0x00, 0x00, 0x00, 0x00, 0x00, 0x00, 0x00, 0x00, 0x00, 0x00, 0x00, 0x00,
  0x00, 0x00, 0x00, 0x00, 0x00, 0x00, 0x00, 0x00, 0x00, 0x00, 0x00, 0x00,
  0x00, 0x00, 0x00, 0x00, 0x00, 0x00, 0x00, 0x00, 0x01, 0xC0, 0x01, 0xC0,
  0x03, 0x80, 0x03, 0x80, 0x07, 0x00, 0x07, 0x00, 0x06, 0x00, 0x0E, 0x00,
  0x0C, 0x00, 0x0C, 0x00, 0x18, 0x00, 0x18, 0x00, 0x30, 0x00, 0x30, 0x00,
  0x20, 0x00, 0x60, 0x00, 0x40, 0x00, 0xC0, 0x00, 0x00, 0x00, 0x00, 0x00,
  0x40, 0x00, 0x00, 0x00, 0x70, 0x00, 0x00, 0x00, 0x70, 0x00, 0x00, 0x00,
  0x70, 0x00, 0x00, 0x00, 0x70, 0x00, 0x00, 0x00, 0x38, 0x00, 0x00, 0x00,
  0x38, 0x00, 0x00, 0x00, 0x38, 0x00, 0x00, 0x00, 0x38, 0x00, 0x00, 0x00,
  0x38, 0x00, 0x00, 0x00, 0x38, 0x00, 0x00, 0x00, 0x38, 0x00, 0x00, 0x00,
  0x1C, 0x00, 0x00, 0x00, 0x1C, 0x00, 0x00, 0x00, 0x1C, 0x00, 0x00, 0x00,
  0x1C, 0x00, 0x00, 0x00, 0x1C, 0x00, 0x00, 0x00, 0x1C, 0x00, 0x00, 0x00,
  0x0C, 0x00, 0x00, 0x00, 0x03, 0x00, 0x00, 0x00, 0x00, 0x60, 0x00, 0x00,
  0x00, 0x0E, 0x00, 0x00, 0x00, 0x00, 0xC0, 0x00, 0x00, 0x00, 0x1C, 0x00,
  0x00, 0x00, 0x01, 0xC0, 0x00, 0x00, 0x00, 0x38, 0x00, 0x00, 0x00, 0x03,
  0x80, 0x00, 0x00, 0x00, 0x70, 0x00, 0x00, 0x00, 0x07, 0x00, 0x00, 0x00,
  0x00, 0xE0, 0x00, 0x00, 0x00, 0x0E, 0x00, 0x00, 0x00, 0x00, 0xC0, 0x00,
  0x00, 0x00, 0x1C, 0x00, 0x00, 0x00, 0x01, 0x80, 0x00, 0x00, 0x00, 0x38,
  0x00, 0x00, 0x00, 0x03, 0x00, 0x00, 0x00, 0x00, 0x70, 0x00, 0x00, 0x00,
  0x04, 0x00, 0x3F, 0xFF, 0xFF, 0xFF, 0xF8, 0x00, 0x00, 0x00, 0x00, 0x00,
  0x00, 0x00, 0x00, 0x00, 0x00, 0x00, 0x00, 0x00, 0x00, 0x00, 0x00, 0x00,
  0x00, 0x00, 0x00, 0x00, 0x00, 0x00, 0x00, 0x00, 0x00, 0x00, 0x00, 0x00,
  0x00, 0x00, 0x00, 0x00, 0x00, 0x00, 0x00, 0x00, 0x00, 0x00, 0x00, 0x00,
  0x00, 0x00, 0x00, 0x00, 0x00, 0x00, 0x00, 0x00, 0x00, 0x00, 0x00, 0x00,
  0x00, 0x00, 0x7F, 0xFF, 0xFF, 0xFF, 0xE0, 0x01, 0x00, 0x00, 0x00, 0x00,
  0x30, 0x00, 0x00, 0x00, 0x03, 0x80, 0x00, 0x00, 0x00, 0x18, 0x00, 0x00,
  0x00, 0x01, 0xC0, 0x00, 0x00, 0x00, 0x0C, 0x00, 0x00, 0x00, 0x00, 0xE0,
  0x00, 0x00, 0x00, 0x06, 0x00, 0x00, 0x00, 0x00, 0x70, 0x00, 0x00, 0x00,
  0x03, 0x00, 0x00, 0x00, 0x00, 0x38, 0x00, 0x00, 0x00, 0x01, 0x80, 0x00,
  0x00, 0x00, 0x1C, 0x00, 0x00, 0x00, 0x00, 0xC0, 0x00, 0x00, 0x00, 0x0E,
  0x00, 0x00, 0x00, 0x00, 0x60, 0x00, 0x00, 0x00, 0x07, 0x00, 0x00, 0x00,
  0x00, 0x30, 0x00, 0x00, 0x00, 0x03, 0x80, 0x00, 0x00, 0x00, 0x70, 0x00,
  0x00, 0x00, 0x38, 0x00, 0x00, 0x00, 0x1C, 0x00, 0x00, 0x00, 0x0E, 0x00,
  0x00, 0x00, 0x07, 0x00, 0x00, 0x00, 0x01, 0xC0, 0x00, 0x00, 0x00, 0xE0,
  0x00, 0x00, 0x00, 0x70, 0x00, 0x00, 0x00, 0x38, 0x00, 0x00, 0x00, 0x1C,
  0x00, 0x00, 0x00, 0x0E, 0x00, 0x00, 0x00, 0x07, 0x00, 0x00, 0x00, 0x01,
  0xC0, 0x00, 0x00, 0x00, 0xE0, 0x00, 0x00, 0x00, 0x70, 0x00, 0x00, 0x00,
  0x38, 0x00, 0x00, 0x00, 0x1C, 0x00, 0x00, 0x00, 0x06, 0x00, 0x00, 0x00,
  0x01, 0x00, 0x00, 0x00, 0x00, 0x00, 0x00, 0x1F, 0xF0, 0x00, 0x0E, 0x00,
  0xE0, 0x03, 0x00, 0x03, 0x00, 0x60, 0x00, 0x08, 0x0C, 0x00, 0x00, 0x41,
  0x80, 0x00, 0x06, 0x30, 0x00, 0x00, 0x26, 0x00, 0x00, 0x03, 0x40, 0x00,
  0x00, 0x3C, 0x00, 0x00, 0x01, 0x80, 0x00, 0x00, 0x10, 0x00, 0x00, 0x01,
  0x00, 0x00, 0x00, 0x30, 0x00, 0x00, 0x03, 0x00, 0x00, 0x00, 0x30, 0x00,
  0x00, 0x03, 0x00, 0x00, 0x00, 0x20, 0x00, 0x00, 0x06, 0x00, 0x00, 0x00,
  0x60, 0x00, 0x00, 0x0C, 0x00, 0x00, 0x01, 0x80, 0x00, 0x00, 0x30, 0x00,
  0x00, 0x06, 0x00, 0x00, 0x01, 0xC0, 0x00, 0x00, 0xF0, 0x00, 0x03, 0xFC,
  0x00, 0x00, 0x7C, 0x00, 0x00, 0x06, 0x00, 0x00, 0x00, 0x60, 0x00, 0x00,
  0x04, 0x00, 0x00, 0x00, 0x40, 0x00, 0x00, 0x0C, 0x00, 0x00, 0x00, 0xC0,
  0x00, 0x00, 0x0C, 0x00, 0x00, 0x00, 0x80, 0x00, 0x00, 0x08, 0x00, 0x00,
  0x00, 0x80, 0x00, 0x00, 0x18, 0x00, 0x00, 0x00, 0x00, 0x00, 0x00, 0x00,
  0x00, 0x00, 0x00, 0x00, 0x00, 0x00, 0x00, 0x00, 0x00, 0x00, 0x00, 0x00,
  0x00, 0x00, 0x00, 0x00, 0x00, 0x00, 0x00, 0x00, 0x00, 0x00, 0x00, 0x00,
  0x00, 0x00, 0x00, 0x70, 0x00, 0x00, 0x0F, 0x80, 0x00, 0x00, 0xF8, 0x00,
  0x00, 0x0F, 0x00, 0x00, 0x00, 0x00, 0x00, 0x7F, 0x80, 0x00, 0x01, 0xC0,
  0x38, 0x00, 0x01, 0x80, 0x06, 0x00, 0x03, 0x00, 0x00, 0x80, 0x03, 0x00,
  0x00, 0x60, 0x03, 0x00, 0x00, 0x10, 0x01, 0x00, 0x00, 0x0C, 0x01, 0x80,
  0x00, 0x02, 0x01, 0x80, 0x00, 0x01, 0x00, 0x80, 0x00, 0x00, 0x80, 0xC0,
  0x00, 0x00, 0x40, 0x40, 0x00, 0x00, 0x30, 0x20, 0x00, 0x00, 0x18, 0x30,
  0x00, 0x00, 0x08, 0x10, 0x00, 0x00, 0x04, 0x08, 0x00, 0x3F, 0x82, 0x0C,
  0x00, 0x60, 0x61, 0x04, 0x00, 0x40, 0x0C, 0x82, 0x00, 0x40, 0x02, 0xC3,
  0x00, 0x40, 0x00, 0xE1, 0x80, 0x60, 0x00, 0x70, 0x80, 0x20, 0x00, 0x30,
  0x40, 0x30, 0x00, 0x18, 0x60, 0x10, 0x00, 0x0C, 0x30, 0x08, 0x00, 0x06,
  0x18, 0x0C, 0x00, 0x03, 0x08, 0x06, 0x00, 0x01, 0x84, 0x03, 0x00, 0x00,
  0x86, 0x01, 0x00, 0x00, 0x43, 0x00, 0x80, 0x00, 0x21, 0x80, 0xC0, 0x00,
  0x30, 0xC0, 0x60, 0x00, 0x18, 0x40, 0x30, 0x00, 0x0C, 0x20, 0x18, 0x00,
  0x04, 0x10, 0x0C, 0x00, 0x02, 0x18, 0x06, 0x00, 0x03, 0x0C, 0x03, 0x00,
  0x01, 0x86, 0x01, 0x80, 0x01, 0xC3, 0x00, 0x40, 0x00, 0xE1, 0x80, 0x20,
  0x00, 0xA0, 0x80, 0x18, 0x00, 0xD0, 0x40, 0x04, 0x00, 0xC8, 0x20, 0x03,
  0x00, 0xCC, 0x10, 0x00, 0x71, 0xC6, 0x08, 0x00, 0x0F, 0x00, 0x04, 0x00,
  0x00, 0x00, 0x02, 0x00, 0x00, 0x00, 0x01, 0x80, 0x00, 0x00, 0x00, 0xC0,
  0x00, 0x00, 0x00, 0x20, 0x00, 0x00, 0x00, 0x10, 0x00, 0x00, 0x00, 0x0C,
  0x00, 0x00, 0x00, 0x02, 0x00, 0x00, 0x00, 0x01, 0x80, 0x00, 0x00, 0x00,
  0x40, 0x00, 0x00, 0x00, 0x10, 0x00, 0x00, 0x00, 0x06, 0x00, 0x00, 0x00,
  0x01, 0xC0, 0x00, 0x00, 0x00, 0x1F, 0xFF, 0xC0, 0x00, 0x00, 0x00, 0x00,
  0x60, 0x00, 0x00, 0x00, 0x1C, 0x00, 0x00, 0x00, 0x02, 0x80, 0x00, 0x00,
  0x00, 0xD8, 0x00, 0x00, 0x00, 0x13, 0x00, 0x00, 0x00, 0x06, 0x60, 0x00,
  0x00, 0x01, 0x8C, 0x00, 0x00, 0x00, 0x30, 0x80, 0x00, 0x00, 0x0C, 0x10,
  0x00, 0x00, 0x01, 0x83, 0x00, 0x00, 0x00, 0x60, 0x60, 0x00, 0x00, 0x0C,
  0x0C, 0x00, 0x00, 0x03, 0x01, 0x80, 0x00, 0x00, 0x60, 0x10, 0x00, 0x00,
  0x18, 0x02, 0x00, 0x00, 0x03, 0x00, 0x60, 0x00, 0x00, 0xC0, 0x0C, 0x00,
  0x00, 0x18, 0x01, 0x80, 0x00, 0x06, 0x00, 0x30, 0x00, 0x00, 0xC0, 0x02,
  0x00, 0x00, 0x30, 0x00, 0x40, 0x00, 0x06, 0x00, 0x0C, 0x00, 0x01, 0x80,
  0x01, 0x80, 0x00, 0x30, 0x00, 0x30, 0x00, 0x0C, 0x00, 0x06, 0x00, 0x01,
  0x80, 0x00, 0x40, 0x00, 0x60, 0x00, 0x08, 0x00, 0x0C, 0x00, 0x01, 0x80,
  0x03, 0x00, 0x00, 0x30, 0x00, 0x60, 0x00, 0x06, 0x00, 0x18, 0x00, 0x00,
  0xC0, 0x03, 0x00, 0x00, 0x08, 0x00, 0xFF, 0xFF, 0xFF, 0x00, 0x18, 0x00,
  0x00, 0x30, 0x06, 0x00, 0x00, 0x06, 0x00, 0xC0, 0x00, 0x00, 0xC0, 0x30,
  0x00, 0x00, 0x08, 0x06, 0x00, 0x00, 0x01, 0x01, 0x80, 0x00, 0x00, 0x20,
  0x30, 0x00, 0x00, 0x06, 0x0C, 0x00, 0x00, 0x00, 0xC1, 0x80, 0x00, 0x00,
  0x18, 0x60, 0x00, 0x00, 0x01, 0x0C, 0x00, 0x00, 0x00, 0x23, 0x00, 0x00,
  0x00, 0x04, 0x60, 0x00, 0x00, 0x00, 0xD8, 0x00, 0x00, 0x00, 0x1B, 0x00,
  0x00, 0x00, 0x03, 0xC0, 0x00, 0x00, 0x00, 0x38, 0x00, 0x00, 0x00, 0x04,
  0x00, 0xFF, 0xFF, 0xE0, 0x00, 0x30, 0x00, 0x07, 0x00, 0x0C, 0x00, 0x00,
  0x60, 0x03, 0x00, 0x00, 0x0C, 0x00, 0x80, 0x00, 0x01, 0x80, 0x20, 0x00,
  0x00, 0x20, 0x18, 0x00, 0x00, 0x0C, 0x06, 0x00, 0x00, 0x01, 0x01, 0x80,
  0x00, 0x00, 0x40, 0x60, 0x00, 0x00, 0x10, 0x10, 0x00, 0x00, 0x04, 0x04,
  0x00, 0x00, 0x01, 0x03, 0x00, 0x00, 0x00, 0x40, 0xC0, 0x00, 0x00, 0x30,
  0x30, 0x00, 0x00, 0x0C, 0x0C, 0x00, 0x00, 0x03, 0x02, 0x00, 0x00, 0x00,
  0xC0, 0x80, 0x00, 0x00, 0x60, 0x60, 0x00, 0x00, 0x18, 0x18, 0x00, 0x00,
  0x0C, 0x06, 0x00, 0x00, 0x02, 0x01, 0x80, 0x00, 0x03, 0x00, 0x40, 0x00,
  0x01, 0x80, 0x10, 0x00, 0x01, 0xC0, 0x0F, 0xFF, 0xFF, 0x80, 0x03, 0x00,
  0x00, 0x1C, 0x00, 0xC0, 0x00, 0x01, 0x80, 0x30, 0x00, 0x00, 0x10, 0x08,
  0x00, 0x00, 0x06, 0x02, 0x00, 0x00, 0x00, 0xC1, 0x80, 0x00, 0x00, 0x30,
  0x60, 0x00, 0x00, 0x04, 0x18, 0x00, 0x00, 0x01, 0x06, 0x00, 0x00, 0x00,
  0x61, 0x00, 0x00, 0x00, 0x18, 0x40, 0x00, 0x00, 0x06, 0x30, 0x00, 0x00,
  0x01, 0x8C, 0x00, 0x00, 0x00, 0x43, 0x00, 0x00, 0x00, 0x10, 0xC0, 0x00,
  0x00, 0x0C, 0x20, 0x00, 0x00, 0x03, 0x08, 0x00, 0x00, 0x00, 0xC6, 0x00,
  0x00, 0x00, 0x21, 0x80, 0x00, 0x00, 0x18, 0x60, 0x00, 0x00, 0x0C, 0x18,
  0x00, 0x00, 0x02, 0x04, 0x00, 0x00, 0x03, 0x01, 0x00, 0x00, 0x01, 0x80,
  0xC0, 0x00, 0x03, 0x80, 0x3F, 0xFF, 0xFF, 0x80, 0x00, 0x00, 0x00, 0x7F,
  0xC0, 0x00, 0x00, 0x70, 0x1C, 0x00, 0x00, 0x60, 0x00, 0xC0, 0x00, 0x20,
  0x00, 0x18, 0x00, 0x30, 0x00, 0x03, 0x00, 0x18, 0x00, 0x00, 0x40, 0x04,
  0x00, 0x00, 0x18, 0x02, 0x00, 0x00, 0x02, 0x01, 0x80, 0x00, 0x00, 0xC0,
  0xC0, 0x00, 0x00, 0x30, 0x20, 0x00, 0x00, 0x00, 0x18, 0x00, 0x00, 0x00,
  0x04, 0x00, 0x00, 0x00, 0x03, 0x00, 0x00, 0x00, 0x00, 0xC0, 0x00, 0x00,
  0x00, 0x20, 0x00, 0x00, 0x00, 0x18, 0x00, 0x00, 0x00, 0x06, 0x00, 0x00,
  0x00, 0x01, 0x00, 0x00, 0x00, 0x00, 0xC0, 0x00, 0x00, 0x00, 0x30, 0x00,
  0x00, 0x00, 0x0C, 0x00, 0x00, 0x00, 0x02, 0x00, 0x00, 0x00, 0x00, 0x80,
  0x00, 0x00, 0x00, 0x60, 0x00, 0x00, 0x00, 0x18, 0x00, 0x00, 0x00, 0x06,
  0x00, 0x00, 0x00, 0x01, 0x80, 0x00, 0x00, 0x00, 0x40, 0x00, 0x00, 0x00,
  0x10, 0x00, 0x00, 0x00, 0x04, 0x00, 0x00, 0x00, 0x01, 0x00, 0x00, 0x00,
  0x00, 0x40, 0x00, 0x00, 0x00, 0x30, 0x00, 0x00, 0x00, 0x0C, 0x00, 0x00,
  0x00, 0x03, 0x00, 0x00, 0x00, 0x00, 0xC0, 0x00, 0x00, 0x00, 0x10, 0x00,
  0x00, 0x00, 0x04, 0x00, 0x00, 0x00, 0x01, 0x00, 0x00, 0x00, 0x00, 0x40,
  0x00, 0x00, 0x00, 0x18, 0x00, 0x00, 0x03, 0x06, 0x00, 0x00, 0x01, 0x80,
  0x80, 0x00, 0x00, 0x60, 0x30, 0x00, 0x00, 0x30, 0x04, 0x00, 0x00, 0x18,
  0x01, 0x80, 0x00, 0x0C, 0x00, 0x20, 0x00, 0x07, 0x00, 0x04, 0x00, 0x03,
  0x00, 0x00, 0xC0, 0x01, 0x80, 0x00, 0x1C, 0x03, 0x80, 0x00, 0x00, 0xFF,
  0x00, 0x00, 0x00, 0xFF, 0xFF, 0x00, 0x00, 0x10, 0x00, 0x1C, 0x00, 0x02,
  0x00, 0x00, 0xE0, 0x00, 0xC0, 0x00, 0x06, 0x00, 0x18, 0x00, 0x00, 0x60,
  0x03, 0x00, 0x00, 0x06, 0x00, 0x60, 0x00, 0x00, 0x40, 0x08, 0x00, 0x00,
  0x0C, 0x01, 0x00, 0x00, 0x00, 0x80, 0x60, 0x00, 0x00, 0x18, 0x0C, 0x00,
  0x00, 0x01, 0x01, 0x80, 0x00, 0x00, 0x20, 0x30, 0x00, 0x00, 0x04, 0x04,
  0x00, 0x00, 0x00, 0xC0, 0x80, 0x00, 0x00, 0x18, 0x30, 0x00, 0x00, 0x03,
  0x06, 0x00, 0x00, 0x00, 0x60, 0xC0, 0x00, 0x00, 0x0C, 0x18, 0x00, 0x00,
  0x01, 0x82, 0x00, 0x00, 0x00, 0x30, 0x40, 0x00, 0x00, 0x06, 0x18, 0x00,
  0x00, 0x00, 0xC3, 0x00, 0x00, 0x00, 0x10, 0x60, 0x00, 0x00, 0x02, 0x0C,
  0x00, 0x00, 0x00, 0x41, 0x00, 0x00, 0x00, 0x18, 0x20, 0x00, 0x00, 0x03,
  0x0C, 0x00, 0x00, 0x00, 0x61, 0x80, 0x00, 0x00, 0x0C, 0x30, 0x00, 0x00,
  0x01, 0x06, 0x00, 0x00, 0x00, 0x20, 0x80, 0x00, 0x00, 0x0C, 0x10, 0x00,
  0x00, 0x01, 0x86, 0x00, 0x00, 0x00, 0x20, 0xC0, 0x00, 0x00, 0x04, 0x18,
  0x00, 0x00, 0x01, 0x83, 0x00, 0x00, 0x00, 0x20, 0x40, 0x00, 0x00, 0x0C,
  0x08, 0x00, 0x00, 0x01, 0x83, 0x00, 0x00, 0x00, 0x20, 0x60, 0x00, 0x00,
  0x08, 0x0C, 0x00, 0x00, 0x03, 0x01, 0x80, 0x00, 0x00, 0x40, 0x20, 0x00,
  0x00, 0x10, 0x04, 0x00, 0x00, 0x06, 0x01, 0x80, 0x00, 0x01, 0x00, 0x30,
  0x00, 0x00, 0xC0, 0x06, 0x00, 0x00, 0x30, 0x00, 0xC0, 0x00, 0x38, 0x00,
  0x1F, 0xFF, 0xF8, 0x00, 0x00, 0x00, 0xFF, 0xFF, 0xFF, 0xF8, 0x04, 0x00,
  0x00, 0x00, 0x00, 0x20, 0x00, 0x00, 0x00, 0x03, 0x00, 0x00, 0x00, 0x00,
  0x18, 0x00, 0x00, 0x00, 0x00, 0xC0, 0x00, 0x00, 0x00, 0x06, 0x00, 0x00,
  0x00, 0x00, 0x20, 0x00, 0x00, 0x00, 0x01, 0x00, 0x00, 0x00, 0x00, 0x18,
  0x00, 0x00, 0x00, 0x00, 0xC0, 0x00, 0x00, 0x00, 0x06, 0x00, 0x00, 0x00,
  0x00, 0x30, 0x00, 0x00, 0x00, 0x01, 0x00, 0x00, 0x00, 0x00, 0x08, 0x00,
  0x00, 0x00, 0x00, 0xC0, 0x00, 0x00, 0x00, 0x06, 0x00, 0x00, 0x00, 0x00,
  0x30, 0x00, 0x00, 0x00, 0x01, 0x80, 0x00, 0x00, 0x00, 0x08, 0x00, 0x00,
  0x00, 0x00, 0x40, 0x00, 0x00, 0x00, 0x06, 0x00, 0x00, 0x00, 0x00, 0x30,
  0x00, 0x00, 0x00, 0x01, 0x80, 0x00, 0x00, 0x00, 0x0F, 0xFF, 0xFF, 0xFF,
  0x00, 0x40, 0x00, 0x00, 0x00, 0x02, 0x00, 0x00, 0x00, 0x00, 0x30, 0x00,
  0x00, 0x00, 0x01, 0x80, 0x00, 0x00, 0x00, 0x0C, 0x00, 0x00, 0x00, 0x00,
  0x60, 0x00, 0x00, 0x00, 0x02, 0x00, 0x00, 0x00, 0x00, 0x10, 0x00, 0x00,
  0x00, 0x01, 0x80, 0x00, 0x00, 0x00, 0x0C, 0x00, 0x00, 0x00, 0x00, 0x60,
  0x00, 0x00, 0x00, 0x03, 0x00, 0x00, 0x00, 0x00, 0x10, 0x00, 0x00, 0x00,
  0x00, 0x80, 0x00, 0x00, 0x00, 0x0C, 0x00, 0x00, 0x00, 0x00, 0x60, 0x00,
  0x00, 0x00, 0x03, 0x00, 0x00, 0x00, 0x00, 0x18, 0x00, 0x00, 0x00, 0x00,
  0x80, 0x00, 0x00, 0x00, 0x04, 0x00, 0x00, 0x00, 0x00, 0x60, 0x00, 0x00,
  0x00, 0x03, 0x00, 0x00, 0x00, 0x00, 0x18, 0x00, 0x00, 0x00, 0x00, 0xC0,
  0x00, 0x00, 0x00, 0x07, 0xFF, 0xFF, 0xFF, 0xC0, 0x00, 0x00, 0xFF, 0xFF,
  0xFF, 0xFC, 0x02, 0x00, 0x00, 0x00, 0x00, 0x08, 0x00, 0x00, 0x00, 0x00,
  0x60, 0x00, 0x00, 0x00, 0x01, 0x80, 0x00, 0x00, 0x00, 0x06, 0x00, 0x00,
  0x00, 0x00, 0x18, 0x00, 0x00, 0x00, 0x00, 0x40, 0x00, 0x00, 0x00, 0x01,
  0x00, 0x00, 0x00, 0x00, 0x0C, 0x00, 0x00, 0x00, 0x00, 0x30, 0x00, 0x00,
  0x00, 0x00, 0xC0, 0x00, 0x00, 0x00, 0x03, 0x00, 0x00, 0x00, 0x00, 0x08,
  0x00, 0x00, 0x00, 0x00, 0x20, 0x00, 0x00, 0x00, 0x01, 0x80, 0x00, 0x00,
  0x00, 0x06, 0x00, 0x00, 0x00, 0x00, 0x18, 0x00, 0x00, 0x00, 0x00, 0x60,
  0x00, 0x00, 0x00, 0x01, 0x00, 0x00, 0x00, 0x00, 0x04, 0x00, 0x00, 0x00,
  0x00, 0x30, 0x00, 0x00, 0x00, 0x00, 0xC0, 0x00, 0x00, 0x00, 0x03, 0x00,
  0x00, 0x00, 0x00, 0x0F, 0xFF, 0xFF, 0xFF, 0x00, 0x20, 0x00, 0x00, 0x00,
  0x00, 0x80, 0x00, 0x00, 0x00, 0x06, 0x00, 0x00, 0x00, 0x00, 0x18, 0x00,
  0x00, 0x00, 0x00, 0x60, 0x00, 0x00, 0x00, 0x01, 0x00, 0x00, 0x00, 0x00,
  0x04, 0x00, 0x00, 0x00, 0x00, 0x10, 0x00, 0x00, 0x00, 0x00, 0xC0, 0x00,
  0x00, 0x00, 0x03, 0x00, 0x00, 0x00, 0x00, 0x0C, 0x00, 0x00, 0x00, 0x00,
  0x30, 0x00, 0x00, 0x00, 0x00, 0x80, 0x00, 0x00, 0x00, 0x02, 0x00, 0x00,
  0x00, 0x00, 0x18, 0x00, 0x00, 0x00, 0x00, 0x60, 0x00, 0x00, 0x00, 0x01,
  0x80, 0x00, 0x00, 0x00, 0x06, 0x00, 0x00, 0x00, 0x00, 0x10, 0x00, 0x00,
  0x00, 0x00, 0x40, 0x00, 0x00, 0x00, 0x03, 0x00, 0x00, 0x00, 0x00, 0x0C,
  0x00, 0x00, 0x00, 0x00, 0x30, 0x00, 0x00, 0x00, 0x00, 0xC0, 0x00, 0x00,
  0x00, 0x02, 0x00, 0x00, 0x00, 0x00, 0x00, 0x00, 0x00, 0x7F, 0xC0, 0x00,
  0x00, 0xE0, 0x1C, 0x00, 0x00, 0xE0, 0x01, 0xC0, 0x00, 0x60, 0x00, 0x18,
  0x00, 0x30, 0x00, 0x03, 0x00, 0x18, 0x00, 0x00, 0x40, 0x0C, 0x00, 0x00,
  0x18, 0x06, 0x00, 0x00, 0x03, 0x01, 0x00, 0x00, 0x00, 0xC0, 0xC0, 0x00,
  0x00, 0x10, 0x20, 0x00, 0x00, 0x00, 0x18, 0x00, 0x00, 0x00, 0x04, 0x00,
  0x00, 0x00, 0x03, 0x00, 0x00, 0x00, 0x00, 0x80, 0x00, 0x00, 0x00, 0x60,
  0x00, 0x00, 0x00, 0x18, 0x00, 0x00, 0x00, 0x04, 0x00, 0x00, 0x00, 0x03,
  0x00, 0x00, 0x00, 0x00, 0xC0, 0x00, 0x00, 0x00, 0x30, 0x00, 0x00, 0x00,
  0x08, 0x00, 0x00, 0x00, 0x02, 0x00, 0x00, 0x00, 0x01, 0x80, 0x00, 0x00,
  0x00, 0x60, 0x00, 0x00, 0x00, 0x18, 0x00, 0x00, 0x00, 0x06, 0x00, 0x00,
  0x00, 0x01, 0x00, 0x00, 0x00, 0x00, 0x40, 0x00, 0x00, 0x00, 0x10, 0x00,
  0x1F, 0xFF, 0xC4, 0x00, 0x00, 0x00, 0x23, 0x00, 0x00, 0x00, 0x08, 0xC0,
  0x00, 0x00, 0x06, 0x30, 0x00, 0x00, 0x01, 0x8C, 0x00, 0x00, 0x00, 0x63,
  0x00, 0x00, 0x00, 0x18, 0xC0, 0x00, 0x00, 0x04, 0x30, 0x00, 0x00, 0x01,
  0x04, 0x00, 0x00, 0x00, 0xC1, 0x00, 0x00, 0x00, 0x30, 0x40, 0x00, 0x00,
  0x0C, 0x10, 0x00, 0x00, 0x06, 0x06, 0x00, 0x00, 0x01, 0x81, 0x80, 0x00,
  0x00, 0x60, 0x20, 0x00, 0x00, 0x38, 0x0C, 0x00, 0x00, 0x16, 0x01, 0x00,
  0x00, 0x0D, 0x80, 0x60, 0x00, 0x06, 0x40, 0x0C, 0x00, 0x03, 0x10, 0x01,
  0xC0, 0x01, 0x84, 0x00, 0x1C, 0x03, 0x83, 0x00, 0x00, 0xFF, 0x00, 0x00,
  0x00, 0xC0, 0x00, 0x00, 0x08, 0x06, 0x00, 0x00, 0x00, 0x40, 0x20, 0x00,
  0x00, 0x06, 0x01, 0x00, 0x00, 0x00, 0x30, 0x08, 0x00, 0x00, 0x01, 0x80,
  0xC0, 0x00, 0x00, 0x0C, 0x06, 0x00, 0x00, 0x00, 0x40, 0x30, 0x00, 0x00,
  0x02, 0x01, 0x80, 0x00, 0x00, 0x30, 0x08, 0x00, 0x00, 0x01, 0x80, 0x40,
  0x00, 0x00, 0x0C, 0x06, 0x00, 0x00, 0x00, 0x60, 0x30, 0x00, 0x00, 0x02,
  0x01, 0x80, 0x00, 0x00, 0x10, 0x0C, 0x00, 0x00, 0x01, 0x80, 0x40, 0x00,
  0x00, 0x0C, 0x02, 0x00, 0x00, 0x00, 0x60, 0x30, 0x00, 0x00, 0x03, 0x01,
  0x80, 0x00, 0x00, 0x10, 0x0C, 0x00, 0x00, 0x00, 0x80, 0x60, 0x00, 0x00,
  0x0C, 0x02, 0x00, 0x00, 0x00, 0x60, 0x10, 0x00, 0x00, 0x03, 0x01, 0x80,
  0x00, 0x00, 0x10, 0x0F, 0xFF, 0xFF, 0xFF, 0x80, 0x60, 0x00, 0x00, 0x0C,
  0x02, 0x00, 0x00, 0x00, 0x60, 0x10, 0x00, 0x00, 0x03, 0x00, 0x80, 0x00,
  0x00, 0x18, 0x0C, 0x00, 0x00, 0x00, 0x80, 0x60, 0x00, 0x00, 0x04, 0x03,
  0x00, 0x00, 0x00, 0x60, 0x10, 0x00, 0x00, 0x03, 0x00, 0x80, 0x00, 0x00,
  0x18, 0x04, 0x00, 0x00, 0x00, 0xC0, 0x60, 0x00, 0x00, 0x04, 0x03, 0x00,
  0x00, 0x00, 0x20, 0x18, 0x00, 0x00, 0x03, 0x00, 0x80, 0x00, 0x00, 0x18,
  0x04, 0x00, 0x00, 0x00, 0xC0, 0x20, 0x00, 0x00, 0x06, 0x03, 0x00, 0x00,
  0x00, 0x20, 0x18, 0x00, 0x00, 0x01, 0x00, 0xC0, 0x00, 0x00, 0x08, 0x04,
  0x00, 0x00, 0x00, 0xC0, 0x20, 0x00, 0x00, 0x06, 0x01, 0x00, 0x00, 0x00,
  0x30, 0x18, 0x00, 0x00, 0x01, 0x00, 0xC0, 0x00, 0x00, 0x08, 0x06, 0x00,
  0x00, 0x00, 0xC0, 0x00, 0x00, 0xFF, 0xFF, 0xFF, 0xFC, 0x00, 0x00, 0x08,
  0x00, 0x00, 0x00, 0x00, 0x20, 0x00, 0x00, 0x00, 0x01, 0x80, 0x00, 0x00,
  0x00, 0x06, 0x00, 0x00, 0x00, 0x00, 0x18, 0x00, 0x00, 0x00, 0x00, 0x60,
  0x00, 0x00, 0x00, 0x01, 0x00, 0x00, 0x00, 0x00, 0x04, 0x00, 0x00, 0x00,
  0x00, 0x30, 0x00, 0x00, 0x00, 0x00, 0xC0, 0x00, 0x00, 0x00, 0x03, 0x00,
  0x00, 0x00, 0x00, 0x0C, 0x00, 0x00, 0x00, 0x00, 0x20, 0x00, 0x00, 0x00,
  0x00, 0x80, 0x00, 0x00, 0x00, 0x06, 0x00, 0x00, 0x00, 0x00, 0x18, 0x00,
  0x00, 0x00, 0x00, 0x60, 0x00, 0x00, 0x00, 0x01, 0x80, 0x00, 0x00, 0x00,
  0x04, 0x00, 0x00, 0x00, 0x00, 0x10, 0x00, 0x00, 0x00, 0x00, 0xC0, 0x00,
  0x00, 0x00, 0x03, 0x00, 0x00, 0x00, 0x00, 0x0C, 0x00, 0x00, 0x00, 0x00,
  0x30, 0x00, 0x00, 0x00, 0x00, 0x80, 0x00, 0x00, 0x00, 0x02, 0x00, 0x00,
  0x00, 0x00, 0x18, 0x00, 0x00, 0x00, 0x00, 0x60, 0x00, 0x00, 0x00, 0x01,
  0x80, 0x00, 0x00, 0x00, 0x06, 0x00, 0x00, 0x00, 0x00, 0x10, 0x00, 0x00,
  0x00, 0x00, 0x40, 0x00, 0x00, 0x00, 0x03, 0x00, 0x00, 0x00, 0x00, 0x0C,
  0x00, 0x00, 0x00, 0x00, 0x30, 0x00, 0x00, 0x00, 0x00, 0xC0, 0x00, 0x00,
  0x00, 0x02, 0x00, 0x00, 0x00, 0x00, 0x08, 0x00, 0x00, 0x00, 0x00, 0x60,
  0x00, 0x00, 0x00, 0x01, 0x80, 0x00, 0x00, 0x00, 0x06, 0x00, 0x00, 0x00,
  0x00, 0x18, 0x00, 0x00, 0x00, 0x00, 0x40, 0x00, 0x00, 0x00, 0x01, 0x00,
  0x00, 0x00, 0x00, 0x0C, 0x00, 0x00, 0x00, 0x00, 0x30, 0x00, 0x00, 0x00,
  0x00, 0xC0, 0x00, 0x00, 0x00, 0x03, 0x00, 0x00, 0x03, 0xFF, 0xFF, 0xFF,
  0xF0, 0x00, 0x00, 0x1F, 0xFF, 0xFF, 0xC0, 0x00, 0x00, 0x00, 0x20, 0x00,
  0x00, 0x00, 0x18, 0x00, 0x00, 0x00, 0x06, 0x00, 0x00, 0x00, 0x01, 0x80,
  0x00, 0x00, 0x00, 0x60, 0x00, 0x00, 0x00, 0x10, 0x00, 0x00, 0x00, 0x04,
  0x00, 0x00, 0x00, 0x03, 0x00, 0x00, 0x00, 0x00, 0xC0, 0x00, 0x00, 0x00,
  0x30, 0x00, 0x00, 0x00, 0x0C, 0x00, 0x00, 0x00, 0x02, 0x00, 0x00, 0x00,
  0x00, 0x80, 0x00, 0x00, 0x00, 0x60, 0x00, 0x00, 0x00, 0x18, 0x00, 0x00,
  0x00, 0x06, 0x00, 0x00, 0x00, 0x01, 0x80, 0x00, 0x00, 0x00, 0x40, 0x00,
  0x00, 0x00, 0x10, 0x00, 0x00, 0x00, 0x0C, 0x00, 0x00, 0x00, 0x03, 0x00,
  0x00, 0x00, 0x00, 0xC0, 0x00, 0x00, 0x00, 0x30, 0x00, 0x00, 0x00, 0x08,
  0x00, 0x00, 0x00, 0x02, 0x00, 0x00, 0x00, 0x00, 0x80, 0x00, 0x00, 0x00,
  0x60, 0x00, 0x00, 0x00, 0x18, 0x00, 0x00, 0x00, 0x06, 0x00, 0x00, 0x00,
  0x01, 0x00, 0x00, 0x00, 0x00, 0x40, 0x00, 0x00, 0x00, 0x10, 0x00, 0x00,
  0x00, 0x0C, 0x00, 0x00, 0x00, 0x03, 0x00, 0x00, 0x00, 0x00, 0xC0, 0x00,
  0x00, 0x00, 0x20, 0x00, 0x00, 0x00, 0x08, 0x00, 0x00, 0x00, 0x06, 0x00,
  0x00, 0x00, 0x01, 0x80, 0x00, 0x00, 0x00, 0x40, 0x00, 0x00, 0x00, 0x30,
  0x0C, 0x00, 0x00, 0x0C, 0x03, 0x00, 0x00, 0x06, 0x00, 0x40, 0x00, 0x01,
  0x80, 0x18, 0x00, 0x00, 0xC0, 0x02, 0x00, 0x00, 0x60, 0x00, 0xC0, 0x00,
  0x30, 0x00, 0x1C, 0x00, 0x38, 0x00, 0x01, 0xC0, 0x38, 0x00, 0x00, 0x0F,
  0xF0, 0x00, 0x00, 0x00, 0xC0, 0x00, 0x00, 0x07, 0x00, 0x80, 0x00, 0x00,
  0x0C, 0x00, 0x80, 0x00, 0x00, 0x18, 0x01, 0x80, 0x00, 0x00, 0x30, 0x01,
  0x80, 0x00, 0x00, 0x60, 0x01, 0x80, 0x00, 0x00, 0xC0, 0x01, 0x80, 0x00,
  0x03, 0x80, 0x01, 0x00, 0x00, 0x06, 0x00, 0x01, 0x00, 0x00, 0x0C, 0x00,
  0x03, 0x00, 0x00, 0x18, 0x00, 0x03, 0x00, 0x00, 0x30, 0x00, 0x03, 0x00,
  0x00, 0x60, 0x00, 0x03, 0x00, 0x00, 0xC0, 0x00, 0x02, 0x00, 0x01, 0x80,
  0x00, 0x02, 0x00, 0x03, 0x00, 0x00, 0x06, 0x00, 0x06, 0x00, 0x00, 0x06,
  0x00, 0x0C, 0x00, 0x00, 0x06, 0x00, 0x18, 0x00, 0x00, 0x06, 0x00, 0x30,
  0x00, 0x00, 0x04, 0x00, 0xE0, 0x00, 0x00, 0x04, 0x01, 0xC0, 0x00, 0x00,
  0x0C, 0x03, 0x80, 0x00, 0x00, 0x0C, 0x06, 0x80, 0x00, 0x00, 0x0C, 0x0C,
  0xC0, 0x00, 0x00, 0x0C, 0x18, 0x40, 0x00, 0x00, 0x08, 0x30, 0x60, 0x00,
  0x00, 0x08, 0x60, 0x20, 0x00, 0x00, 0x18, 0xC0, 0x30, 0x00, 0x00, 0x19,
  0x80, 0x10, 0x00, 0x00, 0x1B, 0x00, 0x18, 0x00, 0x00, 0x1E, 0x00, 0x08,
  0x00, 0x00, 0x1C, 0x00, 0x0C, 0x00, 0x00, 0x10, 0x00, 0x04, 0x00, 0x00,
  0x30, 0x00, 0x06, 0x00, 0x00, 0x30, 0x00, 0x02, 0x00, 0x00, 0x30, 0x00,
  0x03, 0x00, 0x00, 0x30, 0x00, 0x01, 0x00, 0x00, 0x20, 0x00, 0x01, 0x80,
  0x00, 0x20, 0x00, 0x00, 0x80, 0x00, 0x60, 0x00, 0x00, 0xC0, 0x00, 0x60,
  0x00, 0x00, 0x40, 0x00, 0x60, 0x00, 0x00, 0x60, 0x00, 0x60, 0x00, 0x00,
  0x20, 0x00, 0x40, 0x00, 0x00, 0x30, 0x00, 0x40, 0x00, 0x00, 0x10, 0x00,
  0xC0, 0x00, 0x00, 0x18, 0x00, 0xC0, 0x00, 0x00, 0x08, 0x00, 0xC0, 0x00,
  0x00, 0x0C, 0x00, 0xC0, 0x00, 0x00, 0x04, 0x00, 0x80, 0x00, 0x00, 0x06,
  0x00, 0x00, 0x40, 0x00, 0x00, 0x0C, 0x00, 0x00, 0x00, 0xC0, 0x00, 0x00,
  0x0C, 0x00, 0x00, 0x00, 0xC0, 0x00, 0x00, 0x08, 0x00, 0x00, 0x00, 0x80,
  0x00, 0x00, 0x18, 0x00, 0x00, 0x01, 0x80, 0x00, 0x00, 0x18, 0x00, 0x00,
  0x01, 0x80, 0x00, 0x00, 0x10, 0x00, 0x00, 0x01, 0x00, 0x00, 0x00, 0x30,
  0x00, 0x00, 0x03, 0x00, 0x00, 0x00, 0x30, 0x00, 0x00, 0x03, 0x00, 0x00,
  0x00, 0x20, 0x00, 0x00, 0x02, 0x00, 0x00, 0x00, 0x60, 0x00, 0x00, 0x06,
  0x00, 0x00, 0x00, 0x60, 0x00, 0x00, 0x06, 0x00, 0x00, 0x00, 0x40, 0x00,
  0x00, 0x04, 0x00, 0x00, 0x00, 0xC0, 0x00, 0x00, 0x0C, 0x00, 0x00, 0x00,
  0xC0, 0x00, 0x00, 0x0C, 0x00, 0x00, 0x00, 0x80, 0x00, 0x00, 0x08, 0x00,
  0x00, 0x01, 0x80, 0x00, 0x00, 0x18, 0x00, 0x00, 0x01, 0x80, 0x00, 0x00,
  0x18, 0x00, 0x00, 0x01, 0x00, 0x00, 0x00, 0x10, 0x00, 0x00, 0x03, 0x00,
  0x00, 0x00, 0x30, 0x00, 0x00, 0x03, 0x00, 0x00, 0x00, 0x30, 0x00, 0x00,
  0x02, 0x00, 0x00, 0x00, 0x20, 0x00, 0x00, 0x06, 0x00, 0x00, 0x00, 0x60,
  0x00, 0x00, 0x06, 0x00, 0x00, 0x00, 0x60, 0x00, 0x00, 0x04, 0x00, 0x00,
  0x00, 0x40, 0x00, 0x00, 0x0F, 0xFF, 0xFF, 0xFF, 0x00, 0xE0, 0x00, 0x00,
  0x06, 0x01, 0xC0, 0x00, 0x00, 0x1C, 0x02, 0x80, 0x00, 0x00, 0x78, 0x05,
  0x80, 0x00, 0x00, 0xB0, 0x0B, 0x00, 0x00, 0x03, 0x60, 0x32, 0x00, 0x00,
  0x04, 0x80, 0x64, 0x00, 0x00, 0x11, 0x00, 0xCC, 0x00, 0x00, 0x62, 0x01,
  0x08, 0x00, 0x00, 0x8C, 0x02, 0x10, 0x00, 0x03, 0x18, 0x04, 0x30, 0x00,
  0x0C, 0x30, 0x18, 0x60, 0x00, 0x10, 0x40, 0x30, 0x40, 0x00, 0x60, 0x80,
  0x60, 0x80, 0x00, 0x81, 0x00, 0x81, 0x80, 0x03, 0x06, 0x01, 0x01, 0x00,
  0x0C, 0x0C, 0x02, 0x02, 0x00, 0x10, 0x18, 0x0C, 0x06, 0x00, 0x60, 0x20,
  0x18, 0x0C, 0x01, 0x80, 0x40, 0x30, 0x08, 0x02, 0x00, 0x80, 0x40, 0x10,
  0x0C, 0x03, 0x00, 0x80, 0x30, 0x10, 0x06, 0x01, 0x00, 0x20, 0x60, 0x0C,
  0x06, 0x00, 0x41, 0x80, 0x10, 0x0C, 0x00, 0xC2, 0x00, 0x20, 0x18, 0x01,
  0x8C, 0x00, 0x40, 0x20, 0x01, 0x30, 0x01, 0x80, 0x40, 0x02, 0x40, 0x03,
  0x00, 0x80, 0x07, 0x80, 0x06, 0x03, 0x00, 0x06, 0x00, 0x08, 0x06, 0x00,
  0x0C, 0x00, 0x10, 0x0C, 0x00, 0x10, 0x00, 0x20, 0x10, 0x00, 0x00, 0x00,
  0xC0, 0x20, 0x00, 0x00, 0x01, 0x80, 0x40, 0x00, 0x00, 0x03, 0x01, 0x80,
  0x00, 0x00, 0x04, 0x03, 0x00, 0x00, 0x00, 0x08, 0x06, 0x00, 0x00, 0x00,
  0x10, 0x08, 0x00, 0x00, 0x00, 0x60, 0x10, 0x00, 0x00, 0x00, 0xC0, 0x20,
  0x00, 0x00, 0x01, 0x80, 0xC0, 0x00, 0x00, 0x02, 0x01, 0x80, 0x00, 0x00,
  0x04, 0x03, 0x00, 0x00, 0x00, 0x08, 0x04, 0x00, 0x00, 0x00, 0x30, 0x08,
  0x00, 0x00, 0x00, 0x60, 0x10, 0x00, 0x00, 0x00, 0xC0, 0x60, 0x00, 0x00,
  0x01, 0x00, 0xC0, 0x00, 0x00, 0x02, 0x01, 0x80, 0x00, 0x00, 0x0C, 0x00,
  0x00, 0xE0, 0x00, 0x00, 0x08, 0x07, 0x00, 0x00, 0x00, 0x40, 0x2C, 0x00,
  0x00, 0x06, 0x01, 0x60, 0x00, 0x00, 0x30, 0x09, 0x00, 0x00, 0x01, 0x80,
  0xCC, 0x00, 0x00, 0x0C, 0x06, 0x60, 0x00, 0x00, 0x40, 0x31, 0x00, 0x00,
  0x02, 0x01, 0x0C, 0x00, 0x00, 0x30, 0x08, 0x60, 0x00, 0x01, 0x80, 0x41,
  0x00, 0x00, 0x0C, 0x06, 0x0C, 0x00, 0x00, 0x60, 0x30, 0x60, 0x00, 0x02,
  0x01, 0x81, 0x00, 0x00, 0x10, 0x08, 0x0C, 0x00, 0x01, 0x80, 0x40, 0x20,
  0x00, 0x0C, 0x02, 0x01, 0x00, 0x00, 0x60, 0x30, 0x0C, 0x00, 0x03, 0x01,
  0x80, 0x20, 0x00, 0x10, 0x0C, 0x01, 0x80, 0x00, 0x80, 0x40, 0x0C, 0x00,
  0x0C, 0x02, 0x00, 0x20, 0x00, 0x60, 0x10, 0x01, 0x80, 0x03, 0x01, 0x80,
  0x0C, 0x00, 0x10, 0x0C, 0x00, 0x20, 0x00, 0x80, 0x60, 0x01, 0x80, 0x04,
  0x02, 0x00, 0x0C, 0x00, 0x60, 0x10, 0x00, 0x20, 0x03, 0x00, 0x80, 0x01,
  0x80, 0x18, 0x0C, 0x00, 0x0C, 0x00, 0x80, 0x60, 0x00, 0x20, 0x04, 0x03,
  0x00, 0x01, 0x80, 0x20, 0x10, 0x00, 0x04, 0x03, 0x00, 0x80, 0x00, 0x20,
  0x18, 0x04, 0x00, 0x01, 0x80, 0xC0, 0x60, 0x00, 0x04, 0x04, 0x03, 0x00,
  0x00, 0x30, 0x20, 0x18, 0x00, 0x01, 0x81, 0x00, 0x80, 0x00, 0x04, 0x18,
  0x04, 0x00, 0x00, 0x30, 0xC0, 0x20, 0x00, 0x01, 0x86, 0x03, 0x00, 0x00,
  0x04, 0x20, 0x18, 0x00, 0x00, 0x31, 0x00, 0xC0, 0x00, 0x01, 0x88, 0x04,
  0x00, 0x00, 0x04, 0xC0, 0x20, 0x00, 0x00, 0x36, 0x01, 0x00, 0x00, 0x01,
  0xB0, 0x18, 0x00, 0x00, 0x05, 0x00, 0xC0, 0x00, 0x00, 0x38, 0x06, 0x00,
  0x00, 0x01, 0xC0, 0x00, 0x00, 0x00, 0x7F, 0x80, 0x00, 0x00, 0x70, 0x0E,
  0x00, 0x00, 0x38, 0x00, 0x30, 0x00, 0x0C, 0x00, 0x03, 0x00, 0x03, 0x00,
  0x00, 0x30, 0x00, 0xC0, 0x00, 0x02, 0x00, 0x30, 0x00, 0x00, 0x60, 0x0C,
  0x00, 0x00, 0x04, 0x01, 0x00, 0x00, 0x00, 0xC0, 0x60, 0x00, 0x00, 0x18,
  0x08, 0x00, 0x00, 0x01, 0x03, 0x00, 0x00, 0x00, 0x20, 0x40, 0x00, 0x00,
  0x04, 0x18, 0x00, 0x00, 0x00, 0x82, 0x00, 0x00, 0x00, 0x18, 0xC0, 0x00,
  0x00, 0x03, 0x18, 0x00, 0x00, 0x00, 0x63, 0x00, 0x00, 0x00, 0x0C, 0x40,
  0x00, 0x00, 0x01, 0x98, 0x00, 0x00, 0x00, 0x33, 0x00, 0x00, 0x00, 0x04,
  0x60, 0x00, 0x00, 0x00, 0x88, 0x00, 0x00, 0x00, 0x13, 0x00, 0x00, 0x00,
  0x02, 0x60, 0x00, 0x00, 0x00, 0x4C, 0x00, 0x00, 0x00, 0x19, 0x80, 0x00,
  0x00, 0x03, 0x30, 0x00, 0x00, 0x00, 0x64, 0x00, 0x00, 0x00, 0x0C, 0x80,
  0x00, 0x00, 0x01, 0x10, 0x00, 0x00, 0x00, 0x62, 0x00, 0x00, 0x00, 0x0C,
  0x40, 0x00, 0x00, 0x01, 0x98, 0x00, 0x00, 0x00, 0x23, 0x00, 0x00, 0x00,
  0x04, 0x60, 0x00, 0x00, 0x01, 0x8C, 0x00, 0x00, 0x00, 0x30, 0x80, 0x00,
  0x00, 0x04, 0x10, 0x00, 0x00, 0x01, 0x82, 0x00, 0x00, 0x00, 0x20, 0x40,
  0x00, 0x00, 0x0C, 0x0C, 0x00, 0x00, 0x01, 0x01, 0x80, 0x00, 0x00, 0x60,
  0x30, 0x00, 0x00, 0x08, 0x02, 0x00, 0x00, 0x03, 0x00, 0x60, 0x00, 0x00,
  0xC0, 0x04, 0x00, 0x00, 0x30, 0x00, 0xC0, 0x00, 0x0C, 0x00, 0x0C, 0x00,
  0x03, 0x00, 0x00, 0xC0, 0x01, 0x80, 0x00, 0x07, 0x00, 0xE0, 0x00, 0x00,
  0x1F, 0xE0, 0x00, 0x00, 0x00, 0xFF, 0xFF, 0xF8, 0x00, 0x08, 0x00, 0x00,
  0xE0, 0x00, 0x80, 0x00, 0x01, 0x80, 0x18, 0x00, 0x00, 0x0C, 0x01, 0x80,
  0x00, 0x00, 0x40, 0x18, 0x00, 0x00, 0x06, 0x01, 0x80, 0x00, 0x00, 0x20,
  0x10, 0x00, 0x00, 0x03, 0x01, 0x00, 0x00, 0x00, 0x30, 0x30, 0x00, 0x00,
  0x01, 0x03, 0x00, 0x00, 0x00, 0x10, 0x30, 0x00, 0x00, 0x01, 0x02, 0x00,
  0x00, 0x00, 0x30, 0x20, 0x00, 0x00, 0x03, 0x02, 0x00, 0x00, 0x00, 0x30,
  0x60, 0x00, 0x00, 0x03, 0x06, 0x00, 0x00, 0x00, 0x20, 0x60, 0x00, 0x00,
  0x06, 0x04, 0x00, 0x00, 0x00, 0x60, 0x40, 0x00, 0x00, 0x0C, 0x04, 0x00,
  0x00, 0x00, 0x80, 0xC0, 0x00, 0x00, 0x18, 0x0C, 0x00, 0x00, 0x03, 0x00,
  0xC0, 0x00, 0x00, 0xE0, 0x08, 0x00, 0x00, 0x38, 0x00, 0xFF, 0xFF, 0xFC,
  0x00, 0x08, 0x00, 0x00, 0x00, 0x01, 0x80, 0x00, 0x00, 0x00, 0x18, 0x00,
  0x00, 0x00, 0x01, 0x80, 0x00, 0x00, 0x00, 0x10, 0x00, 0x00, 0x00, 0x01,
  0x00, 0x00, 0x00, 0x00, 0x10, 0x00, 0x00, 0x00, 0x03, 0x00, 0x00, 0x00,
  0x00, 0x30, 0x00, 0x00, 0x00, 0x03, 0x00, 0x00, 0x00, 0x00, 0x20, 0x00,
  0x00, 0x00, 0x02, 0x00, 0x00, 0x00, 0x00, 0x20, 0x00, 0x00, 0x00, 0x06,
  0x00, 0x00, 0x00, 0x00, 0x60, 0x00, 0x00, 0x00, 0x06, 0x00, 0x00, 0x00,
  0x00, 0x40, 0x00, 0x00, 0x00, 0x04, 0x00, 0x00, 0x00, 0x00, 0x40, 0x00,
  0x00, 0x00, 0x0C, 0x00, 0x00, 0x00, 0x00, 0xC0, 0x00, 0x00, 0x00, 0x0C,
  0x00, 0x00, 0x00, 0x00, 0xC0, 0x00, 0x00, 0x00, 0x08, 0x00, 0x00, 0x00,
  0x00, 0x00, 0x00, 0x7F, 0x80, 0x00, 0x00, 0x70, 0x0E, 0x00, 0x00, 0x38,
  0x00, 0x30, 0x00, 0x0C, 0x00, 0x03, 0x00, 0x03, 0x00, 0x00, 0x30, 0x00,
  0xC0, 0x00, 0x02, 0x00, 0x30, 0x00, 0x00, 0x60, 0x0C, 0x00, 0x00, 0x04,
  0x01, 0x00, 0x00, 0x00, 0xC0, 0x60, 0x00, 0x00, 0x18, 0x08, 0x00, 0x00,
  0x01, 0x03, 0x00, 0x00, 0x00, 0x20, 0x40, 0x00, 0x00, 0x04, 0x18, 0x00,
  0x00, 0x00, 0x82, 0x00, 0x00, 0x00, 0x18, 0xC0, 0x00, 0x00, 0x03, 0x18,
  0x00, 0x00, 0x00, 0x63, 0x00, 0x00, 0x00, 0x0C, 0x40, 0x00, 0x00, 0x01,
  0x98, 0x00, 0x00, 0x00, 0x33, 0x00, 0x00, 0x00, 0x04, 0x60, 0x00, 0x00,
  0x00, 0x88, 0x00, 0x00, 0x00, 0x13, 0x00, 0x00, 0x00, 0x02, 0x60, 0x00,
  0x00, 0x00, 0x4C, 0x00, 0x00, 0x00, 0x19, 0x80, 0x00, 0x00, 0x03, 0x30,
  0x00, 0x00, 0x00, 0x64, 0x00, 0x00, 0x00, 0x0C, 0x80, 0x00, 0x00, 0x01,
  0x10, 0x00, 0x00, 0x00, 0x62, 0x00, 0x00, 0x00, 0x0C, 0x40, 0x00, 0x00,
  0x01, 0x98, 0x00, 0x00, 0x00, 0x33, 0x00, 0x00, 0x00, 0x04, 0x60, 0x00,
  0x00, 0x01, 0x8C, 0x00, 0x00, 0x00, 0x30, 0x80, 0x00, 0x00, 0x04, 0x10,
  0x00, 0x00, 0x01, 0x82, 0x00, 0x00, 0x00, 0x20, 0x40, 0x00, 0x00, 0x0C,
  0x0C, 0x00, 0x00, 0x01, 0x01, 0x80, 0x00, 0x00, 0x60, 0x30, 0x00, 0x00,
  0x08, 0x02, 0x00, 0x00, 0x03, 0x00, 0x60, 0x00, 0x00, 0xC0, 0x04, 0x00,
  0x00, 0x30, 0x00, 0xC0, 0x00, 0x0C, 0x00, 0x0C, 0x00, 0x03, 0x00, 0x00,
  0xC0, 0x01, 0x80, 0x00, 0x07, 0x00, 0xE0, 0x00, 0x00, 0x1F, 0xE0, 0x00,
  0x00, 0x00, 0x30, 0x00, 0x00, 0x00, 0x06, 0x00, 0x00, 0x00, 0x00, 0x60,
  0x00, 0x00, 0x00, 0x06, 0x00, 0x18, 0x00, 0x00, 0x40, 0x04, 0x00, 0x00,
  0x0C, 0x01, 0x00, 0x00, 0x00, 0xC0, 0xC0, 0x00, 0x00, 0x08, 0x30, 0x00,
  0x00, 0x01, 0x8C, 0x00, 0x00, 0x00, 0x1B, 0x00, 0x00, 0x00, 0x01, 0x80,
  0x00, 0x00, 0xFF, 0xFF, 0xF8, 0x00, 0x08, 0x00, 0x00, 0xE0, 0x00, 0x80,
  0x00, 0x01, 0x80, 0x18, 0x00, 0x00, 0x0C, 0x01, 0x80, 0x00, 0x00, 0x40,
  0x18, 0x00, 0x00, 0x06, 0x01, 0x80, 0x00, 0x00, 0x20, 0x10, 0x00, 0x00,
  0x03, 0x01, 0x00, 0x00, 0x00, 0x30, 0x30, 0x00, 0x00, 0x01, 0x03, 0x00,
  0x00, 0x00, 0x10, 0x30, 0x00, 0x00, 0x01, 0x02, 0x00, 0x00, 0x00, 0x30,
  0x20, 0x00, 0x00, 0x03, 0x02, 0x00, 0x00, 0x00, 0x30, 0x60, 0x00, 0x00,
  0x03, 0x06, 0x00, 0x00, 0x00, 0x20, 0x60, 0x00, 0x00, 0x06, 0x04, 0x00,
  0x00, 0x00, 0x60, 0x40, 0x00, 0x00, 0x0C, 0x04, 0x00, 0x00, 0x00, 0x80,
  0xC0, 0x00, 0x00, 0x18, 0x0C, 0x00, 0x00, 0x03, 0x00, 0xC0, 0x00, 0x00,
  0xE0, 0x08, 0x00, 0x00, 0x38, 0x00, 0xFF, 0xFF, 0xFC, 0x00, 0x08, 0x00,
  0x60, 0x00, 0x01, 0x80, 0x06, 0x00, 0x00, 0x18, 0x00, 0x30, 0x00, 0x01,
  0x80, 0x03, 0x00, 0x00, 0x10, 0x00, 0x10, 0x00, 0x01, 0x00, 0x01, 0x80,
  0x00, 0x10, 0x00, 0x08, 0x00, 0x03, 0x00, 0x00, 0xC0, 0x00, 0x30, 0x00,
  0x04, 0x00, 0x03, 0x00, 0x00, 0x60, 0x00, 0x20, 0x00, 0x02, 0x00, 0x02,
  0x00, 0x00, 0x30, 0x00, 0x20, 0x00, 0x01, 0x00, 0x06, 0x00, 0x00, 0x18,
  0x00, 0x60, 0x00, 0x01, 0x80, 0x06, 0x00, 0x00, 0x0C, 0x00, 0x40, 0x00,
  0x00, 0xC0, 0x04, 0x00, 0x00, 0x04, 0x00, 0x40, 0x00, 0x00, 0x60, 0x0C,
  0x00, 0x00, 0x02, 0x00, 0xC0, 0x00, 0x00, 0x30, 0x0C, 0x00, 0x00, 0x01,
  0x00, 0xC0, 0x00, 0x00, 0x18, 0x08, 0x00, 0x00, 0x00, 0x80, 0x00, 0x00,
  0x7F, 0xF8, 0x00, 0x00, 0x0E, 0x00, 0x3C, 0x00, 0x00, 0xC0, 0x00, 0x1C,
  0x00, 0x0C, 0x00, 0x00, 0x18, 0x00, 0x60, 0x00, 0x00, 0x30, 0x03, 0x00,
  0x00, 0x00, 0x60, 0x08, 0x00, 0x00, 0x00, 0xC0, 0x60, 0x00, 0x00, 0x00,
  0x01, 0x00, 0x00, 0x00, 0x00, 0x0C, 0x00, 0x00, 0x00, 0x00, 0x30, 0x00,
  0x00, 0x00, 0x00, 0xC0, 0x00, 0x00, 0x00, 0x02, 0x00, 0x00, 0x00, 0x00,
  0x08, 0x00, 0x00, 0x00, 0x00, 0x20, 0x00, 0x00, 0x00, 0x00, 0x80, 0x00,
  0x00, 0x00, 0x03, 0x00, 0x00, 0x00, 0x00, 0x0C, 0x00, 0x00, 0x00, 0x00,
  0x10, 0x00, 0x00, 0x00, 0x00, 0x60, 0x00, 0x00, 0x00, 0x00, 0xC0, 0x00,
  0x00, 0x00, 0x03, 0x80, 0x00, 0x00, 0x00, 0x03, 0x00, 0x00, 0x00, 0x00,
  0x07, 0x80, 0x00, 0x00, 0x00, 0x07, 0xC0, 0x00, 0x00, 0x00, 0x01, 0xF8,
  0x00, 0x00, 0x00, 0x00, 0x7C, 0x00, 0x00, 0x00, 0x00, 0x1C, 0x00, 0x00,
  0x00, 0x00, 0x1C, 0x00, 0x00, 0x00, 0x00, 0x38, 0x00, 0x00, 0x00, 0x00,
  0x30, 0x00, 0x00, 0x00, 0x00, 0xC0, 0x00, 0x00, 0x00, 0x01, 0x80, 0x00,
  0x00, 0x00, 0x06, 0x00, 0x00, 0x00, 0x00, 0x08, 0x00, 0x00, 0x00, 0x00,
  0x20, 0x00, 0x00, 0x00, 0x00, 0x80, 0x00, 0x00, 0x00, 0x02, 0x00, 0x00,
  0x00, 0x00, 0x08, 0x00, 0x00, 0x00, 0x00, 0x20, 0x00, 0x00, 0x00, 0x01,
  0x80, 0x00, 0x00, 0x00, 0x06, 0x00, 0x00, 0x00, 0x00, 0x18, 0x20, 0x00,
  0x00, 0x00, 0x40, 0xC0, 0x00, 0x00, 0x03, 0x03, 0x00, 0x00, 0x00, 0x08,
  0x06, 0x00, 0x00, 0x00, 0x40, 0x0C, 0x00, 0x00, 0x03, 0x00, 0x1C, 0x00,
  0x00, 0x38, 0x00, 0x1C, 0x00, 0x01, 0x80, 0x00, 0x1E, 0x00, 0x38, 0x00,
  0x00, 0x0F, 0xFF, 0x00, 0x00, 0xFF, 0xFF, 0xFF, 0xFF, 0xFC, 0x00, 0x00,
  0x80, 0x00, 0x00, 0x00, 0x02, 0x00, 0x00, 0x00, 0x00, 0x18, 0x00, 0x00,
  0x00, 0x00, 0x60, 0x00, 0x00, 0x00, 0x01, 0x80, 0x00, 0x00, 0x00, 0x06,
  0x00, 0x00, 0x00, 0x00, 0x10, 0x00, 0x00, 0x00, 0x00, 0x40, 0x00, 0x00,
  0x00, 0x03, 0x00, 0x00, 0x00, 0x00, 0x0C, 0x00, 0x00, 0x00, 0x00, 0x30,
  0x00, 0x00, 0x00, 0x00, 0xC0, 0x00, 0x00, 0x00, 0x02, 0x00, 0x00, 0x00,
  0x00, 0x08, 0x00, 0x00, 0x00, 0x00, 0x60, 0x00, 0x00, 0x00, 0x01, 0x80,
  0x00, 0x00, 0x00, 0x06, 0x00, 0x00, 0x00, 0x00, 0x18, 0x00, 0x00, 0x00,
  0x00, 0x40, 0x00, 0x00, 0x00, 0x01, 0x00, 0x00, 0x00, 0x00, 0x0C, 0x00,
  0x00, 0x00, 0x00, 0x30, 0x00, 0x00, 0x00, 0x00, 0xC0, 0x00, 0x00, 0x00,
  0x03, 0x00, 0x00, 0x00, 0x00, 0x08, 0x00, 0x00, 0x00, 0x00, 0x20, 0x00,
  0x00, 0x00, 0x01, 0x80, 0x00, 0x00, 0x00, 0x06, 0x00, 0x00, 0x00, 0x00,
  0x18, 0x00, 0x00, 0x00, 0x00, 0x60, 0x00, 0x00, 0x00, 0x01, 0x00, 0x00,
  0x00, 0x00, 0x04, 0x00, 0x00, 0x00, 0x00, 0x30, 0x00, 0x00, 0x00, 0x00,
  0xC0, 0x00, 0x00, 0x00, 0x03, 0x00, 0x00, 0x00, 0x00, 0x0C, 0x00, 0x00,
  0x00, 0x00, 0x20, 0x00, 0x00, 0x00, 0x00, 0x80, 0x00, 0x00, 0x00, 0x06,
  0x00, 0x00, 0x00, 0x00, 0x18, 0x00, 0x00, 0x00, 0x00, 0x60, 0x00, 0x00,
  0x00, 0x01, 0x80, 0x00, 0x00, 0x00, 0x04, 0x00, 0x00, 0x00, 0x00, 0x10,
  0x00, 0x00, 0x00, 0x00, 0xC0, 0x00, 0x00, 0x00, 0x03, 0x00, 0x00, 0x00,
  0x00, 0x0C, 0x00, 0x00, 0x00, 0x00, 0x30, 0x00, 0x00, 0x00, 0x00, 0x80,
  0x00, 0x00, 0x00, 0x03, 0x00, 0x00, 0x00, 0x20, 0x60, 0x00, 0x00, 0x04,
  0x08, 0x00, 0x00, 0x01, 0x81, 0x00, 0x00, 0x00, 0x30, 0x20, 0x00, 0x00,
  0x06, 0x0C, 0x00, 0x00, 0x00, 0xC1, 0x80, 0x00, 0x00, 0x10, 0x30, 0x00,
  0x00, 0x02, 0x06, 0x00, 0x00, 0x00, 0xC0, 0x80, 0x00, 0x00, 0x18, 0x10,
  0x00, 0x00, 0x03, 0x06, 0x00, 0x00, 0x00, 0x60, 0xC0, 0x00, 0x00, 0x08,
  0x18, 0x00, 0x00, 0x01, 0x03, 0x00, 0x00, 0x00, 0x60, 0x40, 0x00, 0x00,
  0x0C, 0x08, 0x00, 0x00, 0x01, 0x83, 0x00, 0x00, 0x00, 0x30, 0x60, 0x00,
  0x00, 0x04, 0x0C, 0x00, 0x00, 0x00, 0x81, 0x80, 0x00, 0x00, 0x30, 0x20,
  0x00, 0x00, 0x06, 0x04, 0x00, 0x00, 0x00, 0xC1, 0x80, 0x00, 0x00, 0x18,
  0x30, 0x00, 0x00, 0x02, 0x06, 0x00, 0x00, 0x00, 0x40, 0xC0, 0x00, 0x00,
  0x18, 0x10, 0x00, 0x00, 0x03, 0x02, 0x00, 0x00, 0x00, 0x60, 0xC0, 0x00,
  0x00, 0x0C, 0x18, 0x00, 0x00, 0x01, 0x03, 0x00, 0x00, 0x00, 0x20, 0x60,
  0x00, 0x00, 0x0C, 0x08, 0x00, 0x00, 0x01, 0x81, 0x00, 0x00, 0x00, 0x30,
  0x60, 0x00, 0x00, 0x04, 0x0C, 0x00, 0x00, 0x00, 0x81, 0x80, 0x00, 0x00,
  0x30, 0x30, 0x00, 0x00, 0x06, 0x06, 0x00, 0x00, 0x00, 0x80, 0xC0, 0x00,
  0x00, 0x30, 0x18, 0x00, 0x00, 0x06, 0x03, 0x00, 0x00, 0x00, 0x80, 0x20,
  0x00, 0x00, 0x30, 0x04, 0x00, 0x00, 0x04, 0x00, 0xC0, 0x00, 0x01, 0x80,
  0x08, 0x00, 0x00, 0x60, 0x01, 0x80, 0x00, 0x18, 0x00, 0x1C, 0x00, 0x0E,
  0x00, 0x00, 0xE0, 0x07, 0x00, 0x00, 0x03, 0xFF, 0x00, 0x00, 0x00, 0xC0,
  0x00, 0x00, 0x00, 0x3C, 0x00, 0x00, 0x00, 0x06, 0x40, 0x00, 0x00, 0x00,
  0x44, 0x00, 0x00, 0x00, 0x0C, 0x60, 0x00, 0x00, 0x00, 0x86, 0x00, 0x00,
  0x00, 0x18, 0x60, 0x00, 0x00, 0x01, 0x06, 0x00, 0x00, 0x00, 0x30, 0x20,
  0x00, 0x00, 0x02, 0x02, 0x00, 0x00, 0x00, 0x60, 0x30, 0x00, 0x00, 0x04,
  0x03, 0x00, 0x00, 0x00, 0xC0, 0x30, 0x00, 0x00, 0x08, 0x03, 0x00, 0x00,
  0x01, 0x80, 0x10, 0x00, 0x00, 0x10, 0x01, 0x00, 0x00, 0x03, 0x00, 0x18,
  0x00, 0x00, 0x20, 0x01, 0x80, 0x00, 0x06, 0x00, 0x18, 0x00, 0x00, 0x40,
  0x01, 0x80, 0x00, 0x0C, 0x00, 0x08, 0x00, 0x00, 0x80, 0x00, 0x80, 0x00,
  0x18, 0x00, 0x0C, 0x00, 0x01, 0x00, 0x00, 0xC0, 0x00, 0x30, 0x00, 0x0C,
  0x00, 0x02, 0x00, 0x00, 0xC0, 0x00, 0x60, 0x00, 0x04, 0x00, 0x04, 0x00,
  0x00, 0x40, 0x00, 0xC0, 0x00, 0x04, 0x00, 0x08, 0x00, 0x00, 0x60, 0x01,
  0x80, 0x00, 0x06, 0x00, 0x10, 0x00, 0x00, 0x60, 0x03, 0x00, 0x00, 0x02,
  0x00, 0x20, 0x00, 0x00, 0x20, 0x06, 0x00, 0x00, 0x02, 0x00, 0x40, 0x00,
  0x00, 0x30, 0x0C, 0x00, 0x00, 0x03, 0x00, 0x80, 0x00, 0x00, 0x30, 0x18,
  0x00, 0x00, 0x01, 0x01, 0x00, 0x00, 0x00, 0x10, 0x30, 0x00, 0x00, 0x01,
  0x02, 0x00, 0x00, 0x00, 0x18, 0x60, 0x00, 0x00, 0x01, 0x84, 0x00, 0x00,
  0x00, 0x18, 0xC0, 0x00, 0x00, 0x00, 0x88, 0x00, 0x00, 0x00, 0x09, 0x80,
  0x00, 0x00, 0x00, 0x90, 0x00, 0x00, 0x00, 0x0F, 0x00, 0x00, 0x00, 0x00,
  0xE0, 0x00, 0x00, 0x00, 0x0E, 0x00, 0x00, 0x00, 0x18, 0x00, 0x00, 0x00,
  0x04, 0x60, 0x00, 0x00, 0x00, 0x31, 0x80, 0x00, 0x00, 0x00, 0xC6, 0x00,
  0x00, 0x00, 0x02, 0x18, 0x00, 0x00, 0x00, 0x08, 0x60, 0x00, 0x00, 0x00,
  0x61, 0x00, 0x00, 0x00, 0x01, 0x84, 0x00, 0x00, 0x00, 0x04, 0x10, 0x00,
  0x00, 0x00, 0x10, 0x40, 0x00, 0x00, 0x00, 0xC1, 0x00, 0x00, 0x00, 0x03,
  0x04, 0x00, 0x00, 0x00, 0x08, 0x10, 0x00, 0x00, 0x00, 0x60, 0xC0, 0x00,
  0x00, 0x01, 0x83, 0x00, 0x00, 0x00, 0x04, 0x0C, 0x00, 0x18, 0x00, 0x10,
  0x30, 0x00, 0x60, 0x00, 0xC0, 0xC0, 0x03, 0xC0, 0x03, 0x03, 0x00, 0x0B,
  0x00, 0x08, 0x0C, 0x00, 0x6C, 0x00, 0x20, 0x20, 0x01, 0x30, 0x01, 0x80,
  0x80, 0x0C, 0x40, 0x06, 0x02, 0x00, 0x21, 0x00, 0x10, 0x08, 0x01, 0x84,
  0x00, 0x40, 0x20, 0x06, 0x10, 0x03, 0x00, 0x80, 0x30, 0x60, 0x0C, 0x02,
  0x00, 0xC1, 0x80, 0x20, 0x08, 0x02, 0x06, 0x01, 0x80, 0x60, 0x18, 0x18,
  0x06, 0x01, 0x80, 0x40, 0x20, 0x10, 0x06, 0x03, 0x00, 0x80, 0x40, 0x18,
  0x08, 0x02, 0x03, 0x00, 0x60, 0x60, 0x0C, 0x0C, 0x01, 0x81, 0x00, 0x30,
  0x20, 0x06, 0x0C, 0x00, 0xC0, 0x80, 0x10, 0x20, 0x03, 0x06, 0x00, 0x41,
  0x80, 0x04, 0x18, 0x01, 0x06, 0x00, 0x10, 0x40, 0x04, 0x30, 0x00, 0x41,
  0x00, 0x10, 0xC0, 0x01, 0x0C, 0x00, 0x46, 0x00, 0x06, 0x30, 0x01, 0x18,
  0x00, 0x18, 0x80, 0x0C, 0x40, 0x00, 0x66, 0x00, 0x33, 0x00, 0x01, 0x98,
  0x00, 0xC8, 0x00, 0x02, 0x60, 0x03, 0x60, 0x00, 0x09, 0x00, 0x0D, 0x00,
  0x00, 0x2C, 0x00, 0x3C, 0x00, 0x00, 0xB0, 0x00, 0xE0, 0x00, 0x03, 0x80,
  0x03, 0x80, 0x00, 0x0E, 0x00, 0x00, 0x00, 0x60, 0x00, 0x00, 0x00, 0x60,
  0x0C, 0x00, 0x00, 0x00, 0x18, 0x00, 0xC0, 0x00, 0x00, 0x06, 0x00, 0x18,
  0x00, 0x00, 0x01, 0xC0, 0x01, 0x80, 0x00, 0x00, 0x30, 0x00, 0x30, 0x00,
  0x00, 0x0C, 0x00, 0x03, 0x00, 0x00, 0x03, 0x00, 0x00, 0x60, 0x00, 0x00,
  0xC0, 0x00, 0x06, 0x00, 0x00, 0x30, 0x00, 0x00, 0xC0, 0x00, 0x0E, 0x00,
  0x00, 0x0C, 0x00, 0x01, 0x80, 0x00, 0x01, 0x80, 0x00, 0x60, 0x00, 0x00,
  0x18, 0x00, 0x18, 0x00, 0x00, 0x03, 0x00, 0x06, 0x00, 0x00, 0x00, 0x30,
  0x01, 0x80, 0x00, 0x00, 0x06, 0x00, 0x20, 0x00, 0x00, 0x00, 0x60, 0x0C,
  0x00, 0x00, 0x00, 0x0C, 0x03, 0x00, 0x00, 0x00, 0x00, 0xC0, 0xC0, 0x00,
  0x00, 0x00, 0x18, 0x30, 0x00, 0x00, 0x00, 0x01, 0x8C, 0x00, 0x00, 0x00,
  0x00, 0x31, 0x00, 0x00, 0x00, 0x00, 0x03, 0x60, 0x00, 0x00, 0x00, 0x00,
  0x78, 0x00, 0x00, 0x00, 0x00, 0x06, 0x00, 0x00, 0x00, 0x00, 0x01, 0xC0,
  0x00, 0x00, 0x00, 0x00, 0x6C, 0x00, 0x00, 0x00, 0x00, 0x18, 0x80, 0x00,
  0x00, 0x00, 0x03, 0x18, 0x00, 0x00, 0x00, 0x00, 0xC1, 0x00, 0x00, 0x00,
  0x00, 0x30, 0x30, 0x00, 0x00, 0x00, 0x0C, 0x02, 0x00, 0x00, 0x00, 0x03,
  0x00, 0x60, 0x00, 0x00, 0x00, 0xC0, 0x04, 0x00, 0x00, 0x00, 0x18, 0x00,
  0xC0, 0x00, 0x00, 0x06, 0x00, 0x08, 0x00, 0x00, 0x01, 0x80, 0x01, 0x80,
  0x00, 0x00, 0x60, 0x00, 0x10, 0x00, 0x00, 0x18, 0x00, 0x03, 0x00, 0x00,
  0x06, 0x00, 0x00, 0x20, 0x00, 0x00, 0xC0, 0x00, 0x06, 0x00, 0x00, 0x30,
  0x00, 0x00, 0x40, 0x00, 0x0C, 0x00, 0x00, 0x0C, 0x00, 0x03, 0x00, 0x00,
  0x00, 0x80, 0x00, 0xC0, 0x00, 0x00, 0x18, 0x00, 0x30, 0x00, 0x00, 0x01,
  0x00, 0x0E, 0x00, 0x00, 0x00, 0x30, 0x01, 0x80, 0x00, 0x00, 0x02, 0x00,
  0x60, 0x00, 0x00, 0x00, 0x60, 0x18, 0x00, 0x00, 0x00, 0x06, 0x00, 0xC0,
  0x00, 0x00, 0x00, 0x06, 0xC0, 0x00, 0x00, 0x00, 0x19, 0x80, 0x00, 0x00,
  0x00, 0x61, 0x80, 0x00, 0x00, 0x00, 0xC3, 0x00, 0x00, 0x00, 0x03, 0x03,
  0x00, 0x00, 0x00, 0x0C, 0x06, 0x00, 0x00, 0x00, 0x30, 0x06, 0x00, 0x00,
  0x00, 0xC0, 0x0C, 0x00, 0x00, 0x01, 0x00, 0x0C, 0x00, 0x00, 0x06, 0x00,
  0x18, 0x00, 0x00, 0x18, 0x00, 0x18, 0x00, 0x00, 0x60, 0x00, 0x30, 0x00,
  0x01, 0x80, 0x00, 0x30, 0x00, 0x06, 0x00, 0x00, 0x60, 0x00, 0x0C, 0x00,
  0x00, 0x40, 0x00, 0x30, 0x00, 0x00, 0xC0, 0x00, 0xC0, 0x00, 0x00, 0x80,
  0x03, 0x00, 0x00, 0x01, 0x80, 0x0C, 0x00, 0x00, 0x01, 0x00, 0x30, 0x00,
  0x00, 0x03, 0x00, 0x60, 0x00, 0x00, 0x02, 0x01, 0x80, 0x00, 0x00, 0x06,
  0x06, 0x00, 0x00, 0x00, 0x04, 0x18, 0x00, 0x00, 0x00, 0x0C, 0x60, 0x00,
  0x00, 0x00, 0x08, 0x80, 0x00, 0x00, 0x00, 0x1B, 0x00, 0x00, 0x00, 0x00,
  0x1C, 0x00, 0x00, 0x00, 0x00, 0x30, 0x00, 0x00, 0x00, 0x00, 0x60, 0x00,
  0x00, 0x00, 0x00, 0xC0, 0x00, 0x00, 0x00, 0x01, 0x00, 0x00, 0x00, 0x00,
  0x02, 0x00, 0x00, 0x00, 0x00, 0x0C, 0x00, 0x00, 0x00, 0x00, 0x18, 0x00,
  0x00, 0x00, 0x00, 0x30, 0x00, 0x00, 0x00, 0x00, 0x60, 0x00, 0x00, 0x00,
  0x00, 0x80, 0x00, 0x00, 0x00, 0x01, 0x00, 0x00, 0x00, 0x00, 0x06, 0x00,
  0x00, 0x00, 0x00, 0x0C, 0x00, 0x00, 0x00, 0x00, 0x18, 0x00, 0x00, 0x00,
  0x00, 0x30, 0x00, 0x00, 0x00, 0x00, 0x40, 0x00, 0x00, 0x00, 0x00, 0x80,
  0x00, 0x00, 0x00, 0x03, 0x00, 0x00, 0x00, 0x00, 0x06, 0x00, 0x00, 0x00,
  0x00, 0x0C, 0x00, 0x00, 0x00, 0x00, 0x18, 0x00, 0x00, 0x00, 0x00, 0x20,
  0x00, 0x00, 0x00, 0x00, 0x3F, 0xFF, 0xFF, 0xFF, 0xE0, 0x00, 0x00, 0x00,
  0x00, 0x0C, 0x00, 0x00, 0x00, 0x00, 0x03, 0x00, 0x00, 0x00, 0x00, 0x00,
  0xC0, 0x00, 0x00, 0x00, 0x00, 0x30, 0x00, 0x00, 0x00, 0x00, 0x0C, 0x00,
  0x00, 0x00, 0x00, 0x01, 0x80, 0x00, 0x00, 0x00, 0x00, 0x60, 0x00, 0x00,
  0x00, 0x00, 0x18, 0x00, 0x00, 0x00, 0x00, 0x06, 0x00, 0x00, 0x00, 0x00,
  0x01, 0x80, 0x00, 0x00, 0x00, 0x00, 0x60, 0x00, 0x00, 0x00, 0x00, 0x18,
  0x00, 0x00, 0x00, 0x00, 0x03, 0x00, 0x00, 0x00, 0x00, 0x00, 0xC0, 0x00,
  0x00, 0x00, 0x00, 0x30, 0x00, 0x00, 0x00, 0x00, 0x0C, 0x00, 0x00, 0x00,
  0x00, 0x03, 0x00, 0x00, 0x00, 0x00, 0x00, 0xC0, 0x00, 0x00, 0x00, 0x00,
  0x18, 0x00, 0x00, 0x00, 0x00, 0x06, 0x00, 0x00, 0x00, 0x00, 0x01, 0x80,
  0x00, 0x00, 0x00, 0x00, 0x60, 0x00, 0x00, 0x00, 0x00, 0x18, 0x00, 0x00,
  0x00, 0x00, 0x06, 0x00, 0x00, 0x00, 0x00, 0x01, 0x80, 0x00, 0x00, 0x00,
  0x00, 0x30, 0x00, 0x00, 0x00, 0x00, 0x0C, 0x00, 0x00, 0x00, 0x00, 0x03,
  0x00, 0x00, 0x00, 0x00, 0x00, 0xC0, 0x00, 0x00, 0x00, 0x00, 0x30, 0x00,
  0x00, 0x00, 0x00, 0x0C, 0x00, 0x00, 0x00, 0x00, 0x01, 0x80, 0x00, 0x00,
  0x00, 0x00, 0x60, 0x00, 0x00, 0x00, 0x00, 0x18, 0x00, 0x00, 0x00, 0x00,
  0x06, 0x00, 0x00, 0x00, 0x00, 0x01, 0x80, 0x00, 0x00, 0x00, 0x00, 0x60,
  0x00, 0x00, 0x00, 0x00, 0x18, 0x00, 0x00, 0x00, 0x00, 0x03, 0x00, 0x00,
  0x00, 0x00, 0x00, 0xC0, 0x00, 0x00, 0x00, 0x00, 0x30, 0x00, 0x00, 0x00,
  0x00, 0x0C, 0x00, 0x00, 0x00, 0x00, 0x03, 0x00, 0x00, 0x00, 0x00, 0x00,
  0xC0, 0x00, 0x00, 0x00, 0x00, 0x30, 0x00, 0x00, 0x00, 0x00, 0x06, 0x00,
  0x00, 0x00, 0x00, 0x01, 0x80, 0x00, 0x00, 0x00, 0x00, 0x60, 0x00, 0x00,
  0x00, 0x00, 0x1F, 0xFF, 0xFF, 0xFF, 0xFF, 0x00, 0x00, 0x1F, 0xFF, 0xF0,
  0x01, 0x00, 0x00, 0x00, 0x10, 0x00, 0x00, 0x03, 0x00, 0x00, 0x00, 0x30,
  0x00, 0x00, 0x03, 0x00, 0x00, 0x00, 0x20, 0x00, 0x00, 0x02, 0x00, 0x00,
  0x00, 0x20, 0x00, 0x00, 0x06, 0x00, 0x00, 0x00, 0x60, 0x00, 0x00, 0x06,
  0x00, 0x00, 0x00, 0x40, 0x00, 0x00, 0x04, 0x00, 0x00, 0x00, 0x40, 0x00,
  0x00, 0x0C, 0x00, 0x00, 0x00, 0xC0, 0x00, 0x00, 0x0C, 0x00, 0x00, 0x00,
  0x80, 0x00, 0x00, 0x08, 0x00, 0x00, 0x00, 0x80, 0x00, 0x00, 0x18, 0x00,
  0x00, 0x01, 0x80, 0x00, 0x00, 0x18, 0x00, 0x00, 0x01, 0x00, 0x00, 0x00,
  0x10, 0x00, 0x00, 0x01, 0x00, 0x00, 0x00, 0x30, 0x00, 0x00, 0x03, 0x00,
  0x00, 0x00, 0x30, 0x00, 0x00, 0x02, 0x00, 0x00, 0x00, 0x20, 0x00, 0x00,
  0x02, 0x00, 0x00, 0x00, 0x60, 0x00, 0x00, 0x06, 0x00, 0x00, 0x00, 0x60,
  0x00, 0x00, 0x04, 0x00, 0x00, 0x00, 0x40, 0x00, 0x00, 0x04, 0x00, 0x00,
  0x00, 0xC0, 0x00, 0x00, 0x0C, 0x00, 0x00, 0x00, 0xC0, 0x00, 0x00, 0x08,
  0x00, 0x00, 0x00, 0x80, 0x00, 0x00, 0x08, 0x00, 0x00, 0x01, 0x80, 0x00,
  0x00, 0x18, 0x00, 0x00, 0x01, 0x80, 0x00, 0x00, 0x10, 0x00, 0x00, 0x01,
  0x00, 0x00, 0x00, 0x10, 0x00, 0x00, 0x03, 0x00, 0x00, 0x00, 0x30, 0x00,
  0x00, 0x03, 0x00, 0x00, 0x00, 0x20, 0x00, 0x00, 0x02, 0x00, 0x00, 0x00,
  0x20, 0x00, 0x00, 0x06, 0x00, 0x00, 0x00, 0x60, 0x00, 0x00, 0x06, 0x00,
  0x00, 0x00, 0x60, 0x00, 0x00, 0x04, 0x00, 0x00, 0x00, 0x40, 0x00, 0x00,
  0x0C, 0x00, 0x00, 0x00, 0xFF, 0xFF, 0xC0, 0x00, 0xC0, 0x00, 0x20, 0x00,
  0x10, 0x00, 0x08, 0x00, 0x06, 0x00, 0x01, 0x00, 0x00, 0x80, 0x00, 0x40,
  0x00, 0x30, 0x00, 0x08, 0x00, 0x04, 0x00, 0x02, 0x00, 0x01, 0x00, 0x00,
  0xC0, 0x00, 0x20, 0x00, 0x10, 0x00, 0x08, 0x00, 0x06, 0x00, 0x01, 0x00,
  0x00, 0x80, 0x00, 0x40, 0x00, 0x30, 0x00, 0x08, 0x00, 0x04, 0x00, 0x02,
  0x00, 0x01, 0x80, 0x00, 0x40, 0x00, 0x20, 0x00, 0x10, 0x00, 0x08, 0x00,
  0x06, 0x00, 0x01, 0x00, 0x00, 0x80, 0x00, 0x40, 0x00, 0x30, 0x00, 0x08,
  0x00, 0x04, 0x00, 0x02, 0x00, 0x01, 0x80, 0x00, 0x40, 0x00, 0x20, 0x00,
  0x10, 0x00, 0x08, 0x00, 0x06, 0x00, 0x01, 0x00, 0x00, 0x80, 0x00, 0x40,
  0x00, 0x30, 0x00, 0x08, 0x00, 0x04, 0x00, 0x02, 0x00, 0x01, 0x80, 0x00,
  0x40, 0x00, 0x20, 0x00, 0x10, 0x00, 0x0C, 0x00, 0x02, 0x00, 0x01, 0x00,
  0x00, 0x80, 0x00, 0x40, 0x00, 0x30, 0x00, 0x08, 0x00, 0x04, 0x00, 0x02,
  0x00, 0x01, 0x80, 0x00, 0x1F, 0xFF, 0xF0, 0x00, 0x00, 0x03, 0x00, 0x00,
  0x00, 0x30, 0x00, 0x00, 0x03, 0x00, 0x00, 0x00, 0x20, 0x00, 0x00, 0x02,
  0x00, 0x00, 0x00, 0x20, 0x00, 0x00, 0x06, 0x00, 0x00, 0x00, 0x60, 0x00,
  0x00, 0x06, 0x00, 0x00, 0x00, 0x40, 0x00, 0x00, 0x04, 0x00, 0x00, 0x00,
  0x40, 0x00, 0x00, 0x0C, 0x00, 0x00, 0x00, 0xC0, 0x00, 0x00, 0x0C, 0x00,
  0x00, 0x00, 0x80, 0x00, 0x00, 0x08, 0x00, 0x00, 0x00, 0x80, 0x00, 0x00,
  0x18, 0x00, 0x00, 0x01, 0x80, 0x00, 0x00, 0x18, 0x00, 0x00, 0x01, 0x00,
  0x00, 0x00, 0x10, 0x00, 0x00, 0x01, 0x00, 0x00, 0x00, 0x30, 0x00, 0x00,
  0x03, 0x00, 0x00, 0x00, 0x30, 0x00, 0x00, 0x02, 0x00, 0x00, 0x00, 0x20,
  0x00, 0x00, 0x02, 0x00, 0x00, 0x00, 0x60, 0x00, 0x00, 0x06, 0x00, 0x00,
  0x00, 0x60, 0x00, 0x00, 0x04, 0x00, 0x00, 0x00, 0x40, 0x00, 0x00, 0x04,
  0x00, 0x00, 0x00, 0xC0, 0x00, 0x00, 0x0C, 0x00, 0x00, 0x00, 0xC0, 0x00,
  0x00, 0x08, 0x00, 0x00, 0x00, 0x80, 0x00, 0x00, 0x08, 0x00, 0x00, 0x01,
  0x80, 0x00, 0x00, 0x18, 0x00, 0x00, 0x01, 0x80, 0x00, 0x00, 0x10, 0x00,
  0x00, 0x01, 0x00, 0x00, 0x00, 0x10, 0x00, 0x00, 0x01, 0x00, 0x00, 0x00,
  0x30, 0x00, 0x00, 0x03, 0x00, 0x00, 0x00, 0x20, 0x00, 0x00, 0x02, 0x00,
  0x00, 0x00, 0x20, 0x00, 0x00, 0x02, 0x00, 0x00, 0x00, 0x60, 0x00, 0x00,
  0x06, 0x00, 0x00, 0x00, 0x40, 0x00, 0x00, 0x04, 0x00, 0x00, 0x00, 0x40,
  0x00, 0x00, 0x04, 0x00, 0x00, 0x00, 0xC0, 0x00, 0x00, 0x0C, 0x00, 0xFF,
  0xFF, 0x80, 0x00, 0x00, 0x00, 0x0C, 0x00, 0x00, 0x00, 0x0E, 0x00, 0x00,
  0x00, 0x0D, 0x80, 0x00, 0x00, 0x0C, 0x40, 0x00, 0x00, 0x04, 0x30, 0x00,
  0x00, 0x06, 0x18, 0x00, 0x00, 0x06, 0x06, 0x00, 0x00, 0x06, 0x03, 0x00,
  0x00, 0x02, 0x00, 0x80, 0x00, 0x03, 0x00, 0x60, 0x00, 0x03, 0x00, 0x10,
  0x00, 0x03, 0x00, 0x0C, 0x00, 0x03, 0x00, 0x02, 0x00, 0x01, 0x80, 0x01,
  0x80, 0x01, 0x80, 0x00, 0xC0, 0x01, 0x80, 0x00, 0x20, 0x01, 0x80, 0x00,
  0x18, 0x00, 0x80, 0x00, 0x04, 0x00, 0xC0, 0x00, 0x03, 0x00, 0xC0, 0x00,
  0x00, 0x80, 0xC0, 0x00, 0x00, 0x60, 0x40, 0x00, 0x00, 0x30, 0x60, 0x00,
  0x00, 0x0C, 0x60, 0x00, 0x00, 0x06, 0x60, 0x00, 0x00, 0x01, 0x20, 0x00,
  0x00, 0x00, 0xF0, 0x00, 0x00, 0x00, 0x20, 0xFF, 0xFF, 0xFF, 0xFF, 0xC0,
  0x40, 0xE0, 0x60, 0x30, 0x30, 0x18, 0x08, 0x0C, 0x04, 0x06, 0x03, 0x01,
  0x00, 0x03, 0xFC, 0x00, 0x00, 0x0E, 0x01, 0xC0, 0x80, 0x18, 0x00, 0x30,
  0x40, 0x18, 0x00, 0x04, 0x60, 0x18, 0x00, 0x01, 0x30, 0x18, 0x00, 0x00,
  0xD8, 0x18, 0x00, 0x00, 0x28, 0x08, 0x00, 0x00, 0x1C, 0x08, 0x00, 0x00,
  0x06, 0x0C, 0x00, 0x00, 0x03, 0x04, 0x00, 0x00, 0x01, 0x86, 0x00, 0x00,
  0x00, 0xC3, 0x00, 0x00, 0x00, 0x41, 0x00, 0x00, 0x00, 0x21, 0x80, 0x00,
  0x00, 0x10, 0xC0, 0x00, 0x00, 0x18, 0x60, 0x00, 0x00, 0x0C, 0x20, 0x00,
  0x00, 0x06, 0x10, 0x00, 0x00, 0x02, 0x18, 0x00, 0x00, 0x01, 0x0C, 0x00,
  0x00, 0x00, 0x86, 0x00, 0x00, 0x00, 0xC3, 0x00, 0x00, 0x00, 0x61, 0x80,
  0x00, 0x00, 0x30, 0xC0, 0x00, 0x00, 0x10, 0x60, 0x00, 0x00, 0x08, 0x30,
  0x00, 0x00, 0x0C, 0x18, 0x00, 0x00, 0x06, 0x0C, 0x00, 0x00, 0x03, 0x02,
  0x00, 0x00, 0x03, 0x81, 0x00, 0x00, 0x03, 0x80, 0xC0, 0x00, 0x01, 0x40,
  0x20, 0x00, 0x01, 0x20, 0x18, 0x00, 0x01, 0xB0, 0x04, 0x00, 0x01, 0x98,
  0x01, 0x00, 0x01, 0x8C, 0x00, 0x60, 0x01, 0x84, 0x00, 0x1C, 0x07, 0x03,
  0xFC, 0x01, 0xFC, 0x00, 0x00, 0x00, 0x40, 0x00, 0x00, 0x00, 0xC0, 0x00,
  0x00, 0x00, 0xC0, 0x00, 0x00, 0x00, 0xC0, 0x00, 0x00, 0x00, 0x80, 0x00,
  0x00, 0x00, 0x80, 0x00, 0x00, 0x00, 0x80, 0x00, 0x00, 0x01, 0x80, 0x00,
  0x00, 0x01, 0x80, 0x00, 0x00, 0x01, 0x80, 0x00, 0x00, 0x01, 0x00, 0x00,
  0x00, 0x01, 0x00, 0x00, 0x00, 0x01, 0x00, 0x00, 0x00, 0x03, 0x00, 0x00,
  0x00, 0x03, 0x00, 0x00, 0x00, 0x03, 0x00, 0xFE, 0x00, 0x02, 0x07, 0x01,
  0xC0, 0x02, 0x08, 0x00, 0x60, 0x02, 0x30, 0x00, 0x10, 0x06, 0x60, 0x00,
  0x08, 0x06, 0x40, 0x00, 0x0C, 0x06, 0x80, 0x00, 0x04, 0x05, 0x00, 0x00,
  0x06, 0x05, 0x00, 0x00, 0x02, 0x06, 0x00, 0x00, 0x02, 0x0E, 0x00, 0x00,
  0x03, 0x0C, 0x00, 0x00, 0x03, 0x0C, 0x00, 0x00, 0x03, 0x08, 0x00, 0x00,
  0x01, 0x08, 0x00, 0x00, 0x01, 0x18, 0x00, 0x00, 0x01, 0x18, 0x00, 0x00,
  0x03, 0x18, 0x00, 0x00, 0x03, 0x18, 0x00, 0x00, 0x03, 0x10, 0x00, 0x00,
  0x03, 0x10, 0x00, 0x00, 0x03, 0x30, 0x00, 0x00, 0x02, 0x30, 0x00, 0x00,
  0x02, 0x30, 0x00, 0x00, 0x06, 0x30, 0x00, 0x00, 0x06, 0x20, 0x00, 0x00,
  0x04, 0x20, 0x00, 0x00, 0x0C, 0x60, 0x00, 0x00, 0x0C, 0x60, 0x00, 0x00,
  0x08, 0x60, 0x00, 0x00, 0x18, 0x60, 0x00, 0x00, 0x10, 0x70, 0x00, 0x00,
  0x30, 0x50, 0x00, 0x00, 0x60, 0xD8, 0x00, 0x00, 0xC0, 0xC8, 0x00, 0x01,
  0x80, 0xC4, 0x00, 0x03, 0x00, 0xC3, 0x00, 0x06, 0x00, 0x80, 0xC0, 0x38,
  0x00, 0x00, 0x3F, 0xE0, 0x00, 0x00, 0x03, 0xFC, 0x00, 0x00, 0x70, 0x0E,
  0x00, 0x06, 0x00, 0x0C, 0x00, 0x30, 0x00, 0x18, 0x01, 0x00, 0x00, 0x30,
  0x08, 0x00, 0x00, 0x60, 0x40, 0x00, 0x00, 0x83, 0x00, 0x00, 0x02, 0x18,
  0x00, 0x00, 0x04, 0x40, 0x00, 0x00, 0x03, 0x00, 0x00, 0x00, 0x0C, 0x00,
  0x00, 0x00, 0x20, 0x00, 0x00, 0x01, 0x80, 0x00, 0x00, 0x06, 0x00, 0x00,
  0x00, 0x10, 0x00, 0x00, 0x00, 0x40, 0x00, 0x00, 0x03, 0x00, 0x00, 0x00,
  0x0C, 0x00, 0x00, 0x00, 0x30, 0x00, 0x00, 0x00, 0xC0, 0x00, 0x00, 0x03,
  0x00, 0x00, 0x00, 0x08, 0x00, 0x00, 0x00, 0x20, 0x00, 0x00, 0x00, 0x80,
  0x00, 0x00, 0x02, 0x00, 0x00, 0x00, 0x0C, 0x00, 0x00, 0x00, 0x30, 0x00,
  0x00, 0x00, 0xC0, 0x00, 0x00, 0x19, 0x00, 0x00, 0x00, 0xC4, 0x00, 0x00,
  0x02, 0x18, 0x00, 0x00, 0x18, 0x20, 0x00, 0x00, 0xC0, 0xC0, 0x00, 0x06,
  0x01, 0x80, 0x00, 0x30, 0x03, 0x00, 0x01, 0x80, 0x06, 0x00, 0x1C, 0x00,
  0x06, 0x01, 0xC0, 0x00, 0x07, 0xF8, 0x00, 0x00, 0x00, 0x00, 0x00, 0x00,
  0x60, 0x00, 0x00, 0x00, 0x0C, 0x00, 0x00, 0x00, 0x01, 0x80, 0x00, 0x00,
  0x00, 0x20, 0x00, 0x00, 0x00, 0x04, 0x00, 0x00, 0x00, 0x00, 0x80, 0x00,
  0x00, 0x00, 0x30, 0x00, 0x00, 0x00, 0x06, 0x00, 0x00, 0x00, 0x00, 0xC0,
  0x00, 0x00, 0x00, 0x10, 0x00, 0x00, 0x00, 0x02, 0x00, 0x00, 0x00, 0x00,
  0x40, 0x00, 0x00, 0x00, 0x18, 0x00, 0x00, 0x00, 0x03, 0x00, 0x00, 0x00,
  0x00, 0x60, 0x00, 0x1F, 0xE0, 0x08, 0x00, 0x1C, 0x03, 0x81, 0x00, 0x0C,
  0x00, 0x18, 0x20, 0x03, 0x00, 0x00, 0x8C, 0x00, 0xC0, 0x00, 0x09, 0x80,
  0x30, 0x00, 0x01, 0xB0, 0x0C, 0x00, 0x00, 0x14, 0x01, 0x00, 0x00, 0x03,
  0x80, 0x40, 0x00, 0x00, 0x30, 0x18, 0x00, 0x00, 0x06, 0x02, 0x00, 0x00,
  0x00, 0xC0, 0xC0, 0x00, 0x00, 0x18, 0x18, 0x00, 0x00, 0x02, 0x02, 0x00,
  0x00, 0x00, 0x40, 0xC0, 0x00, 0x00, 0x08, 0x18, 0x00, 0x00, 0x03, 0x03,
  0x00, 0x00, 0x00, 0x60, 0x40, 0x00, 0x00, 0x0C, 0x08, 0x00, 0x00, 0x01,
  0x03, 0x00, 0x00, 0x00, 0x20, 0x60, 0x00, 0x00, 0x04, 0x0C, 0x00, 0x00,
  0x01, 0x81, 0x80, 0x00, 0x00, 0x30, 0x30, 0x00, 0x00, 0x06, 0x06, 0x00,
  0x00, 0x00, 0x80, 0xC0, 0x00, 0x00, 0x10, 0x18, 0x00, 0x00, 0x06, 0x03,
  0x00, 0x00, 0x00, 0xC0, 0x60, 0x00, 0x00, 0x18, 0x04, 0x00, 0x00, 0x07,
  0x00, 0x80, 0x00, 0x01, 0xC0, 0x18, 0x00, 0x00, 0x28, 0x01, 0x00, 0x00,
  0x09, 0x00, 0x30, 0x00, 0x03, 0x60, 0x02, 0x00, 0x00, 0xCC, 0x00, 0x20,
  0x00, 0x31, 0x80, 0x03, 0x00, 0x0C, 0x20, 0x00, 0x38, 0x0E, 0x04, 0x00,
  0x00, 0xFE, 0x00, 0x00, 0x00, 0x00, 0x01, 0xFE, 0x00, 0x00, 0x38, 0x07,
  0x00, 0x03, 0x00, 0x06, 0x00, 0x10, 0x00, 0x06, 0x01, 0x80, 0x00, 0x08,
  0x0C, 0x00, 0x00, 0x30, 0x60, 0x00, 0x00, 0xC1, 0x00, 0x00, 0x01, 0x08,
  0x00, 0x00, 0x04, 0x60, 0x00, 0x00, 0x11, 0x00, 0x00, 0x00, 0x4C, 0x00,
  0x00, 0x03, 0x20, 0x00, 0x00, 0x08, 0x80, 0x00, 0x00, 0x66, 0x00, 0x00,
  0x03, 0x10, 0x00, 0x00, 0x18, 0x40, 0x00, 0x01, 0x83, 0x00, 0x00, 0x18,
  0x0C, 0x00, 0x07, 0x80, 0x30, 0x07, 0xE0, 0x00, 0xFF, 0xE0, 0x00, 0x02,
  0x00, 0x00, 0x00, 0x08, 0x00, 0x00, 0x00, 0x20, 0x00, 0x00, 0x00, 0x80,
  0x00, 0x00, 0x03, 0x00, 0x00, 0x00, 0x0C, 0x00, 0x00, 0x00, 0x30, 0x00,
  0x00, 0x02, 0xC0, 0x00, 0x00, 0x19, 0x00, 0x00, 0x00, 0x46, 0x00, 0x00,
  0x03, 0x18, 0x00, 0x00, 0x18, 0x20, 0x00, 0x00, 0x40, 0xC0, 0x00, 0x02,
  0x01, 0x80, 0x00, 0x10, 0x03, 0x00, 0x01, 0x80, 0x06, 0x00, 0x0C, 0x00,
  0x07, 0x01, 0xC0, 0x00, 0x07, 0xFC, 0x00, 0x00, 0x00, 0x00, 0x00, 0x0F,
  0xFF, 0xF8, 0x00, 0x00, 0x00, 0xC0, 0x00, 0x00, 0x00, 0x00, 0x04, 0x00,
  0x00, 0x00, 0x00, 0x00, 0x20, 0x00, 0x00, 0x00, 0x00, 0x01, 0x00, 0x00,
  0x00, 0x00, 0x00, 0x18, 0x00, 0x00, 0x00, 0x00, 0x00, 0xC0, 0x00, 0x00,
  0x00, 0x00, 0x06, 0x00, 0x00, 0x00, 0x00, 0x00, 0x30, 0x00, 0x00, 0x00,
  0x00, 0x01, 0x00, 0x00, 0x00, 0x00, 0x00, 0x08, 0x00, 0x00, 0x00, 0x00,
  0x00, 0xC0, 0x00, 0x00, 0x00, 0x00, 0x06, 0x00, 0x00, 0x00, 0x00, 0x00,
  0x30, 0x00, 0x00, 0x00, 0x00, 0x01, 0x80, 0x00, 0x00, 0x00, 0x00, 0x08,
  0x00, 0x00, 0x00, 0x1F, 0xFF, 0xFF, 0xFF, 0xC0, 0x00, 0x00, 0x06, 0x00,
  0x00, 0x00, 0x00, 0x00, 0x30, 0x00, 0x00, 0x00, 0x00, 0x01, 0x80, 0x00,
  0x00, 0x00, 0x00, 0x08, 0x00, 0x00, 0x00, 0x00, 0x00, 0x40, 0x00, 0x00,
  0x00, 0x00, 0x02, 0x00, 0x00, 0x00, 0x00, 0x00, 0x30, 0x00, 0x00, 0x00,
  0x00, 0x01, 0x80, 0x00, 0x00, 0x00, 0x00, 0x0C, 0x00, 0x00, 0x00, 0x00,
  0x00, 0x40, 0x00, 0x00, 0x00, 0x00, 0x02, 0x00, 0x00, 0x00, 0x00, 0x00,
  0x10, 0x00, 0x00, 0x00, 0x00, 0x01, 0x80, 0x00, 0x00, 0x00, 0x00, 0x0C,
  0x00, 0x00, 0x00, 0x00, 0x00, 0x60, 0x00, 0x00, 0x00, 0x00, 0x02, 0x00,
  0x00, 0x00, 0x00, 0x00, 0x10, 0x00, 0x00, 0x00, 0x00, 0x00, 0x80, 0x00,
  0x00, 0x00, 0x00, 0x0C, 0x00, 0x00, 0x00, 0x00, 0x00, 0x60, 0x00, 0x00,
  0x00, 0x00, 0x03, 0x00, 0x00, 0x00, 0x00, 0x00, 0x10, 0x00, 0x00, 0x00,
  0x00, 0x00, 0x80, 0x00, 0x00, 0x00, 0x00, 0x04, 0x00, 0x00, 0x00, 0x00,
  0x00, 0x60, 0x00, 0x00, 0x00, 0x00, 0x03, 0x00, 0x00, 0x00, 0x00, 0x00,
  0x18, 0x00, 0x00, 0x00, 0x00, 0x00, 0x80, 0x00, 0x00, 0x00, 0x00, 0x04,
  0x00, 0x00, 0x00, 0x00, 0x00, 0x20, 0x00, 0x00, 0x00, 0x00, 0x03, 0x00,
  0x00, 0x00, 0x00, 0x00, 0x18, 0x00, 0x00, 0x00, 0x00, 0x00, 0xC0, 0x00,
  0x00, 0x00, 0x00, 0x04, 0x00, 0x00, 0x00, 0x00, 0x00, 0x20, 0x00, 0x00,
  0x00, 0x00, 0x01, 0x00, 0x00, 0x00, 0x00, 0x00, 0x18, 0x00, 0x00, 0x03,
  0x00, 0x00, 0xC0, 0x00, 0x00, 0x0C, 0x00, 0x06, 0x00, 0x00, 0x00, 0x30,
  0x00, 0x20, 0x00, 0x00, 0x00, 0xC0, 0x01, 0x00, 0x00, 0x00, 0x01, 0x00,
  0x08, 0x00, 0x00, 0x00, 0x04, 0x00, 0xC0, 0x00, 0x00, 0x00, 0x18, 0x06,
  0x00, 0x00, 0x00, 0x00, 0x60, 0x30, 0x00, 0x00, 0x00, 0x01, 0x81, 0x00,
  0x00, 0x00, 0x00, 0x06, 0x08, 0x00, 0x00, 0x00, 0x00, 0x18, 0x40, 0x00,
  0x00, 0x00, 0x00, 0x66, 0x00, 0x00, 0x00, 0x00, 0x01, 0xB0, 0x00, 0x00,
  0x00, 0x00, 0x03, 0x00, 0x00, 0x00, 0x00, 0x00, 0x01, 0xFE, 0x00, 0x00,
  0x07, 0x00, 0xE0, 0x40, 0x0C, 0x00, 0x18, 0x20, 0x0C, 0x00, 0x02, 0x30,
  0x0C, 0x00, 0x00, 0x98, 0x0C, 0x00, 0x00, 0x6C, 0x0C, 0x00, 0x00, 0x14,
  0x04, 0x00, 0x00, 0x0E, 0x04, 0x00, 0x00, 0x03, 0x06, 0x00, 0x00, 0x01,
  0x82, 0x00, 0x00, 0x00, 0xC3, 0x00, 0x00, 0x00, 0x61, 0x80, 0x00, 0x00,
  0x20, 0x80, 0x00, 0x00, 0x10, 0xC0, 0x00, 0x00, 0x08, 0x60, 0x00, 0x00,
  0x0C, 0x30, 0x00, 0x00, 0x06, 0x10, 0x00, 0x00, 0x03, 0x08, 0x00, 0x00,
  0x01, 0x0C, 0x00, 0x00, 0x00, 0x86, 0x00, 0x00, 0x00, 0x43, 0x00, 0x00,
  0x00, 0x61, 0x80, 0x00, 0x00, 0x30, 0xC0, 0x00, 0x00, 0x18, 0x60, 0x00,
  0x00, 0x08, 0x30, 0x00, 0x00, 0x04, 0x18, 0x00, 0x00, 0x06, 0x0C, 0x00,
  0x00, 0x03, 0x06, 0x00, 0x00, 0x01, 0x81, 0x00, 0x00, 0x01, 0xC0, 0x80,
  0x00, 0x01, 0xC0, 0x60, 0x00, 0x00, 0xA0, 0x10, 0x00, 0x00, 0x90, 0x0C,
  0x00, 0x00, 0xD8, 0x02, 0x00, 0x00, 0xCC, 0x00, 0x80, 0x00, 0xC6, 0x00,
  0x30, 0x00, 0xC2, 0x00, 0x0E, 0x03, 0x81, 0x00, 0x00, 0xFE, 0x00, 0x80,
  0x00, 0x00, 0x00, 0xC0, 0x00, 0x00, 0x00, 0x60, 0x00, 0x00, 0x00, 0x20,
  0x00, 0x00, 0x00, 0x10, 0x00, 0x00, 0x00, 0x18, 0x00, 0x00, 0x00, 0x08,
  0x00, 0x00, 0x00, 0x0C, 0x00, 0x00, 0x00, 0x04, 0x00, 0x00, 0x00, 0x06,
  0x00, 0xC0, 0x00, 0x06, 0x00, 0x70, 0x00, 0x06, 0x00, 0x0C, 0x00, 0x0E,
  0x00, 0x03, 0xC0, 0x3C, 0x00, 0x00, 0x3F, 0xF0, 0x00, 0x00, 0x00, 0x60,
  0x00, 0x00, 0x01, 0x00, 0x00, 0x00, 0x04, 0x00, 0x00, 0x00, 0x10, 0x00,
  0x00, 0x00, 0xC0, 0x00, 0x00, 0x03, 0x00, 0x00, 0x00, 0x0C, 0x00, 0x00,
  0x00, 0x20, 0x00, 0x00, 0x00, 0x80, 0x00, 0x00, 0x02, 0x00, 0x00, 0x00,
  0x18, 0x00, 0x00, 0x00, 0x60, 0x00, 0x00, 0x01, 0x80, 0x00, 0x00, 0x04,
  0x00, 0x00, 0x00, 0x10, 0x00, 0x00, 0x00, 0x40, 0x3F, 0xC0, 0x03, 0x07,
  0x01, 0xC0, 0x0C, 0x30, 0x01, 0x80, 0x31, 0x00, 0x03, 0x00, 0x88, 0x00,
  0x06, 0x02, 0x40, 0x00, 0x08, 0x0A, 0x00, 0x00, 0x20, 0x68, 0x00, 0x00,
  0xC1, 0xC0, 0x00, 0x03, 0x07, 0x00, 0x00, 0x0C, 0x18, 0x00, 0x00, 0x30,
  0x60, 0x00, 0x00, 0xC1, 0x00, 0x00, 0x03, 0x0C, 0x00, 0x00, 0x0C, 0x30,
  0x00, 0x00, 0x20, 0xC0, 0x00, 0x00, 0x82, 0x00, 0x00, 0x02, 0x08, 0x00,
  0x00, 0x18, 0x20, 0x00, 0x00, 0x61, 0x80, 0x00, 0x01, 0x86, 0x00, 0x00,
  0x04, 0x18, 0x00, 0x00, 0x10, 0x40, 0x00, 0x00, 0x41, 0x00, 0x00, 0x03,
  0x04, 0x00, 0x00, 0x0C, 0x30, 0x00, 0x00, 0x30, 0xC0, 0x00, 0x00, 0x83,
  0x00, 0x00, 0x02, 0x08, 0x00, 0x00, 0x08, 0x20, 0x00, 0x00, 0x60, 0x80,
  0x00, 0x01, 0x86, 0x00, 0x00, 0x06, 0x18, 0x00, 0x00, 0x10, 0x60, 0x00,
  0x00, 0x41, 0x00, 0x00, 0x01, 0x04, 0x00, 0x00, 0x0C, 0x10, 0x00, 0x00,
  0x30, 0xC0, 0x00, 0x00, 0xC0, 0x00, 0x00, 0x70, 0x00, 0x00, 0x03, 0xE0,
  0x00, 0x00, 0x0F, 0x00, 0x00, 0x00, 0x1C, 0x00, 0x00, 0x00, 0x00, 0x00,
  0x00, 0x00, 0x00, 0x00, 0x00, 0x00, 0x00, 0x00, 0x00, 0x00, 0x00, 0x00,
  0x00, 0x00, 0x00, 0x00, 0x00, 0x00, 0x00, 0x00, 0x00, 0x00, 0x00, 0x00,
  0x00, 0x00, 0x00, 0x00, 0x00, 0x00, 0x00, 0x00, 0x00, 0x00, 0x00, 0x00,
  0x00, 0x00, 0x00, 0x00, 0x00, 0x00, 0x00, 0x00, 0x03, 0xFF, 0xFC, 0x00,
  0x00, 0x00, 0x30, 0x00, 0x00, 0x00, 0xC0, 0x00, 0x00, 0x03, 0x00, 0x00,
  0x00, 0x08, 0x00, 0x00, 0x00, 0x20, 0x00, 0x00, 0x01, 0x80, 0x00, 0x00,
  0x06, 0x00, 0x00, 0x00, 0x18, 0x00, 0x00, 0x00, 0x60, 0x00, 0x00, 0x01,
  0x00, 0x00, 0x00, 0x04, 0x00, 0x00, 0x00, 0x30, 0x00, 0x00, 0x00, 0xC0,
  0x00, 0x00, 0x03, 0x00, 0x00, 0x00, 0x08, 0x00, 0x00, 0x00, 0x20, 0x00,
  0x00, 0x01, 0x80, 0x00, 0x00, 0x06, 0x00, 0x00, 0x00, 0x18, 0x00, 0x00,
  0x00, 0x40, 0x00, 0x00, 0x01, 0x00, 0x00, 0x00, 0x0C, 0x00, 0x00, 0x00,
  0x30, 0x00, 0x00, 0x00, 0xC0, 0x00, 0x30, 0x02, 0x00, 0x03, 0x00, 0x08,
  0x00, 0x18, 0x00, 0x60, 0x01, 0x80, 0x01, 0x80, 0x0C, 0x00, 0x06, 0x00,
  0x40, 0x00, 0x10, 0x06, 0x00, 0x00, 0x40, 0x20, 0x00, 0x03, 0x03, 0x00,
  0x00, 0x0C, 0x10, 0x00, 0x00, 0x31, 0x80, 0x00, 0x00, 0xC8, 0x00, 0x00,
  0x02, 0xC0, 0x00, 0x00, 0x0C, 0x00, 0x00, 0x00, 0x00, 0x00, 0x00, 0x38,
  0x00, 0x00, 0x03, 0xC0, 0x00, 0x00, 0x1E, 0x00, 0x00, 0x00, 0x70, 0x00,
  0x00, 0x00, 0x00, 0x00, 0x00, 0x00, 0x00, 0x00, 0x00, 0x00, 0x00, 0x00,
  0x00, 0x00, 0x00, 0x00, 0x00, 0x00, 0x00, 0x00, 0x00, 0x00, 0x00, 0x00,
  0x00, 0x00, 0x00, 0x00, 0x00, 0x00, 0x00, 0x00, 0x00, 0x00, 0x00, 0x00,
  0x00, 0x00, 0x00, 0x00, 0x00, 0x00, 0x00, 0x00, 0x00, 0x01, 0xFF, 0xFF,
  0xFE, 0x00, 0x00, 0x00, 0x30, 0x00, 0x00, 0x01, 0x00, 0x00, 0x00, 0x08,
  0x00, 0x00, 0x00, 0x40, 0x00, 0x00, 0x06, 0x00, 0x00, 0x00, 0x30, 0x00,
  0x00, 0x01, 0x80, 0x00, 0x00, 0x08, 0x00, 0x00, 0x00, 0x40, 0x00, 0x00,
  0x02, 0x00, 0x00, 0x00, 0x30, 0x00, 0x00, 0x01, 0x80, 0x00, 0x00, 0x0C,
  0x00, 0x00, 0x00, 0x40, 0x00, 0x00, 0x02, 0x00, 0x00, 0x00, 0x10, 0x00,
  0x00, 0x01, 0x80, 0x00, 0x00, 0x0C, 0x00, 0x00, 0x00, 0x60, 0x00, 0x00,
  0x02, 0x00, 0x00, 0x00, 0x10, 0x00, 0x00, 0x00, 0x80, 0x00, 0x00, 0x0C,
  0x00, 0x00, 0x00, 0x60, 0x00, 0x00, 0x03, 0x00, 0x00, 0x00, 0x10, 0x00,
  0x00, 0x00, 0x80, 0x00, 0x00, 0x04, 0x00, 0x00, 0x00, 0x60, 0x00, 0x00,
  0x03, 0x00, 0x00, 0x00, 0x18, 0x00, 0x00, 0x00, 0x80, 0x00, 0x00, 0x04,
  0x00, 0x00, 0x00, 0x20, 0x00, 0x00, 0x03, 0x00, 0x00, 0x00, 0x18, 0x00,
  0x00, 0x00, 0xC0, 0x10, 0x00, 0x04, 0x00, 0x60, 0x00, 0x20, 0x01, 0x80,
  0x01, 0x00, 0x06, 0x00, 0x18, 0x00, 0x18, 0x00, 0xC0, 0x00, 0x60, 0x06,
  0x00, 0x01, 0x80, 0x20, 0x00, 0x02, 0x01, 0x00, 0x00, 0x08, 0x08, 0x00,
  0x00, 0x30, 0xC0, 0x00, 0x00, 0xC6, 0x00, 0x00, 0x03, 0x30, 0x00, 0x00,
  0x0D, 0x00, 0x00, 0x00, 0x38, 0x00, 0x00, 0x00, 0xC0, 0x00, 0x00, 0x00,
  0x18, 0x00, 0x00, 0x00, 0x03, 0x00, 0x00, 0x00, 0x00, 0x40, 0x00, 0x00,
  0x00, 0x08, 0x00, 0x00, 0x00, 0x01, 0x00, 0x00, 0x00, 0x00, 0x60, 0x00,
  0x00, 0x00, 0x0C, 0x00, 0x00, 0x00, 0x01, 0x80, 0x00, 0x00, 0x00, 0x20,
  0x00, 0x00, 0x00, 0x04, 0x00, 0x00, 0x00, 0x00, 0x80, 0x00, 0x00, 0x00,
  0x30, 0x00, 0x00, 0x00, 0x06, 0x00, 0x00, 0x00, 0x00, 0xC0, 0x00, 0x00,
  0x00, 0x10, 0x07, 0xFC, 0x00, 0x02, 0x03, 0x80, 0xE0, 0x00, 0x41, 0x80,
  0x06, 0x00, 0x18, 0xC0, 0x00, 0x60, 0x03, 0x30, 0x00, 0x06, 0x00, 0x6C,
  0x00, 0x00, 0xC0, 0x09, 0x00, 0x00, 0x08, 0x01, 0x40, 0x00, 0x01, 0x00,
  0x30, 0x00, 0x00, 0x20, 0x0E, 0x00, 0x00, 0x04, 0x01, 0x80, 0x00, 0x00,
  0x80, 0x30, 0x00, 0x00, 0x30, 0x06, 0x00, 0x00, 0x04, 0x00, 0x80, 0x00,
  0x01, 0x80, 0x10, 0x00, 0x00, 0x60, 0x06, 0x00, 0x00, 0x18, 0x00, 0xC0,
  0x00, 0x06, 0x00, 0x18, 0x00, 0x03, 0x80, 0x02, 0x00, 0x01, 0xC0, 0x00,
  0x40, 0x00, 0xE0, 0x00, 0x08, 0x00, 0xE0, 0x00, 0x03, 0x00, 0xE0, 0x00,
  0x00, 0x60, 0x30, 0x00, 0x00, 0x0C, 0x03, 0x00, 0x00, 0x01, 0x00, 0x60,
  0x00, 0x00, 0x20, 0x06, 0x00, 0x00, 0x04, 0x00, 0xC0, 0x00, 0x05, 0x80,
  0x0C, 0x00, 0x01, 0x30, 0x00, 0x80, 0x00, 0x46, 0x00, 0x18, 0x00, 0x10,
  0x80, 0x01, 0x00, 0x04, 0x10, 0x00, 0x30, 0x01, 0x02, 0x00, 0x02, 0x00,
  0x40, 0xC0, 0x00, 0x60, 0x10, 0x18, 0x00, 0x06, 0x04, 0x03, 0x00, 0x00,
  0x43, 0x00, 0x40, 0x00, 0x0C, 0xC0, 0x08, 0x00, 0x00, 0xB0, 0x00, 0x00,
  0x00, 0x1C, 0x00, 0x00, 0xFF, 0xFF, 0x80, 0x00, 0x00, 0x30, 0x00, 0x00,
  0x04, 0x00, 0x00, 0x01, 0x80, 0x00, 0x00, 0x30, 0x00, 0x00, 0x06, 0x00,
  0x00, 0x00, 0xC0, 0x00, 0x00, 0x10, 0x00, 0x00, 0x06, 0x00, 0x00, 0x00,
  0xC0, 0x00, 0x00, 0x18, 0x00, 0x00, 0x03, 0x00, 0x00, 0x00, 0x40, 0x00,
  0x00, 0x08, 0x00, 0x00, 0x03, 0x00, 0x00, 0x00, 0x60, 0x00, 0x00, 0x0C,
  0x00, 0x00, 0x01, 0x00, 0x00, 0x00, 0x20, 0x00, 0x00, 0x0C, 0x00, 0x00,
  0x01, 0x80, 0x00, 0x00, 0x30, 0x00, 0x00, 0x04, 0x00, 0x00, 0x00, 0x80,
  0x00, 0x00, 0x30, 0x00, 0x00, 0x06, 0x00, 0x00, 0x00, 0xC0, 0x00, 0x00,
  0x18, 0x00, 0x00, 0x02, 0x00, 0x00, 0x00, 0xC0, 0x00, 0x00, 0x18, 0x00,
  0x00, 0x03, 0x00, 0x00, 0x00, 0x60, 0x00, 0x00, 0x08, 0x00, 0x00, 0x03,
  0x00, 0x00, 0x00, 0x60, 0x00, 0x00, 0x0C, 0x00, 0x00, 0x01, 0x80, 0x00,
  0x00, 0x20, 0x00, 0x00, 0x0C, 0x00, 0x00, 0x01, 0x80, 0x00, 0x60, 0x30,
  0x00, 0x10, 0x06, 0x00, 0x0C, 0x00, 0x80, 0x03, 0x00, 0x10, 0x01, 0x80,
  0x06, 0x00, 0x60, 0x00, 0xC0, 0x10, 0x00, 0x18, 0x0C, 0x00, 0x02, 0x02,
  0x00, 0x00, 0x41, 0x80, 0x00, 0x18, 0x40, 0x00, 0x03, 0x30, 0x00, 0x00,
  0x68, 0x00, 0x00, 0x0E, 0x00, 0x00, 0x00, 0x00, 0x07, 0xE0, 0x0F, 0xC0,
  0x0C, 0x60, 0xC0, 0x40, 0xC0, 0x32, 0x00, 0x86, 0x01, 0x00, 0x90, 0x03,
  0x30, 0x02, 0x02, 0x80, 0x0C, 0x80, 0x08, 0x1A, 0x00, 0x14, 0x00, 0x30,
  0x70, 0x00, 0x60, 0x00, 0xC1, 0x80, 0x01, 0x80, 0x03, 0x06, 0x00, 0x0C,
  0x00, 0x0C, 0x10, 0x00, 0x30, 0x00, 0x30, 0x40, 0x00, 0xC0, 0x00, 0x83,
  0x00, 0x03, 0x00, 0x02, 0x0C, 0x00, 0x08, 0x00, 0x18, 0x30, 0x00, 0x20,
  0x00, 0x60, 0x80, 0x00, 0x80, 0x01, 0x82, 0x00, 0x06, 0x00, 0x06, 0x08,
  0x00, 0x18, 0x00, 0x10, 0x60, 0x00, 0x60, 0x00, 0x41, 0x80, 0x01, 0x00,
  0x03, 0x06, 0x00, 0x04, 0x00, 0x0C, 0x10, 0x00, 0x10, 0x00, 0x30, 0x40,
  0x00, 0xC0, 0x00, 0xC1, 0x00, 0x03, 0x00, 0x02, 0x0C, 0x00, 0x0C, 0x00,
  0x08, 0x30, 0x00, 0x20, 0x00, 0x60, 0xC0, 0x00, 0x80, 0x01, 0x82, 0x00,
  0x02, 0x00, 0x06, 0x08, 0x00, 0x18, 0x00, 0x18, 0x20, 0x00, 0x60, 0x00,
  0x41, 0x80, 0x01, 0x80, 0x01, 0x06, 0x00, 0x04, 0x00, 0x0C, 0x18, 0x00,
  0x10, 0x00, 0x30, 0x40, 0x00, 0x40, 0x00, 0xC1, 0x00, 0x03, 0x00, 0x03,
  0x04, 0x00, 0x0C, 0x00, 0x08, 0x30, 0x00, 0x30, 0x00, 0x20, 0xC0, 0x00,
  0x80, 0x01, 0x83, 0x00, 0x02, 0x00, 0x06, 0x00, 0x00, 0x00, 0xFF, 0x00,
  0x0C, 0x1C, 0x07, 0x00, 0x30, 0xC0, 0x06, 0x00, 0xC4, 0x00, 0x0C, 0x02,
  0x20, 0x00, 0x18, 0x09, 0x00, 0x00, 0x20, 0x28, 0x00, 0x00, 0x81, 0xA0,
  0x00, 0x03, 0x07, 0x00, 0x00, 0x0C, 0x1C, 0x00, 0x00, 0x30, 0x60, 0x00,
  0x00, 0xC1, 0x80, 0x00, 0x03, 0x04, 0x00, 0x00, 0x0C, 0x30, 0x00, 0x00,
  0x30, 0xC0, 0x00, 0x00, 0x83, 0x00, 0x00, 0x02, 0x08, 0x00, 0x00, 0x08,
  0x20, 0x00, 0x00, 0x60, 0x80, 0x00, 0x01, 0x86, 0x00, 0x00, 0x06, 0x18,
  0x00, 0x00, 0x10, 0x60, 0x00, 0x00, 0x41, 0x00, 0x00, 0x01, 0x04, 0x00,
  0x00, 0x0C, 0x10, 0x00, 0x00, 0x30, 0xC0, 0x00, 0x00, 0xC3, 0x00, 0x00,
  0x02, 0x0C, 0x00, 0x00, 0x08, 0x20, 0x00, 0x00, 0x20, 0x80, 0x00, 0x01,
  0x82, 0x00, 0x00, 0x06, 0x18, 0x00, 0x00, 0x18, 0x60, 0x00, 0x00, 0x41,
  0x80, 0x00, 0x01, 0x04, 0x00, 0x00, 0x04, 0x10, 0x00, 0x00, 0x30, 0x40,
  0x00, 0x00, 0xC3, 0x00, 0x00, 0x03, 0x00, 0x00, 0x03, 0xFC, 0x00, 0x00,
  0x38, 0x07, 0x00, 0x01, 0x80, 0x03, 0x00, 0x04, 0x00, 0x01, 0x00, 0x10,
  0x00, 0x01, 0x00, 0x40, 0x00, 0x01, 0x01, 0x00, 0x00, 0x03, 0x06, 0x00,
  0x00, 0x02, 0x08, 0x00, 0x00, 0x04, 0x30, 0x00, 0x00, 0x0C, 0x40, 0x00,
  0x00, 0x09, 0x80, 0x00, 0x00, 0x12, 0x00, 0x00, 0x00, 0x2C, 0x00, 0x00,
  0x00, 0x58, 0x00, 0x00, 0x00, 0xB0, 0x00, 0x00, 0x01, 0x40, 0x00, 0x00,
  0x03, 0x80, 0x00, 0x00, 0x07, 0x00, 0x00, 0x00, 0x1E, 0x00, 0x00, 0x00,
  0x3C, 0x00, 0x00, 0x00, 0x78, 0x00, 0x00, 0x00, 0xE0, 0x00, 0x00, 0x01,
  0x40, 0x00, 0x00, 0x02, 0x80, 0x00, 0x00, 0x0D, 0x00, 0x00, 0x00, 0x1A,
  0x00, 0x00, 0x00, 0x26, 0x00, 0x00, 0x00, 0xCC, 0x00, 0x00, 0x01, 0x98,
  0x00, 0x00, 0x02, 0x10, 0x00, 0x00, 0x0C, 0x30, 0x00, 0x00, 0x30, 0x20,
  0x00, 0x00, 0x40, 0x60, 0x00, 0x01, 0x00, 0x40, 0x00, 0x06, 0x00, 0x40,
  0x00, 0x10, 0x00, 0x60, 0x00, 0xC0, 0x00, 0x70, 0x0E, 0x00, 0x00, 0x1F,
  0xF0, 0x00, 0x00, 0x00, 0x00, 0x1F, 0xC0, 0x00, 0x08, 0x1C, 0x07, 0x00,
  0x01, 0x04, 0x00, 0x30, 0x00, 0x23, 0x00, 0x01, 0x00, 0x0C, 0xC0, 0x00,
  0x10, 0x01, 0x90, 0x00, 0x03, 0x00, 0x34, 0x00, 0x00, 0x20, 0x05, 0x00,
  0x00, 0x06, 0x00, 0xA0, 0x00, 0x00, 0x40, 0x18, 0x00, 0x00, 0x08, 0x07,
  0x00, 0x00, 0x01, 0x80, 0xC0, 0x00, 0x00, 0x30, 0x18, 0x00, 0x00, 0x06,
  0x02, 0x00, 0x00, 0x00, 0x40, 0x40, 0x00, 0x00, 0x08, 0x18, 0x00, 0x00,
  0x01, 0x03, 0x00, 0x00, 0x00, 0x60, 0x60, 0x00, 0x00, 0x0C, 0x0C, 0x00,
  0x00, 0x01, 0x81, 0x00, 0x00, 0x00, 0x30, 0x20, 0x00, 0x00, 0x06, 0x0C,
  0x00, 0x00, 0x00, 0x81, 0x80, 0x00, 0x00, 0x10, 0x30, 0x00, 0x00, 0x06,
  0x06, 0x00, 0x00, 0x00, 0xC0, 0x80, 0x00, 0x00, 0x10, 0x10, 0x00, 0x00,
  0x06, 0x06, 0x00, 0x00, 0x00, 0xC0, 0xC0, 0x00, 0x00, 0x10, 0x18, 0x00,
  0x00, 0x06, 0x03, 0x00, 0x00, 0x00, 0x80, 0x70, 0x00, 0x00, 0x30, 0x0A,
  0x00, 0x00, 0x0C, 0x03, 0x60, 0x00, 0x03, 0x00, 0x64, 0x00, 0x00, 0xC0,
  0x0C, 0x40, 0x00, 0x30, 0x01, 0x86, 0x00, 0x0C, 0x00, 0x20, 0x30, 0x0E,
  0x00, 0x04, 0x01, 0xFF, 0x00, 0x01, 0x80, 0x00, 0x00, 0x00, 0x30, 0x00,
  0x00, 0x00, 0x06, 0x00, 0x00, 0x00, 0x00, 0xC0, 0x00, 0x00, 0x00, 0x10,
  0x00, 0x00, 0x00, 0x02, 0x00, 0x00, 0x00, 0x00, 0xC0, 0x00, 0x00, 0x00,
  0x18, 0x00, 0x00, 0x00, 0x03, 0x00, 0x00, 0x00, 0x00, 0x60, 0x00, 0x00,
  0x00, 0x08, 0x00, 0x00, 0x00, 0x01, 0x00, 0x00, 0x00, 0x00, 0x60, 0x00,
  0x00, 0x00, 0x00, 0x00, 0x03, 0xFC, 0x00, 0x00, 0x1C, 0x03, 0x81, 0x00,
  0x60, 0x00, 0xC1, 0x00, 0xC0, 0x00, 0x23, 0x01, 0x80, 0x00, 0x13, 0x03,
  0x00, 0x00, 0x1B, 0x06, 0x00, 0x00, 0x0A, 0x04, 0x00, 0x00, 0x0E, 0x08,
  0x00, 0x00, 0x06, 0x18, 0x00, 0x00, 0x06, 0x10, 0x00, 0x00, 0x06, 0x30,
  0x00, 0x00, 0x06, 0x30, 0x00, 0x00, 0x04, 0x20, 0x00, 0x00, 0x04, 0x60,
  0x00, 0x00, 0x04, 0x60, 0x00, 0x00, 0x0C, 0x60, 0x00, 0x00, 0x0C, 0x40,
  0x00, 0x00, 0x0C, 0x40, 0x00, 0x00, 0x08, 0xC0, 0x00, 0x00, 0x08, 0xC0,
  0x00, 0x00, 0x08, 0xC0, 0x00, 0x00, 0x18, 0xC0, 0x00, 0x00, 0x18, 0xC0,
  0x00, 0x00, 0x18, 0xC0, 0x00, 0x00, 0x10, 0xC0, 0x00, 0x00, 0x10, 0xC0,
  0x00, 0x00, 0x30, 0xC0, 0x00, 0x00, 0x30, 0xC0, 0x00, 0x00, 0x30, 0x40,
  0x00, 0x00, 0x70, 0x40, 0x00, 0x00, 0xE0, 0x60, 0x00, 0x00, 0xA0, 0x20,
  0x00, 0x01, 0x20, 0x30, 0x00, 0x03, 0x60, 0x10, 0x00, 0x06, 0x60, 0x08,
  0x00, 0x0C, 0x60, 0x06, 0x00, 0x18, 0x40, 0x03, 0x80, 0xE0, 0x40, 0x00,
  0x7F, 0x00, 0x40, 0x00, 0x00, 0x00, 0xC0, 0x00, 0x00, 0x00, 0xC0, 0x00,
  0x00, 0x00, 0xC0, 0x00, 0x00, 0x00, 0x80, 0x00, 0x00, 0x00, 0x80, 0x00,
  0x00, 0x00, 0x80, 0x00, 0x00, 0x01, 0x80, 0x00, 0x00, 0x01, 0x80, 0x00,
  0x00, 0x01, 0x80, 0x00, 0x00, 0x01, 0x00, 0x00, 0x00, 0x01, 0x00, 0x00,
  0x00, 0x01, 0x00, 0x00, 0x00, 0x03, 0x00, 0xFF, 0xFC, 0x07, 0xFF, 0xC0,
  0x03, 0x0E, 0x00, 0x00, 0x00, 0xC6, 0x00, 0x00, 0x00, 0x36, 0x00, 0x00,
  0x00, 0x09, 0x00, 0x00, 0x00, 0x02, 0x80, 0x00, 0x00, 0x00, 0xC0, 0x00,
  0x00, 0x00, 0x60, 0x00, 0x00, 0x00, 0x18, 0x00, 0x00, 0x00, 0x06, 0x00,
  0x00, 0x00, 0x01, 0x00, 0x00, 0x00, 0x00, 0x40, 0x00, 0x00, 0x00, 0x10,
  0x00, 0x00, 0x00, 0x0C, 0x00, 0x00, 0x00, 0x03, 0x00, 0x00, 0x00, 0x00,
  0xC0, 0x00, 0x00, 0x00, 0x20, 0x00, 0x00, 0x00, 0x08, 0x00, 0x00, 0x00,
  0x02, 0x00, 0x00, 0x00, 0x01, 0x80, 0x00, 0x00, 0x00, 0x60, 0x00, 0x00,
  0x00, 0x18, 0x00, 0x00, 0x00, 0x04, 0x00, 0x00, 0x00, 0x01, 0x00, 0x00,
  0x00, 0x00, 0x40, 0x00, 0x00, 0x00, 0x30, 0x00, 0x00, 0x00, 0x0C, 0x00,
  0x00, 0x00, 0x03, 0x00, 0x00, 0x00, 0x00, 0x80, 0x00, 0x00, 0x00, 0x20,
  0x00, 0x00, 0x00, 0x08, 0x00, 0x00, 0x00, 0x06, 0x00, 0x00, 0x00, 0x01,
  0x80, 0x00, 0x00, 0x00, 0x60, 0x00, 0x00, 0x00, 0x10, 0x00, 0x00, 0x00,
  0x04, 0x00, 0x00, 0x00, 0x03, 0x00, 0x00, 0x00, 0x00, 0x00, 0x03, 0xFF,
  0x00, 0x00, 0x0E, 0x00, 0x70, 0x00, 0x18, 0x00, 0x06, 0x00, 0x10, 0x00,
  0x00, 0xC0, 0x10, 0x00, 0x00, 0x30, 0x18, 0x00, 0x00, 0x0C, 0x18, 0x00,
  0x00, 0x04, 0x0C, 0x00, 0x00, 0x00, 0x04, 0x00, 0x00, 0x00, 0x02, 0x00,
  0x00, 0x00, 0x01, 0x00, 0x00, 0x00, 0x00, 0x80, 0x00, 0x00, 0x00, 0x40,
  0x00, 0x00, 0x00, 0x30, 0x00, 0x00, 0x00, 0x08, 0x00, 0x00, 0x00, 0x06,
  0x00, 0x00, 0x00, 0x01, 0x80, 0x00, 0x00, 0x00, 0x38, 0x00, 0x00, 0x00,
  0x07, 0xFC, 0x00, 0x00, 0x00, 0x03, 0xF0, 0x00, 0x00, 0x00, 0x07, 0x00,
  0x00, 0x00, 0x00, 0xC0, 0x00, 0x00, 0x00, 0x30, 0x00, 0x00, 0x00, 0x08,
  0x00, 0x00, 0x00, 0x06, 0x00, 0x00, 0x00, 0x03, 0x00, 0x00, 0x00, 0x01,
  0x80, 0x00, 0x00, 0x00, 0xC0, 0x00, 0x00, 0x00, 0x60, 0x00, 0x00, 0x00,
  0x30, 0x00, 0x00, 0x00, 0x11, 0x00, 0x00, 0x00, 0x08, 0xC0, 0x00, 0x00,
  0x0C, 0x30, 0x00, 0x00, 0x0C, 0x0C, 0x00, 0x00, 0x04, 0x03, 0x00, 0x00,
  0x0C, 0x00, 0x60, 0x00, 0x1C, 0x00, 0x0E, 0x00, 0x78, 0x00, 0x00, 0xFF,
  0xE0, 0x00, 0x00, 0x00, 0x60, 0x00, 0x00, 0x00, 0x06, 0x00, 0x00, 0x00,
  0x00, 0x40, 0x00, 0x00, 0x00, 0x04, 0x00, 0x00, 0x00, 0x00, 0x40, 0x00,
  0x00, 0x00, 0x0C, 0x00, 0x00, 0x00, 0x00, 0xC0, 0x00, 0x00, 0x00, 0x0C,
  0x00, 0x00, 0x00, 0x00, 0x80, 0x00, 0x00, 0x00, 0x08, 0x00, 0x00, 0x00,
  0x00, 0x80, 0x00, 0x00, 0x00, 0x18, 0x00, 0x00, 0x00, 0x01, 0x80, 0x00,
  0x07, 0xFF, 0xFF, 0xFF, 0xFF, 0x80, 0x01, 0x00, 0x00, 0x00, 0x00, 0x10,
  0x00, 0x00, 0x00, 0x01, 0x00, 0x00, 0x00, 0x00, 0x30, 0x00, 0x00, 0x00,
  0x03, 0x00, 0x00, 0x00, 0x00, 0x30, 0x00, 0x00, 0x00, 0x02, 0x00, 0x00,
  0x00, 0x00, 0x20, 0x00, 0x00, 0x00, 0x06, 0x00, 0x00, 0x00, 0x00, 0x60,
  0x00, 0x00, 0x00, 0x06, 0x00, 0x00, 0x00, 0x00, 0x60, 0x00, 0x00, 0x00,
  0x04, 0x00, 0x00, 0x00, 0x00, 0x40, 0x00, 0x00, 0x00, 0x0C, 0x00, 0x00,
  0x00, 0x00, 0xC0, 0x00, 0x00, 0x00, 0x0C, 0x00, 0x00, 0x00, 0x00, 0xC0,
  0x00, 0x00, 0x00, 0x08, 0x00, 0x00, 0x00, 0x00, 0x80, 0x00, 0x00, 0x00,
  0x18, 0x00, 0x00, 0x00, 0x01, 0x80, 0x00, 0x00, 0x00, 0x18, 0x00, 0x00,
  0x00, 0x01, 0x80, 0x00, 0x20, 0x00, 0x10, 0x00, 0x07, 0x00, 0x01, 0x00,
  0x00, 0x80, 0x00, 0x30, 0x00, 0x30, 0x00, 0x03, 0x00, 0x0C, 0x00, 0x00,
  0x30, 0x01, 0x80, 0x00, 0x03, 0x00, 0x60, 0x00, 0x00, 0x20, 0x08, 0x00,
  0x00, 0x02, 0x03, 0x00, 0x00, 0x00, 0x60, 0xC0, 0x00, 0x00, 0x06, 0x18,
  0x00, 0x00, 0x00, 0x66, 0x00, 0x00, 0x00, 0x06, 0x80, 0x00, 0x00, 0x00,
  0x70, 0x00, 0x00, 0x00, 0x04, 0x00, 0x00, 0x0C, 0x30, 0x00, 0x00, 0x30,
  0xC0, 0x00, 0x00, 0x83, 0x00, 0x00, 0x02, 0x08, 0x00, 0x00, 0x08, 0x20,
  0x00, 0x00, 0x60, 0x80, 0x00, 0x01, 0x86, 0x00, 0x00, 0x06, 0x18, 0x00,
  0x00, 0x10, 0x60, 0x00, 0x00, 0x41, 0x00, 0x00, 0x01, 0x04, 0x00, 0x00,
  0x0C, 0x10, 0x00, 0x00, 0x30, 0xC0, 0x00, 0x00, 0xC3, 0x00, 0x00, 0x02,
  0x0C, 0x00, 0x00, 0x08, 0x20, 0x00, 0x00, 0x20, 0x80, 0x00, 0x01, 0x82,
  0x00, 0x00, 0x06, 0x18, 0x00, 0x00, 0x18, 0x60, 0x00, 0x00, 0x41, 0x80,
  0x00, 0x01, 0x04, 0x00, 0x00, 0x04, 0x10, 0x00, 0x00, 0x30, 0x40, 0x00,
  0x00, 0xC3, 0x00, 0x00, 0x03, 0x0C, 0x00, 0x00, 0x08, 0x30, 0x00, 0x00,
  0x60, 0xC0, 0x00, 0x01, 0x83, 0x00, 0x00, 0x0E, 0x04, 0x00, 0x00, 0x58,
  0x10, 0x00, 0x01, 0x60, 0x60, 0x00, 0x09, 0x00, 0x80, 0x00, 0x44, 0x03,
  0x00, 0x02, 0x10, 0x06, 0x00, 0x30, 0xC0, 0x0E, 0x03, 0x83, 0x00, 0x07,
  0xF0, 0x00, 0x00, 0xFF, 0xE0, 0x00, 0x02, 0x00, 0x60, 0x00, 0x06, 0x00,
  0x40, 0x00, 0x03, 0x00, 0x40, 0x00, 0x03, 0x00, 0x40, 0x00, 0x03, 0x00,
  0x40, 0x00, 0x01, 0x00, 0xC0, 0x00, 0x01, 0x00, 0xC0, 0x00, 0x01, 0x00,
  0xC0, 0x00, 0x01, 0x00, 0x80, 0x00, 0x01, 0x00, 0x80, 0x00, 0x01, 0x00,
  0x80, 0x00, 0x03, 0x00, 0x80, 0x00, 0x03, 0x01, 0x80, 0x00, 0x03, 0x01,
  0x80, 0x00, 0x03, 0x01, 0x80, 0x00, 0x02, 0x01, 0x00, 0x00, 0x02, 0x01,
  0x00, 0x00, 0x06, 0x01, 0x00, 0x00, 0x04, 0x01, 0x00, 0x00, 0x04, 0x03,
  0x00, 0x00, 0x0C, 0x03, 0x00, 0x00, 0x08, 0x03, 0x00, 0x00, 0x18, 0x02,
  0x00, 0x00, 0x10, 0x02, 0x00, 0x00, 0x30, 0x02, 0x00, 0x00, 0x60, 0x02,
  0x00, 0x00, 0x40, 0x06, 0x00, 0x00, 0x80, 0x06, 0x00, 0x01, 0x80, 0x06,
  0x00, 0x03, 0x00, 0x04, 0x00, 0x06, 0x00, 0x04, 0x00, 0x08, 0x00, 0x04,
  0x00, 0x30, 0x00, 0x04, 0x00, 0xE0, 0x00, 0x0C, 0x03, 0x80, 0x00, 0x0C,
  0x1E, 0x00, 0x00, 0x07, 0xE0, 0x00, 0x00, 0x06, 0x00, 0x0C, 0x00, 0xC0,
  0x40, 0x00, 0xC0, 0x0C, 0x04, 0x00, 0x08, 0x00, 0x40, 0x40, 0x00, 0x80,
  0x06, 0x0C, 0x00, 0x08, 0x00, 0x60, 0xC0, 0x01, 0x80, 0x02, 0x0C, 0x00,
  0x18, 0x00, 0x20, 0x80, 0x01, 0x80, 0x02, 0x08, 0x00, 0x10, 0x00, 0x30,
  0x80, 0x01, 0x00, 0x03, 0x18, 0x00, 0x10, 0x00, 0x31, 0x80, 0x03, 0x00,
  0x03, 0x18, 0x00, 0x30, 0x00, 0x31, 0x00, 0x03, 0x00, 0x03, 0x10, 0x00,
  0x20, 0x00, 0x31, 0x00, 0x02, 0x00, 0x03, 0x30, 0x00, 0x20, 0x00, 0x33,
  0x00, 0x06, 0x00, 0x03, 0x30, 0x00, 0x60, 0x00, 0x32, 0x00, 0x06, 0x00,
  0x02, 0x20, 0x00, 0x40, 0x00, 0x22, 0x00, 0x04, 0x00, 0x02, 0x60, 0x00,
  0x40, 0x00, 0x66, 0x00, 0x0C, 0x00, 0x06, 0x60, 0x00, 0xC0, 0x00, 0x64,
  0x00, 0x0C, 0x00, 0x04, 0x40, 0x00, 0xC0, 0x00, 0xC4, 0x00, 0x08, 0x00,
  0x0C, 0xC0, 0x01, 0x80, 0x00, 0x8C, 0x00, 0x18, 0x00, 0x18, 0xC0, 0x01,
  0x80, 0x01, 0x8C, 0x00, 0x28, 0x00, 0x30, 0xC0, 0x02, 0x80, 0x02, 0x0C,
  0x00, 0x4C, 0x00, 0x60, 0x40, 0x08, 0x40, 0x0C, 0x06, 0x01, 0x86, 0x01,
  0x80, 0x30, 0x60, 0x30, 0x70, 0x00, 0xFC, 0x00, 0xF8, 0x00, 0x00, 0x07,
  0x00, 0x03, 0xF0, 0x00, 0x1C, 0x80, 0x0C, 0x1C, 0x00, 0xE0, 0xC0, 0x18,
  0x06, 0x03, 0x80, 0x60, 0x20, 0x06, 0x0E, 0x00, 0x20, 0x60, 0x03, 0x38,
  0x00, 0x20, 0xC0, 0x03, 0x60, 0x00, 0x30, 0x80, 0x03, 0x00, 0x00, 0x11,
  0x80, 0x03, 0x00, 0x00, 0x11, 0x00, 0x03, 0x00, 0x00, 0x13, 0x00, 0x03,
  0x00, 0x00, 0x1A, 0x00, 0x03, 0x00, 0x00, 0x1A, 0x00, 0x03, 0x00, 0x00,
  0x1C, 0x00, 0x03, 0x00, 0x00, 0x1C, 0x00, 0x00, 0x00, 0x00, 0x1C, 0x00,
  0x00, 0x00, 0x00, 0x1C, 0x00, 0x00, 0x00, 0x00, 0x18, 0x00, 0x00, 0x00,
  0x00, 0x18, 0x00, 0x00, 0x00, 0x00, 0x18, 0x00, 0x00, 0x00, 0x00, 0x18,
  0x00, 0x00, 0x00, 0x00, 0x18, 0x00, 0x00, 0x00, 0x00, 0x10, 0x00, 0x00,
  0x00, 0x00, 0x30, 0x00, 0x00, 0x00, 0x00, 0x30, 0x00, 0x00, 0x00, 0x00,
  0x30, 0x00, 0x00, 0x00, 0x00, 0x70, 0x00, 0x00, 0xC0, 0x00, 0x50, 0x00,
  0x00, 0xC0, 0x00, 0x50, 0x00, 0x00, 0x80, 0x00, 0xD0, 0x00, 0x00, 0x80,
  0x00, 0x98, 0x00, 0x00, 0x80, 0x00, 0x98, 0x00, 0x00, 0x80, 0x01, 0x08,
  0x00, 0x00, 0x80, 0x03, 0x08, 0x00, 0x0C, 0x80, 0x02, 0x0C, 0x00, 0x30,
  0xC0, 0x06, 0x04, 0x00, 0xC0, 0x40, 0x0C, 0x06, 0x03, 0x80, 0x60, 0x18,
  0x02, 0x0E, 0x00, 0x30, 0x60, 0x03, 0x38, 0x00, 0x0F, 0x80, 0x01, 0xE0,
  0x00, 0x00, 0x40, 0x00, 0x00, 0xC0, 0x30, 0x00, 0x00, 0x30, 0x0C, 0x00,
  0x00, 0x08, 0x03, 0x00, 0x00, 0x02, 0x00, 0x80, 0x00, 0x00, 0x80, 0x20,
  0x00, 0x00, 0x60, 0x08, 0x00, 0x00, 0x18, 0x06, 0x00, 0x00, 0x06, 0x01,
  0x80, 0x00, 0x01, 0x00, 0x60, 0x00, 0x00, 0x40, 0x10, 0x00, 0x00, 0x10,
  0x04, 0x00, 0x00, 0x0C, 0x01, 0x00, 0x00, 0x03, 0x00, 0xC0, 0x00, 0x00,
  0xC0, 0x30, 0x00, 0x00, 0x20, 0x0C, 0x00, 0x00, 0x08, 0x02, 0x00, 0x00,
  0x02, 0x00, 0x80, 0x00, 0x01, 0x80, 0x20, 0x00, 0x00, 0x60, 0x18, 0x00,
  0x00, 0x18, 0x06, 0x00, 0x00, 0x04, 0x01, 0x80, 0x00, 0x01, 0x00, 0x40,
  0x00, 0x00, 0x40, 0x10, 0x00, 0x00, 0x30, 0x04, 0x00, 0x00, 0x0C, 0x03,
  0x00, 0x00, 0x03, 0x00, 0xC0, 0x00, 0x00, 0x80, 0x30, 0x00, 0x00, 0x60,
  0x0C, 0x00, 0x00, 0x18, 0x03, 0x00, 0x00, 0x0E, 0x00, 0x40, 0x00, 0x05,
  0x80, 0x10, 0x00, 0x01, 0x60, 0x06, 0x00, 0x00, 0x90, 0x00, 0x80, 0x00,
  0x44, 0x00, 0x30, 0x00, 0x21, 0x00, 0x06, 0x00, 0x30, 0xC0, 0x00, 0xE0,
  0x38, 0x30, 0x00, 0x07, 0xF0, 0x0C, 0x00, 0x00, 0x00, 0x02, 0x00, 0x00,
  0x00, 0x00, 0x80, 0x00, 0x00, 0x00, 0x60, 0x00, 0x00, 0x00, 0x18, 0x00,
  0x00, 0x00, 0x04, 0x00, 0x00, 0x00, 0x03, 0x00, 0x00, 0x00, 0x00, 0x80,
  0x00, 0x00, 0x00, 0x60, 0x00, 0x00, 0x00, 0x10, 0x03, 0x00, 0x00, 0x08,
  0x00, 0x60, 0x00, 0x0C, 0x00, 0x0E, 0x00, 0x06, 0x00, 0x00, 0xE0, 0x0E,
  0x00, 0x00, 0x0F, 0xFC, 0x00, 0x00, 0x00, 0x3F, 0xC0, 0x00, 0x00, 0x18,
  0x07, 0x00, 0x0C, 0x04, 0x00, 0x1C, 0x01, 0x81, 0x00, 0x00, 0x70, 0x20,
  0x60, 0x00, 0x01, 0x84, 0x08, 0x00, 0x00, 0x0D, 0x81, 0x00, 0x00, 0x00,
  0x60, 0x60, 0x00, 0x00, 0x18, 0x0C, 0x00, 0x00, 0x06, 0x01, 0x00, 0x00,
  0x01, 0x80, 0x20, 0x00, 0x00, 0xE0, 0x04, 0x00, 0x00, 0x30, 0x00, 0x80,
  0x00, 0x0C, 0x00, 0x00, 0x00, 0x03, 0x00, 0x00, 0x00, 0x00, 0xC0, 0x00,
  0x00, 0x00, 0x30, 0x00, 0x00, 0x00, 0x0C, 0x00, 0x00, 0x00, 0x07, 0x00,
  0x00, 0x00, 0x01, 0x80, 0x00, 0x00, 0x00, 0x60, 0x00, 0x00, 0x00, 0x18,
  0x00, 0x00, 0x00, 0x06, 0x00, 0x00, 0x00, 0x01, 0x80, 0x00, 0x00, 0x00,
  0x60, 0x00, 0x00, 0x00, 0x38, 0x00, 0x08, 0x00, 0x0C, 0x00, 0x01, 0x00,
  0x03, 0x00, 0x00, 0x20, 0x00, 0xC0, 0x00, 0x04, 0x00, 0x30, 0x00, 0x00,
  0xC0, 0x0C, 0x00, 0x00, 0x18, 0x03, 0x00, 0x00, 0x03, 0x00, 0xC0, 0x00,
  0x00, 0x20, 0x60, 0x00, 0x00, 0x04, 0x0F, 0xC0, 0x00, 0x00, 0x83, 0x07,
  0xC0, 0x00, 0x18, 0x60, 0x0F, 0xC0, 0x03, 0x0C, 0x00, 0x0F, 0xC0, 0x61,
  0x00, 0x00, 0x0F, 0xCC, 0x00, 0x00, 0x00, 0x0F, 0x00, 0x00, 0x00, 0x7F,
  0xFF, 0x00, 0x00, 0x80, 0x00, 0x00, 0x00, 0x80, 0x00, 0x00, 0x01, 0x80,
  0x00, 0x00, 0x01, 0x80, 0x00, 0x00, 0x01, 0x00, 0x00, 0x00, 0x01, 0x00,
  0x00, 0x00, 0x01, 0x00, 0x00, 0x00, 0x01, 0x00, 0x00, 0x00, 0x03, 0x00,
  0x00, 0x00, 0x03, 0x00, 0x00, 0x00, 0x03, 0x00, 0x00, 0x00, 0x03, 0x00,
  0x00, 0x00, 0x03, 0x00, 0x00, 0x00, 0x03, 0x00, 0x00, 0x00, 0x03, 0x00,
  0x00, 0x00, 0x01, 0x00, 0x00, 0x00, 0x01, 0x80, 0x00, 0x00, 0x00, 0x80,
  0x00, 0x00, 0x00, 0xC0, 0x00, 0x00, 0x00, 0x60, 0x00, 0x00, 0x00, 0x60,
  0x00, 0x00, 0x00, 0x20, 0x00, 0x00, 0x00, 0x30, 0x00, 0x00, 0x00, 0x30,
  0x00, 0x00, 0x00, 0x30, 0x00, 0x00, 0x00, 0x20, 0x00, 0x00, 0x00, 0x20,
  0x00, 0x00, 0x00, 0x60, 0x00, 0x00, 0x00, 0xC0, 0x00, 0x00, 0x03, 0x00,
  0x00, 0x00, 0x1C, 0x00, 0x00, 0xFF, 0xE0, 0x00, 0x00, 0x00, 0x38, 0x00,
  0x00, 0x00, 0x06, 0x00, 0x00, 0x00, 0x03, 0x00, 0x00, 0x00, 0x01, 0x80,
  0x00, 0x00, 0x00, 0x80, 0x00, 0x00, 0x00, 0x80, 0x00, 0x00, 0x00, 0x80,
  0x00, 0x00, 0x00, 0x80, 0x00, 0x00, 0x01, 0x80, 0x00, 0x00, 0x01, 0x00,
  0x00, 0x00, 0x03, 0x00, 0x00, 0x00, 0x06, 0x00, 0x00, 0x00, 0x0C, 0x00,
  0x00, 0x00, 0x18, 0x00, 0x00, 0x00, 0x30, 0x00, 0x00, 0x00, 0x60, 0x00,
  0x00, 0x00, 0x40, 0x00, 0x00, 0x00, 0xC0, 0x00, 0x00, 0x00, 0x80, 0x00,
  0x00, 0x01, 0x80, 0x00, 0x00, 0x01, 0x80, 0x00, 0x00, 0x01, 0x80, 0x00,
  0x00, 0x01, 0x00, 0x00, 0x00, 0x01, 0x00, 0x00, 0x00, 0x01, 0x00, 0x00,
  0x00, 0x03, 0x00, 0x00, 0x00, 0x03, 0x00, 0x00, 0x00, 0x03, 0x00, 0x00,
  0x00, 0x02, 0x00, 0x00, 0x00, 0x02, 0x00, 0x00, 0x00, 0x02, 0x00, 0x00,
  0x00, 0x03, 0xFF, 0xF8, 0x00, 0x00, 0x10, 0x01, 0x00, 0x30, 0x03, 0x00,
  0x30, 0x02, 0x00, 0x20, 0x02, 0x00, 0x60, 0x06, 0x00, 0x60, 0x04, 0x00,
  0x40, 0x04, 0x00, 0xC0, 0x0C, 0x00, 0xC0, 0x08, 0x00, 0x80, 0x08, 0x01,
  0x80, 0x18, 0x01, 0x80, 0x10, 0x01, 0x00, 0x10, 0x03, 0x00, 0x30, 0x03,
  0x00, 0x20, 0x02, 0x00, 0x20, 0x02, 0x00, 0x60, 0x06, 0x00, 0x40, 0x04,
  0x00, 0x40, 0x04, 0x00, 0xC0, 0x0C, 0x00, 0x80, 0x08, 0x00, 0x80, 0x08,
  0x01, 0x80, 0x18, 0x01, 0x00, 0x10, 0x01, 0x00, 0x10, 0x03, 0x00, 0x30,
  0x02, 0x00, 0x20, 0x02, 0x00, 0x20, 0x06, 0x00, 0x60, 0x04, 0x00, 0x40,
  0x04, 0x00, 0x40, 0x0C, 0x00, 0xC0, 0x00, 0x00, 0x1F, 0xFF, 0xC0, 0x00,
  0x00, 0x00, 0x30, 0x00, 0x00, 0x00, 0x18, 0x00, 0x00, 0x00, 0x0C, 0x00,
  0x00, 0x00, 0x04, 0x00, 0x00, 0x00, 0x02, 0x00, 0x00, 0x00, 0x01, 0x00,
  0x00, 0x00, 0x01, 0x80, 0x00, 0x00, 0x00, 0xC0, 0x00, 0x00, 0x00, 0x60,
  0x00, 0x00, 0x00, 0x20, 0x00, 0x00, 0x00, 0x10, 0x00, 0x00, 0x00, 0x18,
  0x00, 0x00, 0x00, 0x0C, 0x00, 0x00, 0x00, 0x0C, 0x00, 0x00, 0x00, 0x06,
  0x00, 0x00, 0x00, 0x06, 0x00, 0x00, 0x00, 0x06, 0x00, 0x00, 0x00, 0x06,
  0x00, 0x00, 0x00, 0x07, 0x00, 0x00, 0x00, 0x03, 0x00, 0x00, 0x00, 0x03,
  0x00, 0x00, 0x00, 0x03, 0x00, 0x00, 0x00, 0x01, 0x00, 0x00, 0x00, 0x01,
  0x80, 0x00, 0x00, 0x00, 0xC0, 0x00, 0x00, 0x00, 0x60, 0x00, 0x00, 0x00,
  0x30, 0x00, 0x00, 0x00, 0x08, 0x00, 0x00, 0x00, 0x06, 0x00, 0x00, 0x00,
  0x01, 0x80, 0x00, 0x00, 0x00, 0x38, 0x00, 0x00, 0x00, 0x03, 0xFF, 0x80,
  0x00, 0x1D, 0x00, 0x00, 0x00, 0x30, 0x00, 0x00, 0x00, 0x30, 0x00, 0x00,
  0x00, 0x20, 0x00, 0x00, 0x00, 0x30, 0x00, 0x00, 0x00, 0x10, 0x00, 0x00,
  0x00, 0x08, 0x00, 0x00, 0x00, 0x04, 0x00, 0x00, 0x00, 0x02, 0x00, 0x00,
  0x00, 0x01, 0x00, 0x00, 0x00, 0x00, 0xC0, 0x00, 0x00, 0x00, 0x20, 0x00,
  0x00, 0x00, 0x18, 0x00, 0x00, 0x00, 0x06, 0x00, 0x00, 0x00, 0x01, 0x00,
  0x00, 0x00, 0x00, 0xC0, 0x00, 0x00, 0x00, 0x60, 0x00, 0x00, 0x00, 0x10,
  0x00, 0x00, 0x00, 0x08, 0x00, 0x00, 0x00, 0x04, 0x00, 0x00, 0x00, 0x02,
  0x00, 0x00, 0x00, 0x01, 0x00, 0x00, 0x00, 0x01, 0x80, 0x00, 0x00, 0x00,
  0xC0, 0x00, 0x00, 0x00, 0x60, 0x00, 0x00, 0x00, 0x20, 0x00, 0x00, 0x00,
  0x10, 0x00, 0x00, 0x00, 0x08, 0x00, 0x00, 0x00, 0x0C, 0x00, 0x00, 0x00,
  0x06, 0x00, 0x00, 0x00, 0x02, 0x00, 0x00, 0xFF, 0xFF, 0x00, 0x00, 0x00,
  0x00, 0xF8, 0x00, 0x00, 0x18, 0x18, 0x30, 0x00, 0x00, 0x81, 0x80, 0xC0,
  0x00, 0x0C, 0x18, 0x03, 0x00, 0x00, 0x41, 0x80, 0x0C, 0x00, 0x06, 0x08,
  0x00, 0x30, 0x00, 0x20, 0xC0, 0x00, 0x80, 0x03, 0x04, 0x00, 0x02, 0x00,
  0x10, 0x60, 0x00, 0x18, 0x01, 0x02, 0x00, 0x00, 0x60, 0x10, 0x30, 0x00,
  0x01, 0xC3, 0x01, 0x00, 0x00, 0x03, 0xE0, 0x00,
};

const GFXglyph IBMPlexMono_ThinItalic72pt7bGlyphs[] PROGMEM = {
  { 0, 1, 1, 43, 0, -1 },
  { 1, 12, 50, 43, 16, -50 },
  { 76, 14, 18, 43, 19, -53 },
  { 108, 43, 50, 43, 1, -50 },
  { 377, 38, 66, 43, 3, -58 },
  { 691, 47, 52, 43, -1, -51 },
  { 997, 41, 52, 43, 1, -51 },
  { 1264, 4, 18, 43, 24, -53 },
  { 1273, 22, 65, 43, 17, -55 },
  { 1452, 23, 65, 43, 5, -55 },
  { 1639, 36, 36, 43, 5, -40 },
  { 1801, 34, 35, 43, 5, -39 },
  { 1950, 10, 18, 43, 11, -6 },
  { 1973, 19, 1, 43, 13, -22 },
  { 1976, 5, 4, 43, 16, -4 },
  { 1979, 38, 65, 43, 3, -55 },
  { 2288, 35, 52, 43, 5, -51 },
  { 2516, 32, 50, 43, 4, -50 },
  { 2716, 35, 51, 43, 3, -51 },
  { 2940, 35, 52, 43, 3, -51 },
  { 3168, 37, 50, 43, 2, -50 },
  { 3400, 36, 51, 43, 4, -50 },
  { 3630, 31, 51, 43, 6, -50 },
  { 3828, 33, 50, 43, 9, -50 },
  { 4035, 36, 52, 43, 4, -51 },
  { 4269, 31, 51, 43, 8, -51 },
  { 4467, 11, 37, 43, 16, -37 },
  { 4518, 16, 49, 43, 11, -37 },
  { 4616, 34, 38, 43, 7, -41 },
  { 4778, 37, 14, 43, 4, -29 },
  { 4843, 35, 38, 43, 3, -41 },
  { 5010, 28, 51, 43, 11, -51 },
  { 5189, 33, 59, 43, 6, -51 },
  { 5433, 35, 50, 43, 1, -50 },
  { 5652, 34, 50, 43, 4, -50 },
  { 5865, 34, 52, 43, 6, -51 },
  { 6086, 35, 50, 43, 5, -50 },
  { 6305, 37, 50, 43, 5, -50 },
  { 6537, 38, 50, 43, 5, -50 },
  { 6775, 34, 52, 43, 6, -51 },
  { 6996, 37, 50, 43, 4, -50 },
  { 7228, 38, 50, 43, 4, -50 },
  { 7466, 34, 51, 43, 5, -50 },
  { 7683, 40, 50, 43, 5, -50 },
  { 7933, 28, 50, 43, 7, -50 },
  { 8108, 39, 50, 43, 3, -50 },
  { 8352, 37, 50, 43, 4, -50 },
  { 8584, 35, 52, 43, 5, -51 },
  { 8812, 36, 50, 43, 5, -50 },
  { 9037, 35, 63, 43, 5, -51 },
  { 9313, 36, 50, 43, 5, -50 },
  { 9538, 38, 52, 43, 3, -51 },
  { 9785, 38, 50, 43, 8, -50 },
  { 10023, 35, 51, 43, 6, -50 },
  { 10247, 36, 50, 43, 9, -50 },
  { 10472, 38, 50, 43, 6, -50 },
  { 10710, 43, 50, 43, 1, -50 },
  { 10979, 39, 50, 43, 7, -50 },
  { 11223, 43, 50, 43, 0, -50 },
  { 11492, 28, 65, 43, 14, -55 },
  { 11720, 17, 65, 43, 14, -55 },
  { 11859, 28, 65, 43, 2, -55 },
  { 12087, 33, 27, 43, 6, -50 },
  { 12199, 34, 1, 43, 0, 9 },
  { 12204, 8, 12, 43, 17, -55 },
  { 12216, 33, 39, 43, 5, -38 },
  { 12377, 32, 54, 43, 6, -53 },
  { 12593, 30, 39, 43, 6, -38 },
  { 12740, 35, 54, 43, 5, -53 },
  { 12977, 30, 39, 43, 6, -38 },
  { 13124, 45, 68, 43, -1, -53 },
  { 13507, 33, 53, 43, 4, -38 },
  { 13726, 30, 53, 43, 6, -53 },
  { 13925, 30, 55, 43, 7, -54 },
  { 14132, 29, 69, 43, 8, -54 },
  { 14383, 35, 54, 43, 6, -53 },
  { 14620, 27, 54, 43, 9, -53 },
  { 14803, 38, 38, 43, 3, -38 },
  { 14984, 30, 38, 43, 6, -38 },
  { 15127, 31, 39, 43, 6, -38 },
  { 15279, 35, 52, 43, 3, -38 },
  { 15507, 32, 52, 43, 5, -38 },
  { 15715, 34, 37, 43, 9, -37 },
  { 15873, 33, 39, 43, 5, -38 },
  { 16034, 36, 51, 43, 5, -50 },
  { 16264, 30, 38, 43, 7, -37 },
  { 16407, 32, 37, 43, 6, -37 },
  { 16555, 36, 38, 43, 5, -37 },
  { 16726, 40, 39, 43, 2, -38 },
  { 16921, 34, 52, 43, 3, -37 },
  { 17142, 35, 39, 43, 4, -38 },
  { 17313, 32, 65, 43, 9, -55 },
  { 17573, 12, 65, 43, 16, -55 },
  { 17671, 33, 65, 43, 3, -55 },
  { 17940, 37, 12, 43, 4, -28 },
};

const GFXfont IBMPlexMono_ThinItalic72pt7b PROGMEM = {
  (uint8_t  *)IBMPlexMono_ThinItalic72pt7bBitmaps,
  (GFXglyph *)IBMPlexMono_ThinItalic72pt7bGlyphs,
  0x20, 0x7E, 94
};

#endif // _IBMPLEXMONO_THINITALIC72PT7B_H_
