#ifndef _NOTOSANS_THINITALIC69PT7B_H_
#define _NOTOSANS_THINITALIC69PT7B_H_

#include <pgmspace.h>
#include <TFT_eSPI.h>  // provides GFXfont and GFXglyph

// FreeFont (1bpp) generated from TTF by fontMaker.py
// Source: NotoSans-ThinItalic.ttf
// Size: 69pt @ 72dpi, chars: 0x20-0x7E

const uint8_t NotoSans_ThinItalic69pt7bBitmaps[] PROGMEM = {
  0x00, 0x00, 0x18, 0x00, 0xC0, 0x06, 0x00, 0x60, 0x03, 0x00, 0x18, 0x00,
  0xC0, 0x04, 0x00, 0x60, 0x03, 0x00, 0x18, 0x00, 0xC0, 0x0C, 0x00, 0x60,
  0x03, 0x00, 0x18, 0x00, 0x80, 0x0C, 0x00, 0x60, 0x03, 0x00, 0x18, 0x00,
  0x80, 0x0C, 0x00, 0x60, 0x03, 0x00, 0x10, 0x00, 0x80, 0x0C, 0x00, 0x60,
  0x03, 0x00, 0x10, 0x01, 0x80, 0x0C, 0x00, 0x60, 0x03, 0x00, 0x10, 0x01,
  0x80, 0x00, 0x00, 0x00, 0x00, 0x00, 0x00, 0x00, 0x00, 0x00, 0x00, 0x00,
  0x00, 0x00, 0x30, 0x01, 0xC0, 0x1E, 0x00, 0xE0, 0x02, 0x00, 0x00, 0x18,
  0x0E, 0x30, 0x18, 0x40, 0x31, 0x80, 0x63, 0x00, 0x86, 0x03, 0x0C, 0x06,
  0x10, 0x0C, 0x60, 0x18, 0xC0, 0x21, 0x80, 0xC2, 0x01, 0x84, 0x03, 0x18,
  0x04, 0x30, 0x08, 0x40, 0x30, 0x80, 0x61, 0x00, 0xC0, 0x00, 0x00, 0x18,
  0x00, 0x30, 0x00, 0x00, 0x0C, 0x00, 0x10, 0x00, 0x00, 0x06, 0x00, 0x18,
  0x00, 0x00, 0x06, 0x00, 0x0C, 0x00, 0x00, 0x03, 0x00, 0x06, 0x00, 0x00,
  0x01, 0x80, 0x02, 0x00, 0x00, 0x00, 0x80, 0x03, 0x00, 0x00, 0x00, 0xC0,
  0x01, 0x80, 0x00, 0x00, 0x60, 0x00, 0x80, 0x00, 0x00, 0x30, 0x00, 0xC0,
  0x00, 0x00, 0x30, 0x00, 0x60, 0x00, 0x00, 0x18, 0x00, 0x30, 0x00, 0x00,
  0x0C, 0x00, 0x10, 0x00, 0x00, 0x04, 0x00, 0x18, 0x00, 0x00, 0x06, 0x00,
  0x0C, 0x00, 0x0F, 0xFF, 0xFF, 0xFF, 0xFF, 0x07, 0xFF, 0xFF, 0xFF, 0xFF,
  0x80, 0x01, 0x80, 0x03, 0x00, 0x00, 0x00, 0xC0, 0x01, 0x80, 0x00, 0x00,
  0x60, 0x00, 0x80, 0x00, 0x00, 0x20, 0x00, 0xC0, 0x00, 0x00, 0x30, 0x00,
  0x60, 0x00, 0x00, 0x18, 0x00, 0x20, 0x00, 0x00, 0x0C, 0x00, 0x30, 0x00,
  0x00, 0x0C, 0x00, 0x18, 0x00, 0x00, 0x06, 0x00, 0x0C, 0x00, 0x00, 0x03,
  0x00, 0x04, 0x00, 0x00, 0x01, 0x00, 0x06, 0x00, 0x00, 0x01, 0x80, 0x03,
  0x00, 0x00, 0x00, 0xC0, 0x01, 0x80, 0x00, 0x00, 0x40, 0x01, 0x80, 0x00,
  0x00, 0x60, 0x00, 0xC0, 0x00, 0xFF, 0xFF, 0xFF, 0xFF, 0xF8, 0x00, 0x18,
  0x00, 0x20, 0x00, 0x00, 0x08, 0x00, 0x30, 0x00, 0x00, 0x0C, 0x00, 0x18,
  0x00, 0x00, 0x06, 0x00, 0x0C, 0x00, 0x00, 0x02, 0x00, 0x0C, 0x00, 0x00,
  0x03, 0x00, 0x06, 0x00, 0x00, 0x01, 0x80, 0x03, 0x00, 0x00, 0x00, 0xC0,
  0x01, 0x00, 0x00, 0x00, 0x40, 0x01, 0x80, 0x00, 0x00, 0x60, 0x00, 0xC0,
  0x00, 0x00, 0x30, 0x00, 0x40, 0x00, 0x00, 0x10, 0x00, 0x60, 0x00, 0x00,
  0x18, 0x00, 0x30, 0x00, 0x00, 0x0C, 0x00, 0x18, 0x00, 0x00, 0x06, 0x00,
  0x18, 0x00, 0x00, 0x06, 0x00, 0x0C, 0x00, 0x00, 0x00, 0x00, 0x00, 0x06,
  0x00, 0x00, 0x00, 0x08, 0x00, 0x00, 0x00, 0x10, 0x00, 0x00, 0x00, 0x60,
  0x00, 0x00, 0x00, 0xC0, 0x00, 0x00, 0x03, 0x80, 0x00, 0x00, 0xFF, 0xFC,
  0x00, 0x0F, 0xC4, 0x7F, 0x00, 0x38, 0x18, 0x0E, 0x00, 0xE0, 0x30, 0x00,
  0x03, 0x00, 0x60, 0x00, 0x0C, 0x00, 0x80, 0x00, 0x38, 0x01, 0x00, 0x00,
  0x60, 0x06, 0x00, 0x00, 0xC0, 0x0C, 0x00, 0x03, 0x00, 0x18, 0x00, 0x06,
  0x00, 0x20, 0x00, 0x0C, 0x00, 0xC0, 0x00, 0x18, 0x01, 0x80, 0x00, 0x18,
  0x03, 0x00, 0x00, 0x30, 0x04, 0x00, 0x00, 0x70, 0x08, 0x00, 0x00, 0x70,
  0x30, 0x00, 0x00, 0x70, 0x60, 0x00, 0x00, 0x78, 0xC0, 0x00, 0x00, 0x3D,
  0x00, 0x00, 0x00, 0x1E, 0x00, 0x00, 0x00, 0x0F, 0x80, 0x00, 0x00, 0x1F,
  0xC0, 0x00, 0x00, 0x31, 0xC0, 0x00, 0x00, 0x40, 0xE0, 0x00, 0x01, 0x80,
  0xE0, 0x00, 0x03, 0x00, 0xC0, 0x00, 0x06, 0x00, 0xC0, 0x00, 0x08, 0x01,
  0x80, 0x00, 0x10, 0x03, 0x00, 0x00, 0x60, 0x06, 0x00, 0x00, 0xC0, 0x0C,
  0x00, 0x01, 0x80, 0x18, 0x00, 0x02, 0x00, 0x30, 0x00, 0x04, 0x00, 0x60,
  0x00, 0x18, 0x01, 0x80, 0x00, 0x30, 0x06, 0x00, 0x00, 0x60, 0x1C, 0x00,
  0x00, 0x80, 0x70, 0x18, 0x01, 0x03, 0x80, 0x3F, 0x86, 0x7E, 0x00, 0x0F,
  0xFF, 0xE0, 0x00, 0x00, 0xB8, 0x00, 0x00, 0x00, 0x20, 0x00, 0x00, 0x00,
  0xC0, 0x00, 0x00, 0x01, 0x80, 0x00, 0x00, 0x03, 0x00, 0x00, 0x00, 0x04,
  0x00, 0x00, 0x00, 0x18, 0x00, 0x00, 0x00, 0x30, 0x00, 0x00, 0x00, 0x3E,
  0x00, 0x00, 0x00, 0x80, 0x1F, 0xF0, 0x00, 0x00, 0x60, 0x0E, 0x07, 0x00,
  0x00, 0x18, 0x01, 0x80, 0x60, 0x00, 0x03, 0x00, 0x60, 0x06, 0x00, 0x00,
  0xC0, 0x18, 0x00, 0xC0, 0x00, 0x30, 0x03, 0x00, 0x18, 0x00, 0x0C, 0x00,
  0xC0, 0x01, 0x00, 0x01, 0x80, 0x18, 0x00, 0x20, 0x00, 0x60, 0x06, 0x00,
  0x04, 0x00, 0x18, 0x00, 0xC0, 0x00, 0x80, 0x07, 0x00, 0x10, 0x00, 0x30,
  0x00, 0xC0, 0x06, 0x00, 0x06, 0x00, 0x30, 0x00, 0xC0, 0x00, 0xC0, 0x0C,
  0x00, 0x18, 0x00, 0x18, 0x03, 0x80, 0x02, 0x00, 0x03, 0x00, 0x60, 0x00,
  0xC0, 0x00, 0x60, 0x18, 0x00, 0x18, 0x00, 0x08, 0x06, 0x00, 0x03, 0x00,
  0x03, 0x00, 0xC0, 0x00, 0x60, 0x00, 0x60, 0x30, 0x00, 0x0C, 0x00, 0x0C,
  0x0C, 0x07, 0xE1, 0x80, 0x03, 0x03, 0x03, 0xFE, 0x30, 0x00, 0x60, 0x60,
  0xE0, 0x66, 0x00, 0x18, 0x18, 0x30, 0x06, 0xC0, 0x03, 0x06, 0x0C, 0x00,
  0xD8, 0x00, 0xC1, 0x83, 0x00, 0x0D, 0x80, 0x38, 0x30, 0x60, 0x01, 0xB0,
  0x0E, 0x0C, 0x18, 0x00, 0x33, 0x03, 0x83, 0x03, 0x00, 0x06, 0x3F, 0xE0,
  0xC0, 0x40, 0x00, 0xC3, 0xF0, 0x18, 0x18, 0x00, 0x18, 0x00, 0x06, 0x03,
  0x00, 0x03, 0x00, 0x01, 0x80, 0x40, 0x00, 0x60, 0x00, 0x70, 0x18, 0x00,
  0x08, 0x00, 0x0C, 0x03, 0x00, 0x03, 0x00, 0x03, 0x00, 0x60, 0x00, 0x60,
  0x00, 0xC0, 0x0C, 0x00, 0x0C, 0x00, 0x38, 0x01, 0x00, 0x01, 0x80, 0x06,
  0x00, 0x60, 0x00, 0x30, 0x01, 0x80, 0x0C, 0x00, 0x0C, 0x00, 0x60, 0x01,
  0x80, 0x01, 0x80, 0x0C, 0x00, 0x30, 0x00, 0x30, 0x03, 0x00, 0x06, 0x00,
  0x0C, 0x00, 0xC0, 0x00, 0xC0, 0x01, 0x80, 0x30, 0x00, 0x08, 0x00, 0x60,
  0x06, 0x00, 0x01, 0x80, 0x0C, 0x01, 0x80, 0x00, 0x30, 0x03, 0x00, 0x60,
  0x00, 0x07, 0x00, 0xC0, 0x18, 0x00, 0x00, 0x70, 0x70, 0x07, 0x00, 0x00,
  0x07, 0xFC, 0x00, 0x00, 0x00, 0x00, 0x3E, 0x00, 0x00, 0x00, 0x00, 0x1F,
  0xE0, 0x00, 0x00, 0x00, 0x3F, 0xFC, 0x00, 0x00, 0x00, 0x78, 0x07, 0x00,
  0x00, 0x00, 0x70, 0x01, 0xC0, 0x00, 0x00, 0x70, 0x00, 0x70, 0x00, 0x00,
  0x30, 0x00, 0x18, 0x00, 0x00, 0x30, 0x00, 0x0C, 0x00, 0x00, 0x18, 0x00,
  0x03, 0x00, 0x00, 0x18, 0x00, 0x01, 0x80, 0x00, 0x0C, 0x00, 0x00, 0xC0,
  0x00, 0x06, 0x00, 0x00, 0x60, 0x00, 0x03, 0x00, 0x00, 0x20, 0x00, 0x01,
  0x80, 0x00, 0x30, 0x00, 0x00, 0xC0, 0x00, 0x18, 0x00, 0x00, 0x60, 0x00,
  0x18, 0x00, 0x00, 0x10, 0x00, 0x1C, 0x00, 0x00, 0x0C, 0x00, 0x1C, 0x00,
  0x00, 0x06, 0x00, 0x1C, 0x00, 0x00, 0x01, 0x80, 0x18, 0x00, 0x00, 0x00,
  0xC0, 0x38, 0x00, 0x00, 0x00, 0x30, 0x70, 0x00, 0x00, 0x00, 0x0C, 0xE0,
  0x00, 0x00, 0x00, 0x03, 0xC0, 0x00, 0x00, 0x00, 0x07, 0x80, 0x00, 0x00,
  0x00, 0x0F, 0x60, 0x00, 0x00, 0x00, 0x1E, 0x18, 0x00, 0x00, 0x00, 0x3C,
  0x0E, 0x00, 0x00, 0x00, 0x38, 0x03, 0x00, 0x00, 0x30, 0x30, 0x00, 0xC0,
  0x00, 0x18, 0x70, 0x00, 0x30, 0x00, 0x18, 0x30, 0x00, 0x18, 0x00, 0x0C,
  0x30, 0x00, 0x06, 0x00, 0x0C, 0x30, 0x00, 0x01, 0x80, 0x06, 0x18, 0x00,
  0x00, 0x60, 0x06, 0x18, 0x00, 0x00, 0x30, 0x06, 0x0C, 0x00, 0x00, 0x0C,
  0x03, 0x04, 0x00, 0x00, 0x03, 0x03, 0x06, 0x00, 0x00, 0x01, 0x83, 0x03,
  0x00, 0x00, 0x00, 0x63, 0x01, 0x80, 0x00, 0x00, 0x1B, 0x00, 0xC0, 0x00,
  0x00, 0x07, 0x80, 0x60, 0x00, 0x00, 0x03, 0x80, 0x30, 0x00, 0x00, 0x03,
  0xC0, 0x0C, 0x00, 0x00, 0x03, 0x30, 0x06, 0x00, 0x00, 0x03, 0x1C, 0x01,
  0x80, 0x00, 0x07, 0x06, 0x00, 0xE0, 0x00, 0x07, 0x01, 0x80, 0x3C, 0x00,
  0x1E, 0x00, 0xE0, 0x07, 0x80, 0x7C, 0x00, 0x30, 0x01, 0xFF, 0xF8, 0x00,
  0x0C, 0x00, 0x0F, 0xC0, 0x00, 0x00, 0x00, 0x18, 0xC4, 0x63, 0x18, 0xC4,
  0x63, 0x18, 0x84, 0x63, 0x10, 0x84, 0x00, 0x00, 0x00, 0xE0, 0x00, 0x38,
  0x00, 0x0E, 0x00, 0x01, 0x80, 0x00, 0x60, 0x00, 0x18, 0x00, 0x07, 0x00,
  0x00, 0xC0, 0x00, 0x30, 0x00, 0x0C, 0x00, 0x01, 0x80, 0x00, 0x60, 0x00,
  0x1C, 0x00, 0x03, 0x00, 0x00, 0xE0, 0x00, 0x18, 0x00, 0x07, 0x00, 0x00,
  0xC0, 0x00, 0x18, 0x00, 0x06, 0x00, 0x00, 0xC0, 0x00, 0x30, 0x00, 0x06,
  0x00, 0x00, 0xC0, 0x00, 0x10, 0x00, 0x06, 0x00, 0x00, 0xC0, 0x00, 0x18,
  0x00, 0x02, 0x00, 0x00, 0xC0, 0x00, 0x18, 0x00, 0x03, 0x00, 0x00, 0x60,
  0x00, 0x08, 0x00, 0x01, 0x00, 0x00, 0x60, 0x00, 0x0C, 0x00, 0x01, 0x80,
  0x00, 0x30, 0x00, 0x06, 0x00, 0x00, 0xC0, 0x00, 0x18, 0x00, 0x03, 0x00,
  0x00, 0x60, 0x00, 0x0C, 0x00, 0x01, 0x80, 0x00, 0x10, 0x00, 0x02, 0x00,
  0x00, 0x60, 0x00, 0x0C, 0x00, 0x01, 0x80, 0x00, 0x30, 0x00, 0x03, 0x00,
  0x00, 0x60, 0x00, 0x0C, 0x00, 0x00, 0xC0, 0x00, 0x18, 0x00, 0x03, 0x00,
  0x00, 0x30, 0x00, 0x07, 0x00, 0x00, 0x00, 0x0E, 0x00, 0x00, 0xC0, 0x00,
  0x0C, 0x00, 0x01, 0x80, 0x00, 0x18, 0x00, 0x03, 0x00, 0x00, 0x60, 0x00,
  0x06, 0x00, 0x00, 0xC0, 0x00, 0x18, 0x00, 0x03, 0x00, 0x00, 0x20, 0x00,
  0x04, 0x00, 0x00, 0xC0, 0x00, 0x18, 0x00, 0x03, 0x00, 0x00, 0x60, 0x00,
  0x0C, 0x00, 0x01, 0x80, 0x00, 0x30, 0x00, 0x06, 0x00, 0x00, 0xC0, 0x00,
  0x18, 0x00, 0x03, 0x00, 0x00, 0x60, 0x00, 0x0C, 0x00, 0x01, 0x00, 0x00,
  0x60, 0x00, 0x0C, 0x00, 0x01, 0x80, 0x00, 0x30, 0x00, 0x04, 0x00, 0x01,
  0x80, 0x00, 0x30, 0x00, 0x06, 0x00, 0x00, 0x80, 0x00, 0x30, 0x00, 0x06,
  0x00, 0x00, 0x80, 0x00, 0x30, 0x00, 0x06, 0x00, 0x01, 0x80, 0x00, 0x30,
  0x00, 0x0C, 0x00, 0x01, 0x80, 0x00, 0x60, 0x00, 0x0C, 0x00, 0x03, 0x00,
  0x00, 0x60, 0x00, 0x18, 0x00, 0x07, 0x00, 0x00, 0xC0, 0x00, 0x30, 0x00,
  0x0E, 0x00, 0x01, 0x80, 0x00, 0x60, 0x00, 0x18, 0x00, 0x06, 0x00, 0x01,
  0x80, 0x00, 0x60, 0x00, 0x00, 0x00, 0x01, 0x80, 0x00, 0x00, 0x18, 0x00,
  0x00, 0x01, 0x80, 0x00, 0x00, 0x10, 0x00, 0x00, 0x03, 0x00, 0x00, 0x00,
  0x30, 0x00, 0x80, 0x03, 0x00, 0x0E, 0x00, 0x20, 0x00, 0x70, 0x02, 0x00,
  0x03, 0xC0, 0x20, 0x00, 0x0E, 0x06, 0x00, 0x00, 0x38, 0x40, 0x00, 0x00,
  0xE4, 0x00, 0x30, 0x03, 0x43, 0xFF, 0x00, 0x0F, 0xFE, 0x00, 0x01, 0xC0,
  0x00, 0x00, 0x36, 0x00, 0x00, 0x06, 0x20, 0x00, 0x00, 0xC3, 0x00, 0x00,
  0x18, 0x10, 0x00, 0x07, 0x01, 0x80, 0x00, 0xE0, 0x18, 0x00, 0x1C, 0x00,
  0xC0, 0x07, 0x80, 0x0C, 0x00, 0x30, 0x00, 0x60, 0x00, 0x00, 0x06, 0x00,
  0x00, 0x00, 0x60, 0x00, 0x00, 0x03, 0x00, 0x00, 0x00, 0x20, 0x00, 0x00,
  0x01, 0x80, 0x00, 0x00, 0x01, 0x80, 0x00, 0x00, 0x01, 0x80, 0x00, 0x00,
  0x01, 0x80, 0x00, 0x00, 0x01, 0x80, 0x00, 0x00, 0x01, 0x80, 0x00, 0x00,
  0x01, 0x80, 0x00, 0x00, 0x01, 0x80, 0x00, 0x00, 0x01, 0x80, 0x00, 0x00,
  0x01, 0x80, 0x00, 0x00, 0x01, 0x80, 0x00, 0x00, 0x01, 0x80, 0x00, 0x00,
  0x01, 0x80, 0x00, 0x00, 0x01, 0x80, 0x00, 0x00, 0x01, 0x80, 0x00, 0xFF,
  0xFF, 0xFF, 0xFF, 0x00, 0x01, 0x80, 0x00, 0x00, 0x01, 0x80, 0x00, 0x00,
  0x01, 0x80, 0x00, 0x00, 0x01, 0x80, 0x00, 0x00, 0x01, 0x80, 0x00, 0x00,
  0x01, 0x80, 0x00, 0x00, 0x01, 0x80, 0x00, 0x00, 0x01, 0x80, 0x00, 0x00,
  0x01, 0x80, 0x00, 0x00, 0x01, 0x80, 0x00, 0x00, 0x01, 0x80, 0x00, 0x00,
  0x01, 0x80, 0x00, 0x00, 0x01, 0x80, 0x00, 0x00, 0x01, 0x80, 0x00, 0x00,
  0x01, 0x80, 0x00, 0x00, 0x01, 0x80, 0x00, 0x01, 0x80, 0xC0, 0xC0, 0x60,
  0x70, 0x30, 0x18, 0x18, 0x0C, 0x0C, 0x06, 0x06, 0x03, 0x01, 0x01, 0x80,
  0x80, 0xC0, 0x00, 0xFF, 0xFF, 0xFF, 0xFF, 0x67, 0xFE, 0x40, 0x00, 0x00,
  0x00, 0x0C, 0x00, 0x00, 0x00, 0x60, 0x00, 0x00, 0x03, 0x00, 0x00, 0x00,
  0x0C, 0x00, 0x00, 0x00, 0x60, 0x00, 0x00, 0x01, 0x80, 0x00, 0x00, 0x0C,
  0x00, 0x00, 0x00, 0x30, 0x00, 0x00, 0x01, 0x80, 0x00, 0x00, 0x0E, 0x00,
  0x00, 0x00, 0x30, 0x00, 0x00, 0x01, 0x80, 0x00, 0x00, 0x06, 0x00, 0x00,
  0x00, 0x30, 0x00, 0x00, 0x00, 0xC0, 0x00, 0x00, 0x06, 0x00, 0x00, 0x00,
  0x38, 0x00, 0x00, 0x00, 0xC0, 0x00, 0x00, 0x06, 0x00, 0x00, 0x00, 0x18,
  0x00, 0x00, 0x00, 0xC0, 0x00, 0x00, 0x03, 0x00, 0x00, 0x00, 0x18, 0x00,
  0x00, 0x00, 0x60, 0x00, 0x00, 0x03, 0x00, 0x00, 0x00, 0x18, 0x00, 0x00,
  0x00, 0x60, 0x00, 0x00, 0x03, 0x00, 0x00, 0x00, 0x0C, 0x00, 0x00, 0x00,
  0x60, 0x00, 0x00, 0x01, 0x80, 0x00, 0x00, 0x0C, 0x00, 0x00, 0x00, 0x60,
  0x00, 0x00, 0x01, 0x80, 0x00, 0x00, 0x0C, 0x00, 0x00, 0x00, 0x30, 0x00,
  0x00, 0x01, 0x80, 0x00, 0x00, 0x06, 0x00, 0x00, 0x00, 0x30, 0x00, 0x00,
  0x01, 0x80, 0x00, 0x00, 0x06, 0x00, 0x00, 0x00, 0x30, 0x00, 0x00, 0x00,
  0xC0, 0x00, 0x00, 0x06, 0x00, 0x00, 0x00, 0x18, 0x00, 0x00, 0x00, 0xC0,
  0x00, 0x00, 0x06, 0x00, 0x00, 0x00, 0x18, 0x00, 0x00, 0x00, 0xC0, 0x00,
  0x00, 0x00, 0x00, 0x00, 0xFF, 0x00, 0x00, 0x0F, 0xFF, 0x80, 0x00, 0x38,
  0x03, 0x80, 0x01, 0xC0, 0x01, 0x80, 0x07, 0x00, 0x01, 0x80, 0x1C, 0x00,
  0x03, 0x80, 0x30, 0x00, 0x03, 0x00, 0xC0, 0x00, 0x06, 0x03, 0x00, 0x00,
  0x06, 0x06, 0x00, 0x00, 0x0C, 0x18, 0x00, 0x00, 0x18, 0x30, 0x00, 0x00,
  0x30, 0xC0, 0x00, 0x00, 0x61, 0x80, 0x00, 0x00, 0x46, 0x00, 0x00, 0x00,
  0x8C, 0x00, 0x00, 0x01, 0x18, 0x00, 0x00, 0x06, 0x60, 0x00, 0x00, 0x0C,
  0xC0, 0x00, 0x00, 0x19, 0x80, 0x00, 0x00, 0x36, 0x00, 0x00, 0x00, 0x6C,
  0x00, 0x00, 0x00, 0xD8, 0x00, 0x00, 0x01, 0xB0, 0x00, 0x00, 0x03, 0x40,
  0x00, 0x00, 0x07, 0x80, 0x00, 0x00, 0x1B, 0x00, 0x00, 0x00, 0x36, 0x00,
  0x00, 0x00, 0x6C, 0x00, 0x00, 0x00, 0xD8, 0x00, 0x00, 0x01, 0xB0, 0x00,
  0x00, 0x06, 0x60, 0x00, 0x00, 0x0C, 0xC0, 0x00, 0x00, 0x19, 0x00, 0x00,
  0x00, 0x62, 0x00, 0x00, 0x00, 0xC4, 0x00, 0x00, 0x01, 0x88, 0x00, 0x00,
  0x06, 0x10, 0x00, 0x00, 0x0C, 0x30, 0x00, 0x00, 0x38, 0x60, 0x00, 0x00,
  0x60, 0xC0, 0x00, 0x01, 0xC1, 0x80, 0x00, 0x03, 0x03, 0x00, 0x00, 0x0C,
  0x03, 0x00, 0x00, 0x38, 0x06, 0x00, 0x00, 0x60, 0x06, 0x00, 0x01, 0x80,
  0x0E, 0x00, 0x0E, 0x00, 0x0E, 0x00, 0x38, 0x00, 0x0F, 0x01, 0xE0, 0x00,
  0x07, 0xFF, 0x00, 0x00, 0x01, 0xE0, 0x00, 0x00, 0x00, 0x03, 0x80, 0x03,
  0xC0, 0x07, 0x60, 0x07, 0x60, 0x0E, 0x30, 0x0E, 0x18, 0x1C, 0x0C, 0x1C,
  0x04, 0x38, 0x06, 0x78, 0x03, 0x10, 0x01, 0x80, 0x00, 0xC0, 0x00, 0x40,
  0x00, 0x60, 0x00, 0x30, 0x00, 0x18, 0x00, 0x0C, 0x00, 0x0C, 0x00, 0x06,
  0x00, 0x03, 0x00, 0x01, 0x80, 0x00, 0x80, 0x00, 0xC0, 0x00, 0x60, 0x00,
  0x30, 0x00, 0x18, 0x00, 0x08, 0x00, 0x0C, 0x00, 0x06, 0x00, 0x03, 0x00,
  0x01, 0x80, 0x01, 0x80, 0x00, 0xC0, 0x00, 0x60, 0x00, 0x30, 0x00, 0x18,
  0x00, 0x18, 0x00, 0x0C, 0x00, 0x06, 0x00, 0x03, 0x00, 0x01, 0x00, 0x01,
  0x80, 0x00, 0xC0, 0x00, 0x60, 0x00, 0x30, 0x00, 0x10, 0x00, 0x18, 0x00,
  0x0C, 0x00, 0x06, 0x00, 0x00, 0x00, 0x00, 0x0F, 0xE0, 0x00, 0x00, 0x3F,
  0xFE, 0x00, 0x00, 0x3E, 0x01, 0xE0, 0x00, 0x3C, 0x00, 0x1C, 0x00, 0x3C,
  0x00, 0x03, 0x00, 0x04, 0x00, 0x00, 0x60, 0x00, 0x00, 0x00, 0x08, 0x00,
  0x00, 0x00, 0x03, 0x00, 0x00, 0x00, 0x00, 0xC0, 0x00, 0x00, 0x00, 0x30,
  0x00, 0x00, 0x00, 0x0C, 0x00, 0x00, 0x00, 0x03, 0x00, 0x00, 0x00, 0x00,
  0xC0, 0x00, 0x00, 0x00, 0x30, 0x00, 0x00, 0x00, 0x0C, 0x00, 0x00, 0x00,
  0x06, 0x00, 0x00, 0x00, 0x01, 0x80, 0x00, 0x00, 0x00, 0x60, 0x00, 0x00,
  0x00, 0x30, 0x00, 0x00, 0x00, 0x1C, 0x00, 0x00, 0x00, 0x06, 0x00, 0x00,
  0x00, 0x03, 0x00, 0x00, 0x00, 0x01, 0xC0, 0x00, 0x00, 0x00, 0x60, 0x00,
  0x00, 0x00, 0x30, 0x00, 0x00, 0x00, 0x18, 0x00, 0x00, 0x00, 0x0C, 0x00,
  0x00, 0x00, 0x06, 0x00, 0x00, 0x00, 0x03, 0x00, 0x00, 0x00, 0x01, 0x80,
  0x00, 0x00, 0x00, 0xC0, 0x00, 0x00, 0x00, 0x60, 0x00, 0x00, 0x00, 0x30,
  0x00, 0x00, 0x00, 0x38, 0x00, 0x00, 0x00, 0x1C, 0x00, 0x00, 0x00, 0x0E,
  0x00, 0x00, 0x00, 0x07, 0x00, 0x00, 0x00, 0x03, 0x80, 0x00, 0x00, 0x01,
  0x80, 0x00, 0x00, 0x00, 0xC0, 0x00, 0x00, 0x00, 0x60, 0x00, 0x00, 0x00,
  0x30, 0x00, 0x00, 0x00, 0x38, 0x00, 0x00, 0x00, 0x1C, 0x00, 0x00, 0x00,
  0x0E, 0x00, 0x00, 0x00, 0x07, 0x00, 0x00, 0x00, 0x03, 0x80, 0x00, 0x00,
  0x01, 0x80, 0x00, 0x00, 0x00, 0xFF, 0xFF, 0xFF, 0xF0, 0x3F, 0xFF, 0xFF,
  0xFC, 0x00, 0x00, 0x00, 0x3F, 0xE0, 0x00, 0x00, 0x7F, 0xFE, 0x00, 0x00,
  0xF8, 0x01, 0xE0, 0x00, 0xF0, 0x00, 0x1C, 0x00, 0x70, 0x00, 0x03, 0x00,
  0x30, 0x00, 0x00, 0x60, 0x08, 0x00, 0x00, 0x0C, 0x00, 0x00, 0x00, 0x03,
  0x00, 0x00, 0x00, 0x00, 0xC0, 0x00, 0x00, 0x00, 0x30, 0x00, 0x00, 0x00,
  0x0C, 0x00, 0x00, 0x00, 0x03, 0x00, 0x00, 0x00, 0x00, 0xC0, 0x00, 0x00,
  0x00, 0x30, 0x00, 0x00, 0x00, 0x0C, 0x00, 0x00, 0x00, 0x06, 0x00, 0x00,
  0x00, 0x01, 0x80, 0x00, 0x00, 0x00, 0xC0, 0x00, 0x00, 0x00, 0x70, 0x00,
  0x00, 0x00, 0x38, 0x00, 0x00, 0x00, 0x1C, 0x00, 0x00, 0x00, 0x1E, 0x00,
  0x00, 0x00, 0x1E, 0x00, 0x00, 0x7F, 0xFE, 0x00, 0x00, 0x1F, 0xFC, 0x00,
  0x00, 0x08, 0x07, 0xE0, 0x00, 0x00, 0x00, 0x1C, 0x00, 0x00, 0x00, 0x01,
  0xC0, 0x00, 0x00, 0x00, 0x30, 0x00, 0x00, 0x00, 0x06, 0x00, 0x00, 0x00,
  0x01, 0xC0, 0x00, 0x00, 0x00, 0x30, 0x00, 0x00, 0x00, 0x0C, 0x00, 0x00,
  0x00, 0x03, 0x00, 0x00, 0x00, 0x00, 0x40, 0x00, 0x00, 0x00, 0x18, 0x00,
  0x00, 0x00, 0x04, 0x00, 0x00, 0x00, 0x03, 0x00, 0x00, 0x00, 0x00, 0xC0,
  0x00, 0x00, 0x00, 0x30, 0x00, 0x00, 0x00, 0x0C, 0x00, 0x00, 0x00, 0x06,
  0x00, 0x00, 0x00, 0x01, 0x80, 0x00, 0x00, 0x00, 0xC0, 0x00, 0x00, 0x00,
  0x60, 0x00, 0x00, 0x00, 0x38, 0x08, 0x00, 0x00, 0x3C, 0x03, 0x80, 0x00,
  0x3C, 0x00, 0x7E, 0x00, 0x7C, 0x00, 0x03, 0xFF, 0xFC, 0x00, 0x00, 0x07,
  0xE0, 0x00, 0x00, 0x00, 0x00, 0x00, 0x00, 0xC0, 0x00, 0x00, 0x00, 0x1C,
  0x00, 0x00, 0x00, 0x03, 0xC0, 0x00, 0x00, 0x00, 0x68, 0x00, 0x00, 0x00,
  0x0D, 0x80, 0x00, 0x00, 0x01, 0xD8, 0x00, 0x00, 0x00, 0x39, 0x80, 0x00,
  0x00, 0x03, 0x18, 0x00, 0x00, 0x00, 0x61, 0x00, 0x00, 0x00, 0x0C, 0x30,
  0x00, 0x00, 0x01, 0x83, 0x00, 0x00, 0x00, 0x30, 0x30, 0x00, 0x00, 0x06,
  0x02, 0x00, 0x00, 0x00, 0xC0, 0x60, 0x00, 0x00, 0x18, 0x06, 0x00, 0x00,
  0x03, 0x80, 0x60, 0x00, 0x00, 0x70, 0x06, 0x00, 0x00, 0x0E, 0x00, 0x40,
  0x00, 0x00, 0xC0, 0x0C, 0x00, 0x00, 0x18, 0x00, 0xC0, 0x00, 0x03, 0x00,
  0x0C, 0x00, 0x00, 0x60, 0x00, 0xC0, 0x00, 0x0C, 0x00, 0x08, 0x00, 0x01,
  0x80, 0x01, 0x80, 0x00, 0x30, 0x00, 0x18, 0x00, 0x06, 0x00, 0x01, 0x80,
  0x00, 0xE0, 0x00, 0x18, 0x00, 0x1C, 0x00, 0x03, 0x00, 0x01, 0x80, 0x00,
  0x30, 0x00, 0x30, 0x00, 0x03, 0x00, 0x06, 0x00, 0x00, 0x30, 0x00, 0xC0,
  0x00, 0x02, 0x00, 0x18, 0x00, 0x00, 0x60, 0x03, 0x00, 0x00, 0x06, 0x00,
  0x60, 0x00, 0x00, 0x60, 0x1F, 0xFF, 0xFF, 0xFF, 0xFE, 0xFF, 0xFF, 0xFF,
  0xFF, 0xE0, 0x00, 0x00, 0x0C, 0x00, 0x00, 0x00, 0x00, 0xC0, 0x00, 0x00,
  0x00, 0x0C, 0x00, 0x00, 0x00, 0x00, 0xC0, 0x00, 0x00, 0x00, 0x08, 0x00,
  0x00, 0x00, 0x01, 0x80, 0x00, 0x00, 0x00, 0x18, 0x00, 0x00, 0x00, 0x01,
  0x80, 0x00, 0x00, 0x00, 0x18, 0x00, 0x00, 0x00, 0x03, 0x00, 0x00, 0x00,
  0x00, 0x30, 0x00, 0x00, 0x00, 0x03, 0x00, 0x00, 0x00, 0x00, 0x30, 0x00,
  0x00, 0x0F, 0xFF, 0xFF, 0xC0, 0x02, 0x00, 0x00, 0x00, 0x01, 0x80, 0x00,
  0x00, 0x00, 0x60, 0x00, 0x00, 0x00, 0x18, 0x00, 0x00, 0x00, 0x0C, 0x00,
  0x00, 0x00, 0x03, 0x00, 0x00, 0x00, 0x00, 0xC0, 0x00, 0x00, 0x00, 0x20,
  0x00, 0x00, 0x00, 0x18, 0x00, 0x00, 0x00, 0x06, 0x00, 0x00, 0x00, 0x01,
  0x00, 0x00, 0x00, 0x00, 0xC0, 0x00, 0x00, 0x00, 0x30, 0x00, 0x00, 0x00,
  0x0C, 0x00, 0x00, 0x00, 0x06, 0x00, 0x00, 0x00, 0x01, 0x80, 0x00, 0x00,
  0x00, 0x60, 0x00, 0x00, 0x00, 0x10, 0x00, 0x00, 0x00, 0x0C, 0x00, 0x00,
  0x00, 0x03, 0x7F, 0xFC, 0x00, 0x00, 0xFF, 0x07, 0xC0, 0x00, 0x30, 0x00,
  0x1C, 0x00, 0x00, 0x00, 0x03, 0x80, 0x00, 0x00, 0x00, 0x60, 0x00, 0x00,
  0x00, 0x0C, 0x00, 0x00, 0x00, 0x01, 0x80, 0x00, 0x00, 0x00, 0x60, 0x00,
  0x00, 0x00, 0x18, 0x00, 0x00, 0x00, 0x03, 0x00, 0x00, 0x00, 0x00, 0xC0,
  0x00, 0x00, 0x00, 0x30, 0x00, 0x00, 0x00, 0x0C, 0x00, 0x00, 0x00, 0x03,
  0x00, 0x00, 0x00, 0x00, 0xC0, 0x00, 0x00, 0x00, 0x30, 0x00, 0x00, 0x00,
  0x18, 0x00, 0x00, 0x00, 0x06, 0x00, 0x00, 0x00, 0x01, 0x80, 0x00, 0x00,
  0x00, 0xC0, 0x00, 0x00, 0x00, 0x30, 0x00, 0x00, 0x00, 0x18, 0x00, 0x00,
  0x00, 0x0E, 0x00, 0x00, 0x00, 0x03, 0x00, 0x00, 0x00, 0x03, 0x80, 0x20,
  0x00, 0x01, 0xC0, 0x0E, 0x00, 0x01, 0xE0, 0x01, 0xF8, 0x03, 0xE0, 0x00,
  0x1F, 0xFF, 0xE0, 0x00, 0x00, 0x1F, 0x00, 0x00, 0x00, 0x00, 0x00, 0x07,
  0xFE, 0x00, 0x00, 0x3F, 0xFF, 0x00, 0x00, 0xF0, 0x01, 0x00, 0x03, 0xC0,
  0x00, 0x00, 0x07, 0x00, 0x00, 0x00, 0x1C, 0x00, 0x00, 0x00, 0x38, 0x00,
  0x00, 0x00, 0x30, 0x00, 0x00, 0x00, 0x60, 0x00, 0x00, 0x00, 0xC0, 0x00,
  0x00, 0x01, 0x80, 0x00, 0x00, 0x01, 0x80, 0x00, 0x00, 0x03, 0x00, 0x00,
  0x00, 0x02, 0x00, 0x00, 0x00, 0x06, 0x00, 0x00, 0x00, 0x04, 0x00, 0x00,
  0x00, 0x0C, 0x00, 0x00, 0x00, 0x0C, 0x00, 0x00, 0x00, 0x18, 0x00, 0x00,
  0x00, 0x18, 0x00, 0x00, 0x00, 0x10, 0x0F, 0xFC, 0x00, 0x30, 0x7F, 0xBF,
  0x00, 0x30, 0xE0, 0x03, 0x80, 0x23, 0x80, 0x00, 0xC0, 0x67, 0x00, 0x00,
  0x60, 0x6C, 0x00, 0x00, 0x70, 0x78, 0x00, 0x00, 0x30, 0x50, 0x00, 0x00,
  0x30, 0xF0, 0x00, 0x00, 0x18, 0xE0, 0x00, 0x00, 0x18, 0xC0, 0x00, 0x00,
  0x18, 0xC0, 0x00, 0x00, 0x18, 0xC0, 0x00, 0x00, 0x18, 0xC0, 0x00, 0x00,
  0x18, 0xC0, 0x00, 0x00, 0x18, 0xC0, 0x00, 0x00, 0x18, 0xC0, 0x00, 0x00,
  0x30, 0xC0, 0x00, 0x00, 0x30, 0xC0, 0x00, 0x00, 0x30, 0xC0, 0x00, 0x00,
  0x60, 0xC0, 0x00, 0x00, 0x60, 0xC0, 0x00, 0x00, 0xE0, 0x60, 0x00, 0x00,
  0xC0, 0x60, 0x00, 0x01, 0x80, 0x20, 0x00, 0x03, 0x80, 0x30, 0x00, 0x07,
  0x00, 0x18, 0x00, 0x0E, 0x00, 0x0C, 0x00, 0x3C, 0x00, 0x07, 0x80, 0xF0,
  0x00, 0x03, 0xFF, 0xC0, 0x00, 0x00, 0x3C, 0x00, 0x00, 0x7F, 0xFF, 0xFF,
  0xFE, 0x00, 0x00, 0x00, 0x18, 0x00, 0x00, 0x00, 0x30, 0x00, 0x00, 0x00,
  0xC0, 0x00, 0x00, 0x03, 0x00, 0x00, 0x00, 0x06, 0x00, 0x00, 0x00, 0x18,
  0x00, 0x00, 0x00, 0x30, 0x00, 0x00, 0x00, 0xC0, 0x00, 0x00, 0x03, 0x00,
  0x00, 0x00, 0x06, 0x00, 0x00, 0x00, 0x18, 0x00, 0x00, 0x00, 0x30, 0x00,
  0x00, 0x00, 0xC0, 0x00, 0x00, 0x03, 0x80, 0x00, 0x00, 0x06, 0x00, 0x00,
  0x00, 0x18, 0x00, 0x00, 0x00, 0x30, 0x00, 0x00, 0x00, 0xC0, 0x00, 0x00,
  0x03, 0x80, 0x00, 0x00, 0x06, 0x00, 0x00, 0x00, 0x18, 0x00, 0x00, 0x00,
  0x30, 0x00, 0x00, 0x00, 0xC0, 0x00, 0x00, 0x03, 0x80, 0x00, 0x00, 0x06,
  0x00, 0x00, 0x00, 0x18, 0x00, 0x00, 0x00, 0x30, 0x00, 0x00, 0x00, 0xC0,
  0x00, 0x00, 0x03, 0x80, 0x00, 0x00, 0x06, 0x00, 0x00, 0x00, 0x18, 0x00,
  0x00, 0x00, 0x30, 0x00, 0x00, 0x00, 0xC0, 0x00, 0x00, 0x03, 0x80, 0x00,
  0x00, 0x06, 0x00, 0x00, 0x00, 0x18, 0x00, 0x00, 0x00, 0x30, 0x00, 0x00,
  0x00, 0xC0, 0x00, 0x00, 0x03, 0x80, 0x00, 0x00, 0x06, 0x00, 0x00, 0x00,
  0x1C, 0x00, 0x00, 0x00, 0x30, 0x00, 0x00, 0x00, 0xC0, 0x00, 0x00, 0x01,
  0x80, 0x00, 0x00, 0x06, 0x00, 0x00, 0x00, 0x1C, 0x00, 0x00, 0x00, 0x30,
  0x00, 0x00, 0x00, 0xC0, 0x00, 0x00, 0x00, 0x00, 0x00, 0x3F, 0xC0, 0x00,
  0x00, 0x7F, 0xFC, 0x00, 0x00, 0x78, 0x03, 0xC0, 0x00, 0x38, 0x00, 0x38,
  0x00, 0x18, 0x00, 0x03, 0x00, 0x0C, 0x00, 0x00, 0xC0, 0x03, 0x00, 0x00,
  0x18, 0x01, 0x80, 0x00, 0x06, 0x00, 0x60, 0x00, 0x00, 0x80, 0x30, 0x00,
  0x00, 0x30, 0x0C, 0x00, 0x00, 0x0C, 0x03, 0x00, 0x00, 0x02, 0x00, 0xC0,
  0x00, 0x01, 0x80, 0x30, 0x00, 0x00, 0x60, 0x0C, 0x00, 0x00, 0x18, 0x03,
  0x00, 0x00, 0x0C, 0x00, 0x60, 0x00, 0x07, 0x00, 0x18, 0x00, 0x03, 0x80,
  0x03, 0x00, 0x01, 0xC0, 0x00, 0xE0, 0x00, 0xE0, 0x00, 0x1C, 0x00, 0xE0,
  0x00, 0x03, 0x80, 0xF0, 0x00, 0x00, 0x38, 0xF0, 0x00, 0x00, 0x07, 0xF0,
  0x00, 0x00, 0x03, 0xF0, 0x00, 0x00, 0x03, 0xC7, 0x00, 0x00, 0x07, 0xC0,
  0x70, 0x00, 0x07, 0x80, 0x0E, 0x00, 0x03, 0x80, 0x00, 0xC0, 0x01, 0x80,
  0x00, 0x18, 0x01, 0xC0, 0x00, 0x03, 0x00, 0x60, 0x00, 0x00, 0xC0, 0x30,
  0x00, 0x00, 0x18, 0x18, 0x00, 0x00, 0x06, 0x06, 0x00, 0x00, 0x00, 0x81,
  0x80, 0x00, 0x00, 0x20, 0xC0, 0x00, 0x00, 0x0C, 0x30, 0x00, 0x00, 0x03,
  0x0C, 0x00, 0x00, 0x00, 0x83, 0x00, 0x00, 0x00, 0x20, 0xC0, 0x00, 0x00,
  0x18, 0x30, 0x00, 0x00, 0x06, 0x06, 0x00, 0x00, 0x03, 0x01, 0x80, 0x00,
  0x00, 0xC0, 0x30, 0x00, 0x00, 0x60, 0x0C, 0x00, 0x00, 0x30, 0x01, 0xC0,
  0x00, 0x18, 0x00, 0x38, 0x00, 0x1C, 0x00, 0x07, 0xC0, 0x3E, 0x00, 0x00,
  0x7F, 0xFC, 0x00, 0x00, 0x00, 0xE0, 0x00, 0x00, 0x00, 0x00, 0x7F, 0x00,
  0x00, 0x01, 0xFF, 0xF0, 0x00, 0x03, 0xC0, 0x1C, 0x00, 0x03, 0x80, 0x03,
  0x00, 0x03, 0x00, 0x00, 0xC0, 0x03, 0x00, 0x00, 0x30, 0x03, 0x00, 0x00,
  0x18, 0x03, 0x80, 0x00, 0x06, 0x01, 0x80, 0x00, 0x03, 0x01, 0x80, 0x00,
  0x00, 0x80, 0xC0, 0x00, 0x00, 0x60, 0xC0, 0x00, 0x00, 0x30, 0x60, 0x00,
  0x00, 0x18, 0x30, 0x00, 0x00, 0x0C, 0x30, 0x00, 0x00, 0x06, 0x18, 0x00,
  0x00, 0x03, 0x0C, 0x00, 0x00, 0x01, 0x86, 0x00, 0x00, 0x00, 0xC3, 0x00,
  0x00, 0x00, 0x61, 0x80, 0x00, 0x00, 0x30, 0xC0, 0x00, 0x00, 0x38, 0x60,
  0x00, 0x00, 0x18, 0x30, 0x00, 0x00, 0x1C, 0x18, 0x00, 0x00, 0x1E, 0x06,
  0x00, 0x00, 0x1B, 0x03, 0x00, 0x00, 0x19, 0x80, 0xC0, 0x00, 0x18, 0x80,
  0x30, 0x00, 0x38, 0xC0, 0x0E, 0x00, 0x78, 0x60, 0x03, 0xFF, 0xF0, 0x20,
  0x00, 0x3F, 0xC0, 0x30, 0x00, 0x00, 0x00, 0x18, 0x00, 0x00, 0x00, 0x18,
  0x00, 0x00, 0x00, 0x0C, 0x00, 0x00, 0x00, 0x04, 0x00, 0x00, 0x00, 0x06,
  0x00, 0x00, 0x00, 0x02, 0x00, 0x00, 0x00, 0x03, 0x00, 0x00, 0x00, 0x03,
  0x00, 0x00, 0x00, 0x01, 0x80, 0x00, 0x00, 0x01, 0x80, 0x00, 0x00, 0x01,
  0xC0, 0x00, 0x00, 0x01, 0xC0, 0x00, 0x00, 0x00, 0xC0, 0x00, 0x00, 0x01,
  0xC0, 0x00, 0x00, 0x01, 0xC0, 0x00, 0x00, 0x01, 0xC0, 0x00, 0x00, 0x03,
  0x80, 0x00, 0xF0, 0x0F, 0x80, 0x00, 0x7F, 0xFF, 0x00, 0x00, 0x00, 0xF0,
  0x00, 0x00, 0x00, 0x00, 0xC0, 0x1C, 0x07, 0x80, 0xE0, 0x08, 0x00, 0x00,
  0x00, 0x00, 0x00, 0x00, 0x00, 0x00, 0x00, 0x00, 0x00, 0x00, 0x00, 0x00,
  0x00, 0x00, 0x00, 0x00, 0x00, 0x00, 0x00, 0x00, 0x00, 0x00, 0x00, 0x00,
  0x00, 0x00, 0x00, 0x00, 0x00, 0x00, 0x00, 0x00, 0x00, 0x00, 0x00, 0x00,
  0x0C, 0x01, 0xC0, 0x78, 0x0E, 0x00, 0x80, 0x00, 0x00, 0x02, 0x00, 0x07,
  0x00, 0x0F, 0x00, 0x0E, 0x00, 0x04, 0x00, 0x00, 0x00, 0x00, 0x00, 0x00,
  0x00, 0x00, 0x00, 0x00, 0x00, 0x00, 0x00, 0x00, 0x00, 0x00, 0x00, 0x00,
  0x00, 0x00, 0x00, 0x00, 0x00, 0x00, 0x00, 0x00, 0x00, 0x00, 0x00, 0x00,
  0x00, 0x00, 0x00, 0x00, 0x00, 0x00, 0x00, 0x00, 0x00, 0x00, 0x00, 0x00,
  0x00, 0x00, 0x00, 0x00, 0x00, 0x00, 0x01, 0x80, 0x01, 0x80, 0x03, 0x00,
  0x03, 0x00, 0x07, 0x00, 0x06, 0x00, 0x06, 0x00, 0x0C, 0x00, 0x0C, 0x00,
  0x18, 0x00, 0x18, 0x00, 0x30, 0x00, 0x30, 0x00, 0x20, 0x00, 0x60, 0x00,
  0x40, 0x00, 0xC0, 0x00, 0x00, 0x00, 0x00, 0x03, 0x00, 0x00, 0x00, 0x0F,
  0x00, 0x00, 0x00, 0x38, 0x00, 0x00, 0x01, 0xE0, 0x00, 0x00, 0x07, 0x80,
  0x00, 0x00, 0x1E, 0x00, 0x00, 0x00, 0x78, 0x00, 0x00, 0x01, 0xE0, 0x00,
  0x00, 0x07, 0x80, 0x00, 0x00, 0x1C, 0x00, 0x00, 0x00, 0x70, 0x00, 0x00,
  0x03, 0xC0, 0x00, 0x00, 0x0F, 0x00, 0x00, 0x00, 0x3C, 0x00, 0x00, 0x00,
  0xF0, 0x00, 0x00, 0x00, 0xF0, 0x00, 0x00, 0x00, 0x3C, 0x00, 0x00, 0x00,
  0x0F, 0x00, 0x00, 0x00, 0x03, 0xC0, 0x00, 0x00, 0x00, 0xF0, 0x00, 0x00,
  0x00, 0x1C, 0x00, 0x00, 0x00, 0x07, 0x00, 0x00, 0x00, 0x01, 0xE0, 0x00,
  0x00, 0x00, 0x78, 0x00, 0x00, 0x00, 0x1E, 0x00, 0x00, 0x00, 0x07, 0x80,
  0x00, 0x00, 0x01, 0xE0, 0x00, 0x00, 0x00, 0x78, 0x00, 0x00, 0x00, 0x0E,
  0x00, 0x00, 0x00, 0x03, 0xFF, 0xFF, 0xFF, 0xFF, 0x00, 0x00, 0x00, 0x00,
  0x00, 0x00, 0x00, 0x00, 0x00, 0x00, 0x00, 0x00, 0x00, 0x00, 0x00, 0x00,
  0x00, 0x00, 0x00, 0x00, 0x00, 0x00, 0x00, 0x00, 0x00, 0x00, 0x00, 0x00,
  0x00, 0x00, 0x00, 0x00, 0x00, 0x00, 0x00, 0x00, 0x00, 0x00, 0x00, 0x00,
  0x00, 0x00, 0x00, 0x00, 0x00, 0x00, 0x00, 0x00, 0x00, 0x00, 0x00, 0x00,
  0xFF, 0xFF, 0xFF, 0xFF, 0xFF, 0xFF, 0xFF, 0xFF, 0xC0, 0x00, 0x00, 0x00,
  0x70, 0x00, 0x00, 0x00, 0x1E, 0x00, 0x00, 0x00, 0x07, 0x80, 0x00, 0x00,
  0x01, 0xE0, 0x00, 0x00, 0x00, 0x78, 0x00, 0x00, 0x00, 0x1E, 0x00, 0x00,
  0x00, 0x07, 0x80, 0x00, 0x00, 0x01, 0xE0, 0x00, 0x00, 0x00, 0x38, 0x00,
  0x00, 0x00, 0x0F, 0x00, 0x00, 0x00, 0x03, 0xC0, 0x00, 0x00, 0x00, 0xF0,
  0x00, 0x00, 0x00, 0x3C, 0x00, 0x00, 0x00, 0x0F, 0x00, 0x00, 0x00, 0x0F,
  0x00, 0x00, 0x00, 0x3C, 0x00, 0x00, 0x00, 0xF0, 0x00, 0x00, 0x03, 0xC0,
  0x00, 0x00, 0x0F, 0x00, 0x00, 0x00, 0x3C, 0x00, 0x00, 0x00, 0xE0, 0x00,
  0x00, 0x07, 0x80, 0x00, 0x00, 0x1E, 0x00, 0x00, 0x00, 0x78, 0x00, 0x00,
  0x01, 0xE0, 0x00, 0x00, 0x07, 0x80, 0x00, 0x00, 0x1E, 0x00, 0x00, 0x00,
  0x70, 0x00, 0x00, 0x00, 0xC0, 0x00, 0x00, 0x00, 0x00, 0xFF, 0x00, 0x0F,
  0xFF, 0x80, 0xF8, 0x03, 0x80, 0x80, 0x01, 0x80, 0x00, 0x01, 0x80, 0x00,
  0x01, 0x80, 0x00, 0x03, 0x00, 0x00, 0x03, 0x00, 0x00, 0x06, 0x00, 0x00,
  0x0C, 0x00, 0x00, 0x18, 0x00, 0x00, 0x30, 0x00, 0x00, 0x60, 0x00, 0x00,
  0xC0, 0x00, 0x01, 0x80, 0x00, 0x06, 0x00, 0x00, 0x0C, 0x00, 0x00, 0x30,
  0x00, 0x00, 0xE0, 0x00, 0x03, 0x80, 0x00, 0x0E, 0x00, 0x00, 0x38, 0x00,
  0x00, 0xE0, 0x00, 0x07, 0x00, 0x00, 0x1C, 0x00, 0x00, 0x60, 0x00, 0x01,
  0x80, 0x00, 0x06, 0x00, 0x00, 0x38, 0x00, 0x00, 0x60, 0x00, 0x01, 0x80,
  0x00, 0x06, 0x00, 0x00, 0x0C, 0x00, 0x00, 0x30, 0x00, 0x00, 0x60, 0x00,
  0x00, 0xC0, 0x00, 0x01, 0x00, 0x00, 0x06, 0x00, 0x00, 0x00, 0x00, 0x00,
  0x00, 0x00, 0x00, 0x00, 0x00, 0x00, 0x00, 0x00, 0x00, 0x00, 0x00, 0x00,
  0x00, 0x00, 0x00, 0x00, 0x00, 0x00, 0x00, 0x00, 0x18, 0x00, 0x00, 0x70,
  0x00, 0x00, 0xE0, 0x00, 0x01, 0xC0, 0x00, 0x01, 0x00, 0x00, 0x00, 0x00,
  0x00, 0x00, 0x07, 0xE0, 0x00, 0x00, 0x00, 0x00, 0x3F, 0xFF, 0xF0, 0x00,
  0x00, 0x00, 0x1F, 0xC0, 0x0F, 0xC0, 0x00, 0x00, 0x07, 0x80, 0x00, 0x0F,
  0x00, 0x00, 0x01, 0xE0, 0x00, 0x00, 0x38, 0x00, 0x00, 0x78, 0x00, 0x00,
  0x01, 0xC0, 0x00, 0x0E, 0x00, 0x00, 0x00, 0x0E, 0x00, 0x01, 0xC0, 0x00,
  0x00, 0x00, 0x70, 0x00, 0x30, 0x00, 0x00, 0x00, 0x03, 0x80, 0x06, 0x00,
  0x00, 0x00, 0x00, 0x18, 0x00, 0xC0, 0x00, 0x00, 0x00, 0x00, 0xC0, 0x18,
  0x00, 0x00, 0x00, 0x00, 0x0C, 0x03, 0x00, 0x00, 0x00, 0x00, 0x00, 0xC0,
  0x70, 0x00, 0x00, 0x00, 0x00, 0x06, 0x06, 0x00, 0x00, 0x3F, 0xC0, 0x00,
  0x60, 0xC0, 0x00, 0x1F, 0xFF, 0xC0, 0x06, 0x0C, 0x00, 0x03, 0x80, 0x1C,
  0x00, 0x61, 0x80, 0x00, 0xE0, 0x00, 0xC0, 0x03, 0x18, 0x00, 0x1C, 0x00,
  0x08, 0x00, 0x33, 0x00, 0x03, 0x00, 0x01, 0x80, 0x03, 0x30, 0x00, 0x60,
  0x00, 0x18, 0x00, 0x32, 0x00, 0x0C, 0x00, 0x01, 0x80, 0x03, 0x60, 0x00,
  0xC0, 0x00, 0x10, 0x00, 0x36, 0x00, 0x18, 0x00, 0x03, 0x00, 0x03, 0x60,
  0x01, 0x80, 0x00, 0x30, 0x00, 0x2C, 0x00, 0x30, 0x00, 0x03, 0x00, 0x06,
  0xC0, 0x03, 0x00, 0x00, 0x60, 0x00, 0x6C, 0x00, 0x20, 0x00, 0x06, 0x00,
  0x06, 0xC0, 0x06, 0x00, 0x00, 0x60, 0x00, 0x6C, 0x00, 0x60, 0x00, 0x04,
  0x00, 0x0C, 0xC0, 0x06, 0x00, 0x00, 0xC0, 0x00, 0xCC, 0x00, 0x60, 0x00,
  0x0C, 0x00, 0x0C, 0xC0, 0x06, 0x00, 0x01, 0xC0, 0x01, 0x8C, 0x00, 0x60,
  0x00, 0x1C, 0x00, 0x18, 0xC0, 0x06, 0x00, 0x03, 0xC0, 0x03, 0x0C, 0x00,
  0x60, 0x00, 0x6C, 0x00, 0x70, 0xC0, 0x06, 0x00, 0x06, 0xC0, 0x0E, 0x0C,
  0x00, 0x30, 0x01, 0xCC, 0x01, 0xC0, 0xC0, 0x03, 0x80, 0x38, 0x60, 0x38,
  0x06, 0x00, 0x1E, 0x0F, 0x07, 0x0F, 0x00, 0x60, 0x00, 0x7F, 0xC0, 0x3F,
  0xC0, 0x06, 0x00, 0x01, 0xE0, 0x00, 0x60, 0x00, 0x30, 0x00, 0x00, 0x00,
  0x00, 0x00, 0x03, 0x00, 0x00, 0x00, 0x00, 0x00, 0x00, 0x18, 0x00, 0x00,
  0x00, 0x00, 0x00, 0x01, 0x80, 0x00, 0x00, 0x00, 0x00, 0x00, 0x0C, 0x00,
  0x00, 0x00, 0x00, 0x00, 0x00, 0x60, 0x00, 0x00, 0x00, 0x00, 0x00, 0x07,
  0x00, 0x00, 0x00, 0x00, 0x00, 0x00, 0x38, 0x00, 0x00, 0x00, 0x00, 0x00,
  0x00, 0xE0, 0x00, 0x00, 0x00, 0x00, 0x00, 0x07, 0x80, 0x00, 0x02, 0x00,
  0x00, 0x00, 0x1E, 0x00, 0x01, 0xE0, 0x00, 0x00, 0x00, 0x7F, 0xFF, 0xF8,
  0x00, 0x00, 0x00, 0x00, 0xFF, 0xFC, 0x00, 0x00, 0x00, 0x00, 0x00, 0x00,
  0x0C, 0x00, 0x00, 0x00, 0x00, 0xE0, 0x00, 0x00, 0x00, 0x05, 0x00, 0x00,
  0x00, 0x00, 0x6C, 0x00, 0x00, 0x00, 0x02, 0x60, 0x00, 0x00, 0x00, 0x33,
  0x00, 0x00, 0x00, 0x03, 0x18, 0x00, 0x00, 0x00, 0x18, 0xC0, 0x00, 0x00,
  0x01, 0x82, 0x00, 0x00, 0x00, 0x0C, 0x18, 0x00, 0x00, 0x00, 0xC0, 0xC0,
  0x00, 0x00, 0x0C, 0x06, 0x00, 0x00, 0x00, 0x60, 0x30, 0x00, 0x00, 0x06,
  0x01, 0x80, 0x00, 0x00, 0x30, 0x0C, 0x00, 0x00, 0x03, 0x00, 0x20, 0x00,
  0x00, 0x10, 0x01, 0x80, 0x00, 0x01, 0x80, 0x0C, 0x00, 0x00, 0x18, 0x00,
  0x60, 0x00, 0x00, 0xC0, 0x03, 0x00, 0x00, 0x0C, 0x00, 0x18, 0x00, 0x00,
  0x60, 0x00, 0x40, 0x00, 0x06, 0x00, 0x02, 0x00, 0x00, 0x60, 0x00, 0x18,
  0x00, 0x03, 0x00, 0x00, 0xC0, 0x00, 0x30, 0x00, 0x06, 0x00, 0x01, 0x80,
  0x00, 0x30, 0x00, 0x18, 0x00, 0x01, 0x80, 0x00, 0xC0, 0x00, 0x04, 0x00,
  0x0F, 0xFF, 0xFF, 0xE0, 0x00, 0xC0, 0x00, 0x01, 0x80, 0x06, 0x00, 0x00,
  0x0C, 0x00, 0x60, 0x00, 0x00, 0x60, 0x03, 0x00, 0x00, 0x03, 0x00, 0x30,
  0x00, 0x00, 0x18, 0x03, 0x00, 0x00, 0x00, 0x40, 0x18, 0x00, 0x00, 0x03,
  0x01, 0x80, 0x00, 0x00, 0x18, 0x0C, 0x00, 0x00, 0x00, 0xC0, 0xC0, 0x00,
  0x00, 0x06, 0x0E, 0x00, 0x00, 0x00, 0x30, 0x60, 0x00, 0x00, 0x00, 0x86,
  0x00, 0x00, 0x00, 0x04, 0x30, 0x00, 0x00, 0x00, 0x33, 0x00, 0x00, 0x00,
  0x01, 0x98, 0x00, 0x00, 0x00, 0x0D, 0x80, 0x00, 0x00, 0x00, 0x7C, 0x00,
  0x00, 0x00, 0x03, 0xC0, 0x00, 0x00, 0x00, 0x08, 0x00, 0x1F, 0xFF, 0xFC,
  0x00, 0x01, 0x80, 0x07, 0xF8, 0x00, 0x0C, 0x00, 0x00, 0xF0, 0x00, 0x60,
  0x00, 0x01, 0xC0, 0x03, 0x00, 0x00, 0x07, 0x00, 0x18, 0x00, 0x00, 0x18,
  0x01, 0x80, 0x00, 0x00, 0x60, 0x0C, 0x00, 0x00, 0x03, 0x00, 0x60, 0x00,
  0x00, 0x18, 0x03, 0x00, 0x00, 0x00, 0xC0, 0x10, 0x00, 0x00, 0x06, 0x01,
  0x80, 0x00, 0x00, 0x30, 0x0C, 0x00, 0x00, 0x01, 0x80, 0x60, 0x00, 0x00,
  0x0C, 0x03, 0x00, 0x00, 0x00, 0xC0, 0x10, 0x00, 0x00, 0x06, 0x01, 0x80,
  0x00, 0x00, 0x60, 0x0C, 0x00, 0x00, 0x03, 0x00, 0x60, 0x00, 0x00, 0x30,
  0x03, 0x00, 0x00, 0x07, 0x00, 0x30, 0x00, 0x00, 0x70, 0x01, 0x80, 0x00,
  0x1E, 0x00, 0x0F, 0xFF, 0xFF, 0xC0, 0x00, 0x7F, 0xFF, 0xF8, 0x00, 0x03,
  0x00, 0x00, 0xF8, 0x00, 0x30, 0x00, 0x00, 0xE0, 0x01, 0x80, 0x00, 0x01,
  0x80, 0x0C, 0x00, 0x00, 0x06, 0x00, 0x60, 0x00, 0x00, 0x30, 0x02, 0x00,
  0x00, 0x00, 0xC0, 0x30, 0x00, 0x00, 0x06, 0x01, 0x80, 0x00, 0x00, 0x30,
  0x0C, 0x00, 0x00, 0x00, 0x80, 0x60, 0x00, 0x00, 0x04, 0x02, 0x00, 0x00,
  0x00, 0x20, 0x30, 0x00, 0x00, 0x03, 0x01, 0x80, 0x00, 0x00, 0x18, 0x0C,
  0x00, 0x00, 0x00, 0xC0, 0x60, 0x00, 0x00, 0x06, 0x06, 0x00, 0x00, 0x00,
  0x60, 0x30, 0x00, 0x00, 0x03, 0x01, 0x80, 0x00, 0x00, 0x30, 0x0C, 0x00,
  0x00, 0x03, 0x80, 0x40, 0x00, 0x00, 0x38, 0x06, 0x00, 0x00, 0x03, 0x80,
  0x30, 0x00, 0x00, 0x70, 0x01, 0x80, 0x00, 0x1F, 0x00, 0x0F, 0xFF, 0xFF,
  0xC0, 0x00, 0xFF, 0xFF, 0xF0, 0x00, 0x00, 0x00, 0x00, 0x03, 0xFE, 0x00,
  0x00, 0x00, 0xFF, 0xFF, 0x80, 0x00, 0x0F, 0x80, 0x0F, 0xC0, 0x00, 0xF0,
  0x00, 0x06, 0x00, 0x0F, 0x00, 0x00, 0x00, 0x00, 0x70, 0x00, 0x00, 0x00,
  0x03, 0x00, 0x00, 0x00, 0x00, 0x18, 0x00, 0x00, 0x00, 0x00, 0xC0, 0x00,
  0x00, 0x00, 0x06, 0x00, 0x00, 0x00, 0x00, 0x30, 0x00, 0x00, 0x00, 0x01,
  0xC0, 0x00, 0x00, 0x00, 0x06, 0x00, 0x00, 0x00, 0x00, 0x30, 0x00, 0x00,
  0x00, 0x00, 0xC0, 0x00, 0x00, 0x00, 0x06, 0x00, 0x00, 0x00, 0x00, 0x18,
  0x00, 0x00, 0x00, 0x00, 0xC0, 0x00, 0x00, 0x00, 0x03, 0x00, 0x00, 0x00,
  0x00, 0x08, 0x00, 0x00, 0x00, 0x00, 0x60, 0x00, 0x00, 0x00, 0x01, 0x80,
  0x00, 0x00, 0x00, 0x06, 0x00, 0x00, 0x00, 0x00, 0x10, 0x00, 0x00, 0x00,
  0x00, 0xC0, 0x00, 0x00, 0x00, 0x03, 0x00, 0x00, 0x00, 0x00, 0x0C, 0x00,
  0x00, 0x00, 0x00, 0x30, 0x00, 0x00, 0x00, 0x00, 0xC0, 0x00, 0x00, 0x00,
  0x03, 0x00, 0x00, 0x00, 0x00, 0x0C, 0x00, 0x00, 0x00, 0x00, 0x30, 0x00,
  0x00, 0x00, 0x00, 0xC0, 0x00, 0x00, 0x00, 0x03, 0x00, 0x00, 0x00, 0x00,
  0x0C, 0x00, 0x00, 0x00, 0x00, 0x30, 0x00, 0x00, 0x00, 0x00, 0xC0, 0x00,
  0x00, 0x00, 0x03, 0x00, 0x00, 0x00, 0x00, 0x06, 0x00, 0x00, 0x00, 0x00,
  0x18, 0x00, 0x00, 0x00, 0x00, 0x60, 0x00, 0x00, 0x00, 0x00, 0xC0, 0x00,
  0x00, 0x00, 0x03, 0x00, 0x00, 0x00, 0x00, 0x06, 0x00, 0x00, 0x00, 0x00,
  0x1C, 0x00, 0x00, 0x00, 0x00, 0x38, 0x00, 0x00, 0x00, 0x00, 0x70, 0x00,
  0x00, 0x00, 0x00, 0xF0, 0x00, 0x06, 0x00, 0x00, 0xF8, 0x03, 0xF8, 0x00,
  0x00, 0xFF, 0xFF, 0x00, 0x00, 0x00, 0x7F, 0x80, 0x00, 0x00, 0x00, 0x1F,
  0xFF, 0xF0, 0x00, 0x00, 0x18, 0x03, 0xFF, 0x00, 0x00, 0x0C, 0x00, 0x03,
  0xE0, 0x00, 0x06, 0x00, 0x00, 0x38, 0x00, 0x03, 0x00, 0x00, 0x0E, 0x00,
  0x01, 0x80, 0x00, 0x01, 0x80, 0x01, 0x80, 0x00, 0x00, 0x60, 0x00, 0xC0,
  0x00, 0x00, 0x18, 0x00, 0x60, 0x00, 0x00, 0x0E, 0x00, 0x30, 0x00, 0x00,
  0x03, 0x00, 0x10, 0x00, 0x00, 0x01, 0x80, 0x18, 0x00, 0x00, 0x00, 0x60,
  0x0C, 0x00, 0x00, 0x00, 0x30, 0x06, 0x00, 0x00, 0x00, 0x18, 0x03, 0x00,
  0x00, 0x00, 0x06, 0x01, 0x00, 0x00, 0x00, 0x03, 0x01, 0x80, 0x00, 0x00,
  0x01, 0x80, 0xC0, 0x00, 0x00, 0x00, 0xC0, 0x60, 0x00, 0x00, 0x00, 0x60,
  0x30, 0x00, 0x00, 0x00, 0x30, 0x30, 0x00, 0x00, 0x00, 0x18, 0x18, 0x00,
  0x00, 0x00, 0x0C, 0x0C, 0x00, 0x00, 0x00, 0x06, 0x06, 0x00, 0x00, 0x00,
  0x03, 0x03, 0x00, 0x00, 0x00, 0x01, 0x83, 0x00, 0x00, 0x00, 0x00, 0x81,
  0x80, 0x00, 0x00, 0x00, 0xC0, 0xC0, 0x00, 0x00, 0x00, 0x60, 0x60, 0x00,
  0x00, 0x00, 0x30, 0x20, 0x00, 0x00, 0x00, 0x30, 0x30, 0x00, 0x00, 0x00,
  0x18, 0x18, 0x00, 0x00, 0x00, 0x0C, 0x0C, 0x00, 0x00, 0x00, 0x0C, 0x06,
  0x00, 0x00, 0x00, 0x06, 0x02, 0x00, 0x00, 0x00, 0x06, 0x03, 0x00, 0x00,
  0x00, 0x03, 0x01, 0x80, 0x00, 0x00, 0x03, 0x00, 0xC0, 0x00, 0x00, 0x03,
  0x80, 0x60, 0x00, 0x00, 0x03, 0x80, 0x60, 0x00, 0x00, 0x03, 0x80, 0x30,
  0x00, 0x00, 0x03, 0x80, 0x18, 0x00, 0x00, 0x03, 0x80, 0x0C, 0x00, 0x00,
  0x03, 0x80, 0x04, 0x00, 0x00, 0x07, 0x80, 0x06, 0x00, 0x00, 0x0F, 0x00,
  0x03, 0x00, 0x00, 0x1E, 0x00, 0x01, 0x80, 0x00, 0xFC, 0x00, 0x00, 0xFF,
  0xFF, 0xF0, 0x00, 0x00, 0xFF, 0xFF, 0x80, 0x00, 0x00, 0x00, 0x00, 0x1F,
  0xFF, 0xFF, 0xF0, 0x03, 0x00, 0x00, 0x00, 0x00, 0x30, 0x00, 0x00, 0x00,
  0x03, 0x00, 0x00, 0x00, 0x00, 0x30, 0x00, 0x00, 0x00, 0x03, 0x00, 0x00,
  0x00, 0x00, 0x60, 0x00, 0x00, 0x00, 0x06, 0x00, 0x00, 0x00, 0x00, 0x60,
  0x00, 0x00, 0x00, 0x06, 0x00, 0x00, 0x00, 0x00, 0x40, 0x00, 0x00, 0x00,
  0x0C, 0x00, 0x00, 0x00, 0x00, 0xC0, 0x00, 0x00, 0x00, 0x0C, 0x00, 0x00,
  0x00, 0x00, 0xC0, 0x00, 0x00, 0x00, 0x08, 0x00, 0x00, 0x00, 0x01, 0x80,
  0x00, 0x00, 0x00, 0x18, 0x00, 0x00, 0x00, 0x01, 0x80, 0x00, 0x00, 0x00,
  0x18, 0x00, 0x00, 0x00, 0x03, 0x00, 0x00, 0x00, 0x00, 0x30, 0x00, 0x00,
  0x00, 0x03, 0xFF, 0xFF, 0xFC, 0x00, 0x3F, 0xFF, 0xFF, 0x80, 0x03, 0x00,
  0x00, 0x00, 0x00, 0x60, 0x00, 0x00, 0x00, 0x06, 0x00, 0x00, 0x00, 0x00,
  0x60, 0x00, 0x00, 0x00, 0x06, 0x00, 0x00, 0x00, 0x00, 0x40, 0x00, 0x00,
  0x00, 0x0C, 0x00, 0x00, 0x00, 0x00, 0xC0, 0x00, 0x00, 0x00, 0x0C, 0x00,
  0x00, 0x00, 0x00, 0xC0, 0x00, 0x00, 0x00, 0x08, 0x00, 0x00, 0x00, 0x01,
  0x80, 0x00, 0x00, 0x00, 0x18, 0x00, 0x00, 0x00, 0x01, 0x80, 0x00, 0x00,
  0x00, 0x18, 0x00, 0x00, 0x00, 0x03, 0x00, 0x00, 0x00, 0x00, 0x30, 0x00,
  0x00, 0x00, 0x03, 0x00, 0x00, 0x00, 0x00, 0x30, 0x00, 0x00, 0x00, 0x02,
  0x00, 0x00, 0x00, 0x00, 0x60, 0x00, 0x00, 0x00, 0x06, 0x00, 0x00, 0x00,
  0x00, 0x60, 0x00, 0x00, 0x00, 0x07, 0xFF, 0xFF, 0xFC, 0x00, 0xFF, 0xFF,
  0xFF, 0x80, 0x00, 0x00, 0x1F, 0xFF, 0xFF, 0xF0, 0x03, 0x00, 0x00, 0x00,
  0x00, 0x30, 0x00, 0x00, 0x00, 0x03, 0x00, 0x00, 0x00, 0x00, 0x30, 0x00,
  0x00, 0x00, 0x03, 0x00, 0x00, 0x00, 0x00, 0x60, 0x00, 0x00, 0x00, 0x06,
  0x00, 0x00, 0x00, 0x00, 0x60, 0x00, 0x00, 0x00, 0x06, 0x00, 0x00, 0x00,
  0x00, 0x40, 0x00, 0x00, 0x00, 0x0C, 0x00, 0x00, 0x00, 0x00, 0xC0, 0x00,
  0x00, 0x00, 0x0C, 0x00, 0x00, 0x00, 0x00, 0xC0, 0x00, 0x00, 0x00, 0x08,
  0x00, 0x00, 0x00, 0x01, 0x80, 0x00, 0x00, 0x00, 0x18, 0x00, 0x00, 0x00,
  0x01, 0x80, 0x00, 0x00, 0x00, 0x18, 0x00, 0x00, 0x00, 0x03, 0x00, 0x00,
  0x00, 0x00, 0x30, 0x00, 0x00, 0x00, 0x03, 0x00, 0x00, 0x00, 0x00, 0x30,
  0x00, 0x00, 0x00, 0x03, 0x00, 0x00, 0x00, 0x00, 0x7F, 0xFF, 0xFF, 0x80,
  0x06, 0x00, 0x00, 0x00, 0x00, 0x60, 0x00, 0x00, 0x00, 0x06, 0x00, 0x00,
  0x00, 0x00, 0x40, 0x00, 0x00, 0x00, 0x0C, 0x00, 0x00, 0x00, 0x00, 0xC0,
  0x00, 0x00, 0x00, 0x0C, 0x00, 0x00, 0x00, 0x00, 0xC0, 0x00, 0x00, 0x00,
  0x08, 0x00, 0x00, 0x00, 0x01, 0x80, 0x00, 0x00, 0x00, 0x18, 0x00, 0x00,
  0x00, 0x01, 0x80, 0x00, 0x00, 0x00, 0x18, 0x00, 0x00, 0x00, 0x03, 0x00,
  0x00, 0x00, 0x00, 0x30, 0x00, 0x00, 0x00, 0x03, 0x00, 0x00, 0x00, 0x00,
  0x30, 0x00, 0x00, 0x00, 0x02, 0x00, 0x00, 0x00, 0x00, 0x60, 0x00, 0x00,
  0x00, 0x06, 0x00, 0x00, 0x00, 0x00, 0x60, 0x00, 0x00, 0x00, 0x06, 0x00,
  0x00, 0x00, 0x00, 0xC0, 0x00, 0x00, 0x00, 0x00, 0x00, 0x00, 0x07, 0xFF,
  0x00, 0x00, 0x00, 0x3F, 0xFF, 0xF0, 0x00, 0x00, 0xF0, 0x00, 0x7E, 0x00,
  0x03, 0x80, 0x00, 0x0F, 0x00, 0x0E, 0x00, 0x00, 0x02, 0x00, 0x1C, 0x00,
  0x00, 0x00, 0x00, 0x30, 0x00, 0x00, 0x00, 0x00, 0x60, 0x00, 0x00, 0x00,
  0x00, 0xC0, 0x00, 0x00, 0x00, 0x01, 0x80, 0x00, 0x00, 0x00, 0x03, 0x00,
  0x00, 0x00, 0x00, 0x07, 0x00, 0x00, 0x00, 0x00, 0x06, 0x00, 0x00, 0x00,
  0x00, 0x0C, 0x00, 0x00, 0x00, 0x00, 0x0C, 0x00, 0x00, 0x00, 0x00, 0x18,
  0x00, 0x00, 0x00, 0x00, 0x18, 0x00, 0x00, 0x00, 0x00, 0x30, 0x00, 0x00,
  0x00, 0x00, 0x30, 0x00, 0x00, 0x00, 0x00, 0x20, 0x00, 0x00, 0x00, 0x00,
  0x60, 0x00, 0x00, 0x00, 0x00, 0x60, 0x00, 0x00, 0x00, 0x00, 0x60, 0x00,
  0x00, 0x00, 0x00, 0x40, 0x00, 0x00, 0x00, 0x00, 0xC0, 0x00, 0x00, 0x00,
  0x00, 0xC0, 0x00, 0x00, 0x00, 0x00, 0xC0, 0x00, 0x07, 0xFF, 0xF8, 0xC0,
  0x00, 0x07, 0xFF, 0xF8, 0xC0, 0x00, 0x00, 0x00, 0x30, 0xC0, 0x00, 0x00,
  0x00, 0x30, 0xC0, 0x00, 0x00, 0x00, 0x30, 0xC0, 0x00, 0x00, 0x00, 0x30,
  0xC0, 0x00, 0x00, 0x00, 0x20, 0xC0, 0x00, 0x00, 0x00, 0x60, 0xC0, 0x00,
  0x00, 0x00, 0x60, 0xC0, 0x00, 0x00, 0x00, 0x60, 0xC0, 0x00, 0x00, 0x00,
  0x60, 0xC0, 0x00, 0x00, 0x00, 0x40, 0x40, 0x00, 0x00, 0x00, 0xC0, 0x60,
  0x00, 0x00, 0x00, 0xC0, 0x60, 0x00, 0x00, 0x00, 0xC0, 0x30, 0x00, 0x00,
  0x00, 0xC0, 0x30, 0x00, 0x00, 0x01, 0x80, 0x18, 0x00, 0x00, 0x01, 0x80,
  0x1C, 0x00, 0x00, 0x01, 0x80, 0x0E, 0x00, 0x00, 0x01, 0x80, 0x07, 0x00,
  0x00, 0x03, 0x00, 0x03, 0xC0, 0x00, 0x1F, 0x00, 0x00, 0xF8, 0x01, 0xFC,
  0x00, 0x00, 0x3F, 0xFF, 0xE0, 0x00, 0x00, 0x01, 0xF8, 0x00, 0x00, 0x00,
  0x18, 0x00, 0x00, 0x00, 0x30, 0x03, 0x00, 0x00, 0x00, 0x06, 0x00, 0x30,
  0x00, 0x00, 0x00, 0x60, 0x03, 0x00, 0x00, 0x00, 0x06, 0x00, 0x30, 0x00,
  0x00, 0x00, 0x60, 0x03, 0x00, 0x00, 0x00, 0x04, 0x00, 0x60, 0x00, 0x00,
  0x00, 0xC0, 0x06, 0x00, 0x00, 0x00, 0x0C, 0x00, 0x60, 0x00, 0x00, 0x00,
  0xC0, 0x06, 0x00, 0x00, 0x00, 0x0C, 0x00, 0x40, 0x00, 0x00, 0x01, 0x80,
  0x0C, 0x00, 0x00, 0x00, 0x18, 0x00, 0xC0, 0x00, 0x00, 0x01, 0x80, 0x0C,
  0x00, 0x00, 0x00, 0x18, 0x00, 0xC0, 0x00, 0x00, 0x01, 0x80, 0x08, 0x00,
  0x00, 0x00, 0x30, 0x01, 0x80, 0x00, 0x00, 0x03, 0x00, 0x18, 0x00, 0x00,
  0x00, 0x30, 0x01, 0x80, 0x00, 0x00, 0x03, 0x00, 0x18, 0x00, 0x00, 0x00,
  0x20, 0x03, 0x00, 0x00, 0x00, 0x06, 0x00, 0x30, 0x00, 0x00, 0x00, 0x60,
  0x03, 0xFF, 0xFF, 0xFF, 0xFE, 0x00, 0x3F, 0xFF, 0xFF, 0xFF, 0xE0, 0x03,
  0x00, 0x00, 0x00, 0x04, 0x00, 0x60, 0x00, 0x00, 0x00, 0xC0, 0x06, 0x00,
  0x00, 0x00, 0x0C, 0x00, 0x60, 0x00, 0x00, 0x00, 0xC0, 0x06, 0x00, 0x00,
  0x00, 0x0C, 0x00, 0x40, 0x00, 0x00, 0x01, 0x80, 0x0C, 0x00, 0x00, 0x00,
  0x18, 0x00, 0xC0, 0x00, 0x00, 0x01, 0x80, 0x0C, 0x00, 0x00, 0x00, 0x18,
  0x00, 0xC0, 0x00, 0x00, 0x01, 0x80, 0x08, 0x00, 0x00, 0x00, 0x30, 0x01,
  0x80, 0x00, 0x00, 0x03, 0x00, 0x18, 0x00, 0x00, 0x00, 0x30, 0x01, 0x80,
  0x00, 0x00, 0x03, 0x00, 0x18, 0x00, 0x00, 0x00, 0x20, 0x03, 0x00, 0x00,
  0x00, 0x06, 0x00, 0x30, 0x00, 0x00, 0x00, 0x60, 0x03, 0x00, 0x00, 0x00,
  0x06, 0x00, 0x30, 0x00, 0x00, 0x00, 0x60, 0x03, 0x00, 0x00, 0x00, 0x04,
  0x00, 0x60, 0x00, 0x00, 0x00, 0xC0, 0x06, 0x00, 0x00, 0x00, 0x0C, 0x00,
  0x60, 0x00, 0x00, 0x00, 0xC0, 0x06, 0x00, 0x00, 0x00, 0x0C, 0x00, 0xC0,
  0x00, 0x00, 0x01, 0x80, 0x00, 0x00, 0x3F, 0xF8, 0x00, 0x18, 0x00, 0x00,
  0xC0, 0x00, 0x06, 0x00, 0x00, 0x20, 0x00, 0x03, 0x00, 0x00, 0x18, 0x00,
  0x00, 0xC0, 0x00, 0x04, 0x00, 0x00, 0x60, 0x00, 0x03, 0x00, 0x00, 0x18,
  0x00, 0x00, 0xC0, 0x00, 0x04, 0x00, 0x00, 0x60, 0x00, 0x03, 0x00, 0x00,
  0x18, 0x00, 0x00, 0xC0, 0x00, 0x04, 0x00, 0x00, 0x60, 0x00, 0x03, 0x00,
  0x00, 0x18, 0x00, 0x00, 0x80, 0x00, 0x0C, 0x00, 0x00, 0x60, 0x00, 0x03,
  0x00, 0x00, 0x18, 0x00, 0x00, 0x80, 0x00, 0x0C, 0x00, 0x00, 0x60, 0x00,
  0x03, 0x00, 0x00, 0x18, 0x00, 0x00, 0x80, 0x00, 0x0C, 0x00, 0x00, 0x60,
  0x00, 0x03, 0x00, 0x00, 0x18, 0x00, 0x01, 0x80, 0x00, 0x0C, 0x00, 0x00,
  0x60, 0x00, 0x03, 0x00, 0x00, 0x10, 0x00, 0x01, 0x80, 0x00, 0x0C, 0x00,
  0x00, 0x60, 0x00, 0x03, 0x00, 0x00, 0x10, 0x00, 0x07, 0xE0, 0x00, 0xFF,
  0xE0, 0x00, 0x00, 0x00, 0x00, 0x30, 0x00, 0x00, 0x03, 0x00, 0x00, 0x00,
  0x60, 0x00, 0x00, 0x06, 0x00, 0x00, 0x00, 0x60, 0x00, 0x00, 0x06, 0x00,
  0x00, 0x00, 0x60, 0x00, 0x00, 0x0C, 0x00, 0x00, 0x00, 0xC0, 0x00, 0x00,
  0x0C, 0x00, 0x00, 0x00, 0xC0, 0x00, 0x00, 0x08, 0x00, 0x00, 0x01, 0x80,
  0x00, 0x00, 0x18, 0x00, 0x00, 0x01, 0x80, 0x00, 0x00, 0x18, 0x00, 0x00,
  0x01, 0x00, 0x00, 0x00, 0x30, 0x00, 0x00, 0x03, 0x00, 0x00, 0x00, 0x30,
  0x00, 0x00, 0x03, 0x00, 0x00, 0x00, 0x60, 0x00, 0x00, 0x06, 0x00, 0x00,
  0x00, 0x60, 0x00, 0x00, 0x06, 0x00, 0x00, 0x00, 0x60, 0x00, 0x00, 0x0C,
  0x00, 0x00, 0x00, 0xC0, 0x00, 0x00, 0x0C, 0x00, 0x00, 0x00, 0xC0, 0x00,
  0x00, 0x08, 0x00, 0x00, 0x01, 0x80, 0x00, 0x00, 0x18, 0x00, 0x00, 0x01,
  0x80, 0x00, 0x00, 0x18, 0x00, 0x00, 0x03, 0x00, 0x00, 0x00, 0x30, 0x00,
  0x00, 0x03, 0x00, 0x00, 0x00, 0x30, 0x00, 0x00, 0x03, 0x00, 0x00, 0x00,
  0x60, 0x00, 0x00, 0x06, 0x00, 0x00, 0x00, 0x60, 0x00, 0x00, 0x06, 0x00,
  0x00, 0x00, 0x40, 0x00, 0x00, 0x0C, 0x00, 0x00, 0x00, 0xC0, 0x00, 0x00,
  0x0C, 0x00, 0x00, 0x00, 0xC0, 0x00, 0x00, 0x08, 0x00, 0x00, 0x01, 0x80,
  0x00, 0x00, 0x18, 0x00, 0x00, 0x01, 0x80, 0x00, 0x00, 0x30, 0x00, 0x00,
  0x03, 0x00, 0x00, 0x00, 0x60, 0x00, 0x00, 0x06, 0x00, 0x00, 0x00, 0xC0,
  0x00, 0x80, 0x38, 0x00, 0x0F, 0xFF, 0x00, 0x00, 0x3F, 0xC0, 0x00, 0x00,
  0x00, 0x18, 0x00, 0x00, 0x07, 0x00, 0x30, 0x00, 0x00, 0x0C, 0x00, 0x30,
  0x00, 0x00, 0x18, 0x00, 0x30, 0x00, 0x00, 0x70, 0x00, 0x30, 0x00, 0x00,
  0xE0, 0x00, 0x30, 0x00, 0x01, 0xC0, 0x00, 0x60, 0x00, 0x03, 0x80, 0x00,
  0x60, 0x00, 0x06, 0x00, 0x00, 0x60, 0x00, 0x0C, 0x00, 0x00, 0x60, 0x00,
  0x18, 0x00, 0x00, 0x40, 0x00, 0x70, 0x00, 0x00, 0xC0, 0x00, 0xE0, 0x00,
  0x00, 0xC0, 0x01, 0xC0, 0x00, 0x00, 0xC0, 0x03, 0x80, 0x00, 0x00, 0xC0,
  0x06, 0x00, 0x00, 0x00, 0x80, 0x0C, 0x00, 0x00, 0x01, 0x80, 0x38, 0x00,
  0x00, 0x01, 0x80, 0x70, 0x00, 0x00, 0x01, 0x80, 0xE0, 0x00, 0x00, 0x01,
  0x81, 0xC0, 0x00, 0x00, 0x03, 0x03, 0x80, 0x00, 0x00, 0x03, 0x07, 0x80,
  0x00, 0x00, 0x03, 0x0D, 0xC0, 0x00, 0x00, 0x03, 0x38, 0xC0, 0x00, 0x00,
  0x02, 0x70, 0xE0, 0x00, 0x00, 0x06, 0xE0, 0x60, 0x00, 0x00, 0x07, 0x80,
  0x60, 0x00, 0x00, 0x07, 0x00, 0x30, 0x00, 0x00, 0x06, 0x00, 0x30, 0x00,
  0x00, 0x04, 0x00, 0x18, 0x00, 0x00, 0x0C, 0x00, 0x18, 0x00, 0x00, 0x0C,
  0x00, 0x0C, 0x00, 0x00, 0x0C, 0x00, 0x0C, 0x00, 0x00, 0x0C, 0x00, 0x06,
  0x00, 0x00, 0x08, 0x00, 0x06, 0x00, 0x00, 0x18, 0x00, 0x03, 0x00, 0x00,
  0x18, 0x00, 0x03, 0x00, 0x00, 0x18, 0x00, 0x01, 0x80, 0x00, 0x18, 0x00,
  0x01, 0x80, 0x00, 0x30, 0x00, 0x00, 0xC0, 0x00, 0x30, 0x00, 0x00, 0xC0,
  0x00, 0x30, 0x00, 0x00, 0x60, 0x00, 0x30, 0x00, 0x00, 0x60, 0x00, 0x20,
  0x00, 0x00, 0x30, 0x00, 0x60, 0x00, 0x00, 0x30, 0x00, 0x60, 0x00, 0x00,
  0x18, 0x00, 0x60, 0x00, 0x00, 0x18, 0x00, 0x60, 0x00, 0x00, 0x0C, 0x00,
  0xC0, 0x00, 0x00, 0x0C, 0x00, 0x00, 0x18, 0x00, 0x00, 0x18, 0x00, 0x00,
  0x0C, 0x00, 0x00, 0x06, 0x00, 0x00, 0x03, 0x00, 0x00, 0x01, 0x80, 0x00,
  0x01, 0x80, 0x00, 0x00, 0xC0, 0x00, 0x00, 0x60, 0x00, 0x00, 0x30, 0x00,
  0x00, 0x10, 0x00, 0x00, 0x18, 0x00, 0x00, 0x0C, 0x00, 0x00, 0x06, 0x00,
  0x00, 0x03, 0x00, 0x00, 0x01, 0x00, 0x00, 0x01, 0x80, 0x00, 0x00, 0xC0,
  0x00, 0x00, 0x60, 0x00, 0x00, 0x30, 0x00, 0x00, 0x30, 0x00, 0x00, 0x18,
  0x00, 0x00, 0x0C, 0x00, 0x00, 0x06, 0x00, 0x00, 0x03, 0x00, 0x00, 0x03,
  0x00, 0x00, 0x01, 0x80, 0x00, 0x00, 0xC0, 0x00, 0x00, 0x60, 0x00, 0x00,
  0x20, 0x00, 0x00, 0x30, 0x00, 0x00, 0x18, 0x00, 0x00, 0x0C, 0x00, 0x00,
  0x06, 0x00, 0x00, 0x02, 0x00, 0x00, 0x03, 0x00, 0x00, 0x01, 0x80, 0x00,
  0x00, 0xC0, 0x00, 0x00, 0x60, 0x00, 0x00, 0x60, 0x00, 0x00, 0x30, 0x00,
  0x00, 0x18, 0x00, 0x00, 0x0C, 0x00, 0x00, 0x04, 0x00, 0x00, 0x06, 0x00,
  0x00, 0x03, 0x00, 0x00, 0x01, 0x80, 0x00, 0x00, 0xFF, 0xFF, 0xFF, 0xFF,
  0xFF, 0xFF, 0x80, 0x00, 0x1C, 0x00, 0x00, 0x00, 0x00, 0x70, 0x03, 0xC0,
  0x00, 0x00, 0x00, 0x0F, 0x00, 0x3C, 0x00, 0x00, 0x00, 0x00, 0xF0, 0x03,
  0xC0, 0x00, 0x00, 0x00, 0x1A, 0x00, 0x34, 0x00, 0x00, 0x00, 0x01, 0xE0,
  0x02, 0x60, 0x00, 0x00, 0x00, 0x36, 0x00, 0x66, 0x00, 0x00, 0x00, 0x06,
  0x60, 0x06, 0x60, 0x00, 0x00, 0x00, 0x66, 0x00, 0x66, 0x00, 0x00, 0x00,
  0x0C, 0x40, 0x06, 0x60, 0x00, 0x00, 0x00, 0xCC, 0x00, 0x42, 0x00, 0x00,
  0x00, 0x18, 0xC0, 0x0C, 0x30, 0x00, 0x00, 0x03, 0x0C, 0x00, 0xC3, 0x00,
  0x00, 0x00, 0x30, 0xC0, 0x0C, 0x30, 0x00, 0x00, 0x06, 0x08, 0x00, 0xC3,
  0x00, 0x00, 0x00, 0x61, 0x80, 0x08, 0x10, 0x00, 0x00, 0x0C, 0x18, 0x01,
  0x81, 0x00, 0x00, 0x01, 0x81, 0x80, 0x18, 0x18, 0x00, 0x00, 0x18, 0x18,
  0x01, 0x81, 0x80, 0x00, 0x03, 0x03, 0x00, 0x18, 0x18, 0x00, 0x00, 0x30,
  0x30, 0x03, 0x01, 0x80, 0x00, 0x06, 0x03, 0x00, 0x30, 0x08, 0x00, 0x00,
  0xC0, 0x30, 0x03, 0x00, 0xC0, 0x00, 0x0C, 0x02, 0x00, 0x30, 0x0C, 0x00,
  0x01, 0x80, 0x60, 0x03, 0x00, 0xC0, 0x00, 0x18, 0x06, 0x00, 0x60, 0x0C,
  0x00, 0x03, 0x00, 0x60, 0x06, 0x00, 0xC0, 0x00, 0x60, 0x06, 0x00, 0x60,
  0x04, 0x00, 0x06, 0x00, 0x40, 0x06, 0x00, 0x60, 0x00, 0xC0, 0x0C, 0x00,
  0x40, 0x06, 0x00, 0x0C, 0x00, 0xC0, 0x0C, 0x00, 0x60, 0x01, 0x80, 0x0C,
  0x00, 0xC0, 0x06, 0x00, 0x30, 0x00, 0xC0, 0x0C, 0x00, 0x20, 0x03, 0x00,
  0x08, 0x00, 0xC0, 0x02, 0x00, 0x60, 0x01, 0x80, 0x08, 0x00, 0x30, 0x06,
  0x00, 0x18, 0x01, 0x80, 0x03, 0x00, 0xC0, 0x01, 0x80, 0x18, 0x00, 0x30,
  0x18, 0x00, 0x18, 0x01, 0x80, 0x03, 0x01, 0x80, 0x03, 0x00, 0x18, 0x00,
  0x10, 0x30, 0x00, 0x30, 0x03, 0x00, 0x01, 0x83, 0x00, 0x03, 0x00, 0x30,
  0x00, 0x18, 0x60, 0x00, 0x30, 0x03, 0x00, 0x01, 0x8C, 0x00, 0x02, 0x00,
  0x30, 0x00, 0x18, 0xC0, 0x00, 0x60, 0x02, 0x00, 0x01, 0x98, 0x00, 0x06,
  0x00, 0x60, 0x00, 0x09, 0x80, 0x00, 0x60, 0x06, 0x00, 0x00, 0xF0, 0x00,
  0x06, 0x00, 0x60, 0x00, 0x0E, 0x00, 0x00, 0x40, 0x06, 0x00, 0x00, 0xE0,
  0x00, 0x0C, 0x00, 0xC0, 0x00, 0x0C, 0x00, 0x00, 0xC0, 0x00, 0x00, 0x18,
  0x00, 0x00, 0x00, 0x60, 0x07, 0x00, 0x00, 0x00, 0x0C, 0x00, 0xE0, 0x00,
  0x00, 0x01, 0x80, 0x1E, 0x00, 0x00, 0x00, 0x20, 0x03, 0xC0, 0x00, 0x00,
  0x0C, 0x00, 0x4C, 0x00, 0x00, 0x01, 0x80, 0x19, 0x80, 0x00, 0x00, 0x30,
  0x03, 0x18, 0x00, 0x00, 0x06, 0x00, 0x63, 0x00, 0x00, 0x01, 0x80, 0x0C,
  0x60, 0x00, 0x00, 0x30, 0x01, 0x06, 0x00, 0x00, 0x06, 0x00, 0x60, 0xC0,
  0x00, 0x00, 0xC0, 0x0C, 0x0C, 0x00, 0x00, 0x10, 0x01, 0x81, 0x80, 0x00,
  0x06, 0x00, 0x30, 0x18, 0x00, 0x00, 0xC0, 0x04, 0x03, 0x00, 0x00, 0x18,
  0x01, 0x80, 0x60, 0x00, 0x03, 0x00, 0x30, 0x06, 0x00, 0x00, 0x40, 0x06,
  0x00, 0xC0, 0x00, 0x18, 0x00, 0xC0, 0x0C, 0x00, 0x03, 0x00, 0x30, 0x01,
  0x80, 0x00, 0x60, 0x06, 0x00, 0x18, 0x00, 0x0C, 0x00, 0xC0, 0x03, 0x00,
  0x01, 0x00, 0x18, 0x00, 0x60, 0x00, 0x60, 0x02, 0x00, 0x06, 0x00, 0x0C,
  0x00, 0xC0, 0x00, 0xC0, 0x01, 0x80, 0x18, 0x00, 0x0C, 0x00, 0x30, 0x03,
  0x00, 0x01, 0x80, 0x0C, 0x00, 0x60, 0x00, 0x18, 0x01, 0x80, 0x08, 0x00,
  0x03, 0x00, 0x30, 0x03, 0x00, 0x00, 0x60, 0x06, 0x00, 0x60, 0x00, 0x06,
  0x00, 0x80, 0x0C, 0x00, 0x00, 0xC0, 0x30, 0x01, 0x80, 0x00, 0x0C, 0x06,
  0x00, 0x20, 0x00, 0x01, 0x80, 0xC0, 0x0C, 0x00, 0x00, 0x18, 0x18, 0x01,
  0x80, 0x00, 0x03, 0x02, 0x00, 0x30, 0x00, 0x00, 0x60, 0xC0, 0x06, 0x00,
  0x00, 0x06, 0x18, 0x01, 0x80, 0x00, 0x00, 0xC3, 0x00, 0x30, 0x00, 0x00,
  0x0C, 0x60, 0x06, 0x00, 0x00, 0x01, 0x88, 0x00, 0xC0, 0x00, 0x00, 0x1B,
  0x00, 0x10, 0x00, 0x00, 0x03, 0x60, 0x06, 0x00, 0x00, 0x00, 0x6C, 0x00,
  0xC0, 0x00, 0x00, 0x07, 0x00, 0x18, 0x00, 0x00, 0x00, 0xE0, 0x03, 0x00,
  0x00, 0x00, 0x0C, 0x00, 0xC0, 0x00, 0x00, 0x01, 0x80, 0x00, 0x00, 0x00,
  0x1F, 0xF8, 0x00, 0x00, 0x00, 0x7F, 0xFF, 0x80, 0x00, 0x01, 0xF0, 0x01,
  0xE0, 0x00, 0x01, 0xC0, 0x00, 0x1C, 0x00, 0x03, 0x80, 0x00, 0x07, 0x00,
  0x03, 0x80, 0x00, 0x01, 0xC0, 0x03, 0x80, 0x00, 0x00, 0x70, 0x03, 0x80,
  0x00, 0x00, 0x18, 0x01, 0x80, 0x00, 0x00, 0x0E, 0x01, 0x80, 0x00, 0x00,
  0x03, 0x01, 0x80, 0x00, 0x00, 0x01, 0x80, 0xC0, 0x00, 0x00, 0x00, 0x60,
  0xC0, 0x00, 0x00, 0x00, 0x30, 0xE0, 0x00, 0x00, 0x00, 0x18, 0x60, 0x00,
  0x00, 0x00, 0x0C, 0x30, 0x00, 0x00, 0x00, 0x02, 0x30, 0x00, 0x00, 0x00,
  0x01, 0x98, 0x00, 0x00, 0x00, 0x00, 0xCC, 0x00, 0x00, 0x00, 0x00, 0x6C,
  0x00, 0x00, 0x00, 0x00, 0x36, 0x00, 0x00, 0x00, 0x00, 0x1B, 0x00, 0x00,
  0x00, 0x00, 0x0D, 0x80, 0x00, 0x00, 0x00, 0x05, 0x80, 0x00, 0x00, 0x00,
  0x06, 0xC0, 0x00, 0x00, 0x00, 0x03, 0x60, 0x00, 0x00, 0x00, 0x01, 0xB0,
  0x00, 0x00, 0x00, 0x00, 0xD8, 0x00, 0x00, 0x00, 0x00, 0x6C, 0x00, 0x00,
  0x00, 0x00, 0x36, 0x00, 0x00, 0x00, 0x00, 0x33, 0x00, 0x00, 0x00, 0x00,
  0x19, 0x80, 0x00, 0x00, 0x00, 0x0C, 0xC0, 0x00, 0x00, 0x00, 0x06, 0x60,
  0x00, 0x00, 0x00, 0x06, 0x30, 0x00, 0x00, 0x00, 0x03, 0x18, 0x00, 0x00,
  0x00, 0x03, 0x8C, 0x00, 0x00, 0x00, 0x01, 0x86, 0x00, 0x00, 0x00, 0x01,
  0xC1, 0x80, 0x00, 0x00, 0x00, 0xC0, 0xC0, 0x00, 0x00, 0x00, 0xE0, 0x60,
  0x00, 0x00, 0x00, 0x60, 0x18, 0x00, 0x00, 0x00, 0x60, 0x0C, 0x00, 0x00,
  0x00, 0x70, 0x03, 0x00, 0x00, 0x00, 0x70, 0x01, 0xC0, 0x00, 0x00, 0x70,
  0x00, 0x70, 0x00, 0x00, 0x70, 0x00, 0x1C, 0x00, 0x00, 0xF0, 0x00, 0x07,
  0x80, 0x00, 0xE0, 0x00, 0x00, 0xF8, 0x07, 0xE0, 0x00, 0x00, 0x1F, 0xFF,
  0x80, 0x00, 0x00, 0x00, 0xF8, 0x00, 0x00, 0x00, 0x00, 0x1F, 0xFF, 0xF0,
  0x00, 0x03, 0x00, 0x3F, 0xC0, 0x00, 0x30, 0x00, 0x0F, 0x00, 0x03, 0x00,
  0x00, 0x38, 0x00, 0x30, 0x00, 0x01, 0x80, 0x03, 0x00, 0x00, 0x0C, 0x00,
  0x60, 0x00, 0x00, 0xE0, 0x06, 0x00, 0x00, 0x06, 0x00, 0x60, 0x00, 0x00,
  0x60, 0x06, 0x00, 0x00, 0x06, 0x00, 0x40, 0x00, 0x00, 0x20, 0x0C, 0x00,
  0x00, 0x03, 0x00, 0xC0, 0x00, 0x00, 0x20, 0x0C, 0x00, 0x00, 0x02, 0x00,
  0xC0, 0x00, 0x00, 0x60, 0x08, 0x00, 0x00, 0x06, 0x01, 0x80, 0x00, 0x00,
  0x60, 0x18, 0x00, 0x00, 0x06, 0x01, 0x80, 0x00, 0x00, 0xC0, 0x18, 0x00,
  0x00, 0x0C, 0x03, 0x00, 0x00, 0x01, 0x80, 0x30, 0x00, 0x00, 0x38, 0x03,
  0x00, 0x00, 0x07, 0x00, 0x30, 0x00, 0x00, 0xE0, 0x03, 0x00, 0x00, 0x3C,
  0x00, 0x60, 0x00, 0x1F, 0x00, 0x07, 0xFF, 0xFF, 0xC0, 0x00, 0x7F, 0xFF,
  0xC0, 0x00, 0x06, 0x00, 0x00, 0x00, 0x00, 0x40, 0x00, 0x00, 0x00, 0x0C,
  0x00, 0x00, 0x00, 0x00, 0xC0, 0x00, 0x00, 0x00, 0x0C, 0x00, 0x00, 0x00,
  0x00, 0xC0, 0x00, 0x00, 0x00, 0x08, 0x00, 0x00, 0x00, 0x01, 0x80, 0x00,
  0x00, 0x00, 0x18, 0x00, 0x00, 0x00, 0x01, 0x80, 0x00, 0x00, 0x00, 0x18,
  0x00, 0x00, 0x00, 0x03, 0x00, 0x00, 0x00, 0x00, 0x30, 0x00, 0x00, 0x00,
  0x03, 0x00, 0x00, 0x00, 0x00, 0x30, 0x00, 0x00, 0x00, 0x02, 0x00, 0x00,
  0x00, 0x00, 0x60, 0x00, 0x00, 0x00, 0x06, 0x00, 0x00, 0x00, 0x00, 0x60,
  0x00, 0x00, 0x00, 0x06, 0x00, 0x00, 0x00, 0x00, 0xC0, 0x00, 0x00, 0x00,
  0x00, 0x00, 0x00, 0x1F, 0xF8, 0x00, 0x00, 0x00, 0x7F, 0xFF, 0x80, 0x00,
  0x01, 0xF0, 0x01, 0xE0, 0x00, 0x01, 0xC0, 0x00, 0x1C, 0x00, 0x03, 0x80,
  0x00, 0x07, 0x00, 0x03, 0x80, 0x00, 0x01, 0xC0, 0x03, 0x80, 0x00, 0x00,
  0x70, 0x03, 0x80, 0x00, 0x00, 0x18, 0x01, 0x80, 0x00, 0x00, 0x0E, 0x01,
  0x80, 0x00, 0x00, 0x03, 0x01, 0x80, 0x00, 0x00, 0x01, 0x80, 0xC0, 0x00,
  0x00, 0x00, 0x60, 0xC0, 0x00, 0x00, 0x00, 0x30, 0xE0, 0x00, 0x00, 0x00,
  0x18, 0x60, 0x00, 0x00, 0x00, 0x0C, 0x30, 0x00, 0x00, 0x00, 0x02, 0x30,
  0x00, 0x00, 0x00, 0x01, 0x98, 0x00, 0x00, 0x00, 0x00, 0xCC, 0x00, 0x00,
  0x00, 0x00, 0x6C, 0x00, 0x00, 0x00, 0x00, 0x36, 0x00, 0x00, 0x00, 0x00,
  0x1B, 0x00, 0x00, 0x00, 0x00, 0x0D, 0x80, 0x00, 0x00, 0x00, 0x07, 0x80,
  0x00, 0x00, 0x00, 0x06, 0xC0, 0x00, 0x00, 0x00, 0x03, 0x60, 0x00, 0x00,
  0x00, 0x01, 0xB0, 0x00, 0x00, 0x00, 0x00, 0xD8, 0x00, 0x00, 0x00, 0x00,
  0x6C, 0x00, 0x00, 0x00, 0x00, 0x36, 0x00, 0x00, 0x00, 0x00, 0x33, 0x00,
  0x00, 0x00, 0x00, 0x19, 0x80, 0x00, 0x00, 0x00, 0x0C, 0xC0, 0x00, 0x00,
  0x00, 0x06, 0x60, 0x00, 0x00, 0x00, 0x06, 0x30, 0x00, 0x00, 0x00, 0x03,
  0x18, 0x00, 0x00, 0x00, 0x03, 0x0C, 0x00, 0x00, 0x00, 0x01, 0x86, 0x00,
  0x00, 0x00, 0x01, 0xC1, 0x80, 0x00, 0x00, 0x00, 0xC0, 0xC0, 0x00, 0x00,
  0x00, 0xE0, 0x60, 0x00, 0x00, 0x00, 0x60, 0x18, 0x00, 0x00, 0x00, 0x60,
  0x0C, 0x00, 0x00, 0x00, 0x70, 0x03, 0x00, 0x00, 0x00, 0x70, 0x01, 0xC0,
  0x00, 0x00, 0x70, 0x00, 0x70, 0x00, 0x00, 0x70, 0x00, 0x1C, 0x00, 0x00,
  0xF0, 0x00, 0x07, 0x80, 0x00, 0xE0, 0x00, 0x00, 0xF8, 0x07, 0xE0, 0x00,
  0x00, 0x1F, 0xFF, 0x80, 0x00, 0x00, 0x00, 0xFC, 0x00, 0x00, 0x00, 0x00,
  0x06, 0x00, 0x00, 0x00, 0x00, 0x03, 0x80, 0x00, 0x00, 0x00, 0x00, 0xC0,
  0x00, 0x00, 0x00, 0x00, 0x30, 0x00, 0x00, 0x00, 0x00, 0x1C, 0x00, 0x00,
  0x00, 0x00, 0x06, 0x00, 0x00, 0x00, 0x00, 0x01, 0x80, 0x00, 0x00, 0x00,
  0x00, 0xE0, 0x00, 0x00, 0x00, 0x00, 0x38, 0x00, 0x00, 0x00, 0x00, 0x0C,
  0x00, 0x00, 0x00, 0x00, 0x03, 0x00, 0x00, 0x00, 0x1F, 0xFF, 0xF0, 0x00,
  0x03, 0x00, 0x3F, 0xC0, 0x00, 0x30, 0x00, 0x0F, 0x00, 0x03, 0x00, 0x00,
  0x38, 0x00, 0x30, 0x00, 0x01, 0xC0, 0x03, 0x00, 0x00, 0x0C, 0x00, 0x60,
  0x00, 0x00, 0x60, 0x06, 0x00, 0x00, 0x06, 0x00, 0x60, 0x00, 0x00, 0x60,
  0x06, 0x00, 0x00, 0x02, 0x00, 0x40, 0x00, 0x00, 0x20, 0x0C, 0x00, 0x00,
  0x03, 0x00, 0xC0, 0x00, 0x00, 0x20, 0x0C, 0x00, 0x00, 0x06, 0x00, 0xC0,
  0x00, 0x00, 0x60, 0x08, 0x00, 0x00, 0x06, 0x01, 0x80, 0x00, 0x00, 0x60,
  0x18, 0x00, 0x00, 0x0C, 0x01, 0x80, 0x00, 0x00, 0xC0, 0x18, 0x00, 0x00,
  0x1C, 0x03, 0x00, 0x00, 0x03, 0x80, 0x30, 0x00, 0x00, 0x70, 0x03, 0x00,
  0x00, 0x0E, 0x00, 0x30, 0x00, 0x03, 0xC0, 0x02, 0x00, 0x00, 0xF0, 0x00,
  0x7F, 0xFF, 0xFC, 0x00, 0x07, 0xFF, 0xFC, 0x00, 0x00, 0x60, 0x00, 0xC0,
  0x00, 0x06, 0x00, 0x0C, 0x00, 0x00, 0x40, 0x00, 0x60, 0x00, 0x0C, 0x00,
  0x06, 0x00, 0x00, 0xC0, 0x00, 0x20, 0x00, 0x0C, 0x00, 0x03, 0x00, 0x00,
  0xC0, 0x00, 0x30, 0x00, 0x08, 0x00, 0x01, 0x80, 0x01, 0x80, 0x00, 0x18,
  0x00, 0x18, 0x00, 0x01, 0x80, 0x01, 0x80, 0x00, 0x0C, 0x00, 0x18, 0x00,
  0x00, 0xC0, 0x03, 0x00, 0x00, 0x0C, 0x00, 0x30, 0x00, 0x00, 0x60, 0x03,
  0x00, 0x00, 0x06, 0x00, 0x30, 0x00, 0x00, 0x60, 0x02, 0x00, 0x00, 0x03,
  0x00, 0x60, 0x00, 0x00, 0x30, 0x06, 0x00, 0x00, 0x01, 0x80, 0x60, 0x00,
  0x00, 0x18, 0x06, 0x00, 0x00, 0x01, 0x80, 0xC0, 0x00, 0x00, 0x0C, 0x00,
  0x00, 0x00, 0x3F, 0xF0, 0x00, 0x00, 0x7F, 0xFF, 0xC0, 0x00, 0x7C, 0x00,
  0x7C, 0x00, 0x78, 0x00, 0x03, 0x00, 0x38, 0x00, 0x00, 0x00, 0x0C, 0x00,
  0x00, 0x00, 0x06, 0x00, 0x00, 0x00, 0x03, 0x00, 0x00, 0x00, 0x00, 0xC0,
  0x00, 0x00, 0x00, 0x20, 0x00, 0x00, 0x00, 0x18, 0x00, 0x00, 0x00, 0x06,
  0x00, 0x00, 0x00, 0x01, 0x80, 0x00, 0x00, 0x00, 0x60, 0x00, 0x00, 0x00,
  0x18, 0x00, 0x00, 0x00, 0x06, 0x00, 0x00, 0x00, 0x01, 0x80, 0x00, 0x00,
  0x00, 0x30, 0x00, 0x00, 0x00, 0x0C, 0x00, 0x00, 0x00, 0x01, 0x80, 0x00,
  0x00, 0x00, 0x30, 0x00, 0x00, 0x00, 0x07, 0x00, 0x00, 0x00, 0x00, 0xE0,
  0x00, 0x00, 0x00, 0x1E, 0x00, 0x00, 0x00, 0x01, 0xE0, 0x00, 0x00, 0x00,
  0x1E, 0x00, 0x00, 0x00, 0x01, 0xC0, 0x00, 0x00, 0x00, 0x1C, 0x00, 0x00,
  0x00, 0x03, 0x80, 0x00, 0x00, 0x00, 0x30, 0x00, 0x00, 0x00, 0x06, 0x00,
  0x00, 0x00, 0x01, 0xC0, 0x00, 0x00, 0x00, 0x30, 0x00, 0x00, 0x00, 0x0C,
  0x00, 0x00, 0x00, 0x01, 0x80, 0x00, 0x00, 0x00, 0x60, 0x00, 0x00, 0x00,
  0x18, 0x00, 0x00, 0x00, 0x06, 0x00, 0x00, 0x00, 0x01, 0x80, 0x00, 0x00,
  0x00, 0x60, 0x00, 0x00, 0x00, 0x18, 0x00, 0x00, 0x00, 0x0C, 0x00, 0x00,
  0x00, 0x03, 0x00, 0x00, 0x00, 0x01, 0x80, 0x00, 0x00, 0x00, 0xE0, 0x00,
  0x00, 0x00, 0x70, 0x08, 0x00, 0x00, 0x38, 0x03, 0x80, 0x00, 0x3C, 0x00,
  0x7E, 0x00, 0x7C, 0x00, 0x03, 0xFF, 0xFC, 0x00, 0x00, 0x07, 0xF0, 0x00,
  0x00, 0x7F, 0xFF, 0xFF, 0xFF, 0xE0, 0x00, 0x30, 0x00, 0x00, 0x00, 0x0C,
  0x00, 0x00, 0x00, 0x06, 0x00, 0x00, 0x00, 0x01, 0x80, 0x00, 0x00, 0x00,
  0x60, 0x00, 0x00, 0x00, 0x18, 0x00, 0x00, 0x00, 0x06, 0x00, 0x00, 0x00,
  0x03, 0x00, 0x00, 0x00, 0x00, 0xC0, 0x00, 0x00, 0x00, 0x30, 0x00, 0x00,
  0x00, 0x0C, 0x00, 0x00, 0x00, 0x02, 0x00, 0x00, 0x00, 0x01, 0x80, 0x00,
  0x00, 0x00, 0x60, 0x00, 0x00, 0x00, 0x18, 0x00, 0x00, 0x00, 0x06, 0x00,
  0x00, 0x00, 0x01, 0x00, 0x00, 0x00, 0x00, 0xC0, 0x00, 0x00, 0x00, 0x30,
  0x00, 0x00, 0x00, 0x0C, 0x00, 0x00, 0x00, 0x03, 0x00, 0x00, 0x00, 0x01,
  0x80, 0x00, 0x00, 0x00, 0x60, 0x00, 0x00, 0x00, 0x18, 0x00, 0x00, 0x00,
  0x06, 0x00, 0x00, 0x00, 0x01, 0x80, 0x00, 0x00, 0x00, 0xC0, 0x00, 0x00,
  0x00, 0x30, 0x00, 0x00, 0x00, 0x0C, 0x00, 0x00, 0x00, 0x03, 0x00, 0x00,
  0x00, 0x00, 0x80, 0x00, 0x00, 0x00, 0x60, 0x00, 0x00, 0x00, 0x18, 0x00,
  0x00, 0x00, 0x06, 0x00, 0x00, 0x00, 0x01, 0x80, 0x00, 0x00, 0x00, 0x40,
  0x00, 0x00, 0x00, 0x30, 0x00, 0x00, 0x00, 0x0C, 0x00, 0x00, 0x00, 0x03,
  0x00, 0x00, 0x00, 0x00, 0xC0, 0x00, 0x00, 0x00, 0x60, 0x00, 0x00, 0x00,
  0x18, 0x00, 0x00, 0x00, 0x06, 0x00, 0x00, 0x00, 0x01, 0x80, 0x00, 0x00,
  0x00, 0x40, 0x00, 0x00, 0x00, 0x30, 0x00, 0x00, 0x00, 0x0C, 0x00, 0x00,
  0x00, 0x03, 0x00, 0x00, 0x00, 0x00, 0x01, 0x80, 0x00, 0x00, 0x00, 0xC0,
  0x60, 0x00, 0x00, 0x00, 0x20, 0x18, 0x00, 0x00, 0x00, 0x18, 0x04, 0x00,
  0x00, 0x00, 0x06, 0x03, 0x00, 0x00, 0x00, 0x01, 0x80, 0xC0, 0x00, 0x00,
  0x00, 0x60, 0x30, 0x00, 0x00, 0x00, 0x30, 0x0C, 0x00, 0x00, 0x00, 0x0C,
  0x02, 0x00, 0x00, 0x00, 0x03, 0x01, 0x80, 0x00, 0x00, 0x00, 0xC0, 0x60,
  0x00, 0x00, 0x00, 0x30, 0x18, 0x00, 0x00, 0x00, 0x18, 0x06, 0x00, 0x00,
  0x00, 0x06, 0x03, 0x00, 0x00, 0x00, 0x01, 0x80, 0xC0, 0x00, 0x00, 0x00,
  0x60, 0x30, 0x00, 0x00, 0x00, 0x10, 0x0C, 0x00, 0x00, 0x00, 0x0C, 0x03,
  0x00, 0x00, 0x00, 0x03, 0x01, 0x80, 0x00, 0x00, 0x00, 0xC0, 0x60, 0x00,
  0x00, 0x00, 0x30, 0x18, 0x00, 0x00, 0x00, 0x18, 0x06, 0x00, 0x00, 0x00,
  0x06, 0x01, 0x00, 0x00, 0x00, 0x01, 0x80, 0xC0, 0x00, 0x00, 0x00, 0x60,
  0x30, 0x00, 0x00, 0x00, 0x18, 0x0C, 0x00, 0x00, 0x00, 0x0C, 0x03, 0x00,
  0x00, 0x00, 0x03, 0x01, 0x80, 0x00, 0x00, 0x00, 0xC0, 0x60, 0x00, 0x00,
  0x00, 0x30, 0x18, 0x00, 0x00, 0x00, 0x0C, 0x06, 0x00, 0x00, 0x00, 0x06,
  0x01, 0x80, 0x00, 0x00, 0x01, 0x80, 0xC0, 0x00, 0x00, 0x00, 0x60, 0x30,
  0x00, 0x00, 0x00, 0x18, 0x0C, 0x00, 0x00, 0x00, 0x0C, 0x03, 0x00, 0x00,
  0x00, 0x03, 0x00, 0xC0, 0x00, 0x00, 0x00, 0xC0, 0x30, 0x00, 0x00, 0x00,
  0x60, 0x0C, 0x00, 0x00, 0x00, 0x18, 0x03, 0x00, 0x00, 0x00, 0x0C, 0x00,
  0x60, 0x00, 0x00, 0x07, 0x00, 0x18, 0x00, 0x00, 0x01, 0x80, 0x06, 0x00,
  0x00, 0x00, 0xC0, 0x00, 0xC0, 0x00, 0x00, 0x70, 0x00, 0x38, 0x00, 0x00,
  0x38, 0x00, 0x07, 0x00, 0x00, 0x3C, 0x00, 0x00, 0xF0, 0x00, 0x3C, 0x00,
  0x00, 0x0F, 0x80, 0x7C, 0x00, 0x00, 0x00, 0xFF, 0xFC, 0x00, 0x00, 0x00,
  0x01, 0xE0, 0x00, 0x00, 0x00, 0xC0, 0x00, 0x00, 0x00, 0x68, 0x00, 0x00,
  0x00, 0x19, 0x00, 0x00, 0x00, 0x03, 0x30, 0x00, 0x00, 0x00, 0xC6, 0x00,
  0x00, 0x00, 0x10, 0xC0, 0x00, 0x00, 0x06, 0x18, 0x00, 0x00, 0x01, 0x83,
  0x00, 0x00, 0x00, 0x30, 0x60, 0x00, 0x00, 0x0C, 0x04, 0x00, 0x00, 0x01,
  0x80, 0x80, 0x00, 0x00, 0x60, 0x18, 0x00, 0x00, 0x0C, 0x03, 0x00, 0x00,
  0x03, 0x00, 0x60, 0x00, 0x00, 0x60, 0x0C, 0x00, 0x00, 0x18, 0x01, 0x80,
  0x00, 0x02, 0x00, 0x30, 0x00, 0x00, 0xC0, 0x02, 0x00, 0x00, 0x30, 0x00,
  0x40, 0x00, 0x06, 0x00, 0x0C, 0x00, 0x01, 0x80, 0x01, 0x80, 0x00, 0x30,
  0x00, 0x30, 0x00, 0x0C, 0x00, 0x06, 0x00, 0x01, 0x80, 0x00, 0xC0, 0x00,
  0x60, 0x00, 0x18, 0x00, 0x0C, 0x00, 0x01, 0x00, 0x03, 0x00, 0x00, 0x20,
  0x00, 0x40, 0x00, 0x06, 0x00, 0x18, 0x00, 0x00, 0xC0, 0x06, 0x00, 0x00,
  0x18, 0x00, 0xC0, 0x00, 0x03, 0x00, 0x30, 0x00, 0x00, 0x60, 0x06, 0x00,
  0x00, 0x0C, 0x01, 0x80, 0x00, 0x00, 0x80, 0x30, 0x00, 0x00, 0x10, 0x0C,
  0x00, 0x00, 0x03, 0x01, 0x80, 0x00, 0x00, 0x60, 0x60, 0x00, 0x00, 0x0C,
  0x08, 0x00, 0x00, 0x01, 0x83, 0x00, 0x00, 0x00, 0x30, 0x40, 0x00, 0x00,
  0x06, 0x18, 0x00, 0x00, 0x00, 0x46, 0x00, 0x00, 0x00, 0x08, 0xC0, 0x00,
  0x00, 0x01, 0x30, 0x00, 0x00, 0x00, 0x36, 0x00, 0x00, 0x00, 0x07, 0x80,
  0x00, 0x00, 0x00, 0xE0, 0x00, 0x00, 0x00, 0x1C, 0x00, 0x00, 0x00, 0x03,
  0x00, 0x00, 0x00, 0x00, 0x80, 0x00, 0x00, 0x60, 0x00, 0x00, 0x38, 0x00,
  0x00, 0x0E, 0x00, 0x00, 0x03, 0x80, 0x00, 0x00, 0xE0, 0x00, 0x00, 0x68,
  0x00, 0x00, 0x1A, 0x00, 0x00, 0x06, 0xC0, 0x00, 0x01, 0xA0, 0x00, 0x00,
  0xCC, 0x00, 0x00, 0x12, 0x00, 0x00, 0x0C, 0xC0, 0x00, 0x03, 0x20, 0x00,
  0x01, 0x8C, 0x00, 0x00, 0x23, 0x00, 0x00, 0x18, 0xC0, 0x00, 0x06, 0x30,
  0x00, 0x01, 0x8C, 0x00, 0x00, 0x63, 0x00, 0x00, 0x30, 0xC0, 0x00, 0x0C,
  0x30, 0x00, 0x03, 0x0C, 0x00, 0x00, 0xC3, 0x00, 0x00, 0x60, 0xC0, 0x00,
  0x18, 0x30, 0x00, 0x06, 0x0C, 0x00, 0x01, 0x83, 0x00, 0x00, 0xC0, 0xC0,
  0x00, 0x30, 0x30, 0x00, 0x0C, 0x0C, 0x00, 0x03, 0x03, 0x00, 0x01, 0x80,
  0xC0, 0x00, 0x60, 0x30, 0x00, 0x18, 0x0C, 0x00, 0x06, 0x03, 0x00, 0x03,
  0x00, 0x40, 0x00, 0xC0, 0x10, 0x00, 0x30, 0x04, 0x00, 0x0C, 0x01, 0x00,
  0x02, 0x00, 0x40, 0x01, 0x80, 0x10, 0x00, 0x60, 0x04, 0x00, 0x18, 0x01,
  0x00, 0x06, 0x00, 0x40, 0x03, 0x00, 0x18, 0x00, 0xC0, 0x04, 0x00, 0x30,
  0x01, 0x80, 0x0C, 0x00, 0x60, 0x06, 0x00, 0x18, 0x01, 0x80, 0x06, 0x00,
  0x60, 0x01, 0x80, 0x18, 0x00, 0x60, 0x0C, 0x00, 0x18, 0x03, 0x00, 0x06,
  0x00, 0xC0, 0x01, 0x80, 0x30, 0x00, 0x60, 0x18, 0x00, 0x18, 0x06, 0x00,
  0x06, 0x01, 0x80, 0x01, 0x80, 0x60, 0x00, 0x60, 0x30, 0x00, 0x18, 0x04,
  0x00, 0x06, 0x03, 0x00, 0x01, 0x80, 0xC0, 0x00, 0x60, 0x20, 0x00, 0x18,
  0x0C, 0x00, 0x06, 0x06, 0x00, 0x01, 0x81, 0x80, 0x00, 0x60, 0x60, 0x00,
  0x08, 0x18, 0x00, 0x06, 0x0C, 0x00, 0x00, 0x83, 0x00, 0x00, 0x60, 0xC0,
  0x00, 0x08, 0x30, 0x00, 0x06, 0x18, 0x00, 0x00, 0xC6, 0x00, 0x00, 0x21,
  0x80, 0x00, 0x0C, 0x60, 0x00, 0x02, 0x30, 0x00, 0x00, 0xCC, 0x00, 0x00,
  0x23, 0x00, 0x00, 0x0C, 0xC0, 0x00, 0x02, 0x60, 0x00, 0x00, 0xC8, 0x00,
  0x00, 0x26, 0x00, 0x00, 0x0D, 0x80, 0x00, 0x02, 0xC0, 0x00, 0x00, 0xD8,
  0x00, 0x00, 0x2C, 0x00, 0x00, 0x0F, 0x00, 0x00, 0x03, 0x80, 0x00, 0x00,
  0xF0, 0x00, 0x00, 0x38, 0x00, 0x00, 0x0E, 0x00, 0x00, 0x03, 0x00, 0x00,
  0x00, 0xE0, 0x00, 0x00, 0x30, 0x00, 0x00, 0x0C, 0x00, 0x00, 0x00, 0x00,
  0x0C, 0x00, 0x00, 0x00, 0xE0, 0x00, 0xC0, 0x00, 0x00, 0x30, 0x00, 0x18,
  0x00, 0x00, 0x06, 0x00, 0x03, 0x00, 0x00, 0x01, 0x80, 0x00, 0x30, 0x00,
  0x00, 0x60, 0x00, 0x06, 0x00, 0x00, 0x18, 0x00, 0x00, 0x60, 0x00, 0x06,
  0x00, 0x00, 0x0C, 0x00, 0x01, 0xC0, 0x00, 0x01, 0x80, 0x00, 0x30, 0x00,
  0x00, 0x18, 0x00, 0x0C, 0x00, 0x00, 0x03, 0x00, 0x03, 0x00, 0x00, 0x00,
  0x20, 0x00, 0xC0, 0x00, 0x00, 0x06, 0x00, 0x30, 0x00, 0x00, 0x00, 0xC0,
  0x06, 0x00, 0x00, 0x00, 0x0C, 0x01, 0x80, 0x00, 0x00, 0x01, 0x80, 0x60,
  0x00, 0x00, 0x00, 0x10, 0x18, 0x00, 0x00, 0x00, 0x03, 0x06, 0x00, 0x00,
  0x00, 0x00, 0x61, 0xC0, 0x00, 0x00, 0x00, 0x06, 0x30, 0x00, 0x00, 0x00,
  0x00, 0xCC, 0x00, 0x00, 0x00, 0x00, 0x0B, 0x00, 0x00, 0x00, 0x00, 0x01,
  0xC0, 0x00, 0x00, 0x00, 0x00, 0x30, 0x00, 0x00, 0x00, 0x00, 0x0F, 0x00,
  0x00, 0x00, 0x00, 0x03, 0xE0, 0x00, 0x00, 0x00, 0x00, 0x66, 0x00, 0x00,
  0x00, 0x00, 0x18, 0xC0, 0x00, 0x00, 0x00, 0x06, 0x08, 0x00, 0x00, 0x00,
  0x01, 0x81, 0x80, 0x00, 0x00, 0x00, 0x60, 0x30, 0x00, 0x00, 0x00, 0x1C,
  0x03, 0x00, 0x00, 0x00, 0x03, 0x00, 0x60, 0x00, 0x00, 0x00, 0xC0, 0x04,
  0x00, 0x00, 0x00, 0x30, 0x00, 0xC0, 0x00, 0x00, 0x0C, 0x00, 0x18, 0x00,
  0x00, 0x03, 0x00, 0x01, 0x80, 0x00, 0x00, 0xE0, 0x00, 0x30, 0x00, 0x00,
  0x18, 0x00, 0x02, 0x00, 0x00, 0x06, 0x00, 0x00, 0x60, 0x00, 0x01, 0x80,
  0x00, 0x0C, 0x00, 0x00, 0x60, 0x00, 0x00, 0xC0, 0x00, 0x1C, 0x00, 0x00,
  0x18, 0x00, 0x07, 0x00, 0x00, 0x01, 0x00, 0x00, 0xC0, 0x00, 0x00, 0x30,
  0x00, 0x30, 0x00, 0x00, 0x06, 0x00, 0x0C, 0x00, 0x00, 0x00, 0x60, 0x03,
  0x00, 0x00, 0x00, 0x0C, 0x00, 0xE0, 0x00, 0x00, 0x00, 0xC0, 0x00, 0xC0,
  0x00, 0x00, 0x03, 0xE0, 0x00, 0x00, 0x03, 0xB0, 0x00, 0x00, 0x01, 0x8C,
  0x00, 0x00, 0x01, 0x86, 0x00, 0x00, 0x01, 0x83, 0x00, 0x00, 0x00, 0xC0,
  0xC0, 0x00, 0x00, 0xC0, 0x60, 0x00, 0x00, 0xC0, 0x30, 0x00, 0x00, 0xE0,
  0x08, 0x00, 0x00, 0x60, 0x06, 0x00, 0x00, 0x60, 0x03, 0x00, 0x00, 0x60,
  0x00, 0x80, 0x00, 0x30, 0x00, 0x60, 0x00, 0x30, 0x00, 0x30, 0x00, 0x30,
  0x00, 0x18, 0x00, 0x30, 0x00, 0x06, 0x00, 0x18, 0x00, 0x03, 0x00, 0x18,
  0x00, 0x01, 0x80, 0x18, 0x00, 0x00, 0x60, 0x1C, 0x00, 0x00, 0x30, 0x0C,
  0x00, 0x00, 0x18, 0x0C, 0x00, 0x00, 0x04, 0x0C, 0x00, 0x00, 0x03, 0x06,
  0x00, 0x00, 0x01, 0x86, 0x00, 0x00, 0x00, 0xC6, 0x00, 0x00, 0x00, 0x36,
  0x00, 0x00, 0x00, 0x1B, 0x00, 0x00, 0x00, 0x0F, 0x00, 0x00, 0x00, 0x03,
  0x00, 0x00, 0x00, 0x01, 0x80, 0x00, 0x00, 0x00, 0xC0, 0x00, 0x00, 0x00,
  0xC0, 0x00, 0x00, 0x00, 0x60, 0x00, 0x00, 0x00, 0x30, 0x00, 0x00, 0x00,
  0x18, 0x00, 0x00, 0x00, 0x0C, 0x00, 0x00, 0x00, 0x0C, 0x00, 0x00, 0x00,
  0x06, 0x00, 0x00, 0x00, 0x03, 0x00, 0x00, 0x00, 0x01, 0x80, 0x00, 0x00,
  0x00, 0x80, 0x00, 0x00, 0x00, 0xC0, 0x00, 0x00, 0x00, 0x60, 0x00, 0x00,
  0x00, 0x30, 0x00, 0x00, 0x00, 0x18, 0x00, 0x00, 0x00, 0x08, 0x00, 0x00,
  0x00, 0x0C, 0x00, 0x00, 0x00, 0x06, 0x00, 0x00, 0x00, 0x00, 0x00, 0x0F,
  0xFF, 0xFF, 0xFF, 0x00, 0x00, 0x00, 0x00, 0x07, 0x00, 0x00, 0x00, 0x00,
  0x06, 0x00, 0x00, 0x00, 0x00, 0x0C, 0x00, 0x00, 0x00, 0x00, 0x18, 0x00,
  0x00, 0x00, 0x00, 0x38, 0x00, 0x00, 0x00, 0x00, 0x70, 0x00, 0x00, 0x00,
  0x00, 0x60, 0x00, 0x00, 0x00, 0x00, 0xC0, 0x00, 0x00, 0x00, 0x01, 0x80,
  0x00, 0x00, 0x00, 0x03, 0x80, 0x00, 0x00, 0x00, 0x07, 0x00, 0x00, 0x00,
  0x00, 0x06, 0x00, 0x00, 0x00, 0x00, 0x0C, 0x00, 0x00, 0x00, 0x00, 0x18,
  0x00, 0x00, 0x00, 0x00, 0x38, 0x00, 0x00, 0x00, 0x00, 0x30, 0x00, 0x00,
  0x00, 0x00, 0x60, 0x00, 0x00, 0x00, 0x00, 0xC0, 0x00, 0x00, 0x00, 0x01,
  0x80, 0x00, 0x00, 0x00, 0x03, 0x80, 0x00, 0x00, 0x00, 0x03, 0x00, 0x00,
  0x00, 0x00, 0x06, 0x00, 0x00, 0x00, 0x00, 0x0C, 0x00, 0x00, 0x00, 0x00,
  0x18, 0x00, 0x00, 0x00, 0x00, 0x38, 0x00, 0x00, 0x00, 0x00, 0x30, 0x00,
  0x00, 0x00, 0x00, 0x60, 0x00, 0x00, 0x00, 0x00, 0xC0, 0x00, 0x00, 0x00,
  0x01, 0x80, 0x00, 0x00, 0x00, 0x03, 0x80, 0x00, 0x00, 0x00, 0x03, 0x00,
  0x00, 0x00, 0x00, 0x06, 0x00, 0x00, 0x00, 0x00, 0x0C, 0x00, 0x00, 0x00,
  0x00, 0x1C, 0x00, 0x00, 0x00, 0x00, 0x38, 0x00, 0x00, 0x00, 0x00, 0x30,
  0x00, 0x00, 0x00, 0x00, 0x60, 0x00, 0x00, 0x00, 0x00, 0xC0, 0x00, 0x00,
  0x00, 0x01, 0xC0, 0x00, 0x00, 0x00, 0x03, 0x80, 0x00, 0x00, 0x00, 0x03,
  0x00, 0x00, 0x00, 0x00, 0x06, 0x00, 0x00, 0x00, 0x00, 0x0C, 0x00, 0x00,
  0x00, 0x00, 0x1C, 0x00, 0x00, 0x00, 0x00, 0x38, 0x00, 0x00, 0x00, 0x00,
  0x30, 0x00, 0x00, 0x00, 0x00, 0x7F, 0xFF, 0xFF, 0xFE, 0x00, 0xFF, 0xFF,
  0xFF, 0xFE, 0x00, 0x00, 0x07, 0xFF, 0xC0, 0x01, 0xFF, 0xF0, 0x00, 0x40,
  0x00, 0x00, 0x30, 0x00, 0x00, 0x0C, 0x00, 0x00, 0x03, 0x00, 0x00, 0x00,
  0xC0, 0x00, 0x00, 0x20, 0x00, 0x00, 0x18, 0x00, 0x00, 0x06, 0x00, 0x00,
  0x01, 0x80, 0x00, 0x00, 0x60, 0x00, 0x00, 0x30, 0x00, 0x00, 0x0C, 0x00,
  0x00, 0x03, 0x00, 0x00, 0x00, 0xC0, 0x00, 0x00, 0x30, 0x00, 0x00, 0x18,
  0x00, 0x00, 0x06, 0x00, 0x00, 0x01, 0x80, 0x00, 0x00, 0x60, 0x00, 0x00,
  0x10, 0x00, 0x00, 0x0C, 0x00, 0x00, 0x03, 0x00, 0x00, 0x00, 0xC0, 0x00,
  0x00, 0x30, 0x00, 0x00, 0x18, 0x00, 0x00, 0x06, 0x00, 0x00, 0x01, 0x80,
  0x00, 0x00, 0x60, 0x00, 0x00, 0x18, 0x00, 0x00, 0x0C, 0x00, 0x00, 0x03,
  0x00, 0x00, 0x00, 0xC0, 0x00, 0x00, 0x30, 0x00, 0x00, 0x08, 0x00, 0x00,
  0x06, 0x00, 0x00, 0x01, 0x80, 0x00, 0x00, 0x60, 0x00, 0x00, 0x18, 0x00,
  0x00, 0x04, 0x00, 0x00, 0x03, 0x00, 0x00, 0x00, 0xC0, 0x00, 0x00, 0x30,
  0x00, 0x00, 0x0C, 0x00, 0x00, 0x06, 0x00, 0x00, 0x01, 0x80, 0x00, 0x00,
  0x60, 0x00, 0x00, 0x18, 0x00, 0x00, 0x04, 0x00, 0x00, 0x03, 0x00, 0x00,
  0x00, 0xC0, 0x00, 0x00, 0x30, 0x00, 0x00, 0x0C, 0x00, 0x00, 0x02, 0x00,
  0x00, 0x01, 0x80, 0x00, 0x00, 0x60, 0x00, 0x00, 0x18, 0x00, 0x00, 0x07,
  0xFF, 0xC0, 0x03, 0xFF, 0xF0, 0x00, 0xC0, 0x30, 0x0C, 0x03, 0x00, 0x40,
  0x10, 0x06, 0x01, 0x80, 0x60, 0x08, 0x02, 0x00, 0xC0, 0x30, 0x0C, 0x03,
  0x00, 0x40, 0x10, 0x06, 0x01, 0x80, 0x60, 0x08, 0x02, 0x00, 0xC0, 0x30,
  0x0C, 0x03, 0x00, 0x40, 0x10, 0x06, 0x01, 0x80, 0x60, 0x08, 0x02, 0x00,
  0xC0, 0x30, 0x0C, 0x03, 0x00, 0x40, 0x10, 0x06, 0x01, 0x80, 0x60, 0x08,
  0x02, 0x00, 0xC0, 0x30, 0x0C, 0x03, 0x00, 0x40, 0x00, 0x07, 0xFF, 0xC0,
  0x03, 0xFF, 0xF0, 0x00, 0x00, 0x0C, 0x00, 0x00, 0x06, 0x00, 0x00, 0x01,
  0x80, 0x00, 0x00, 0x60, 0x00, 0x00, 0x18, 0x00, 0x00, 0x04, 0x00, 0x00,
  0x03, 0x00, 0x00, 0x00, 0xC0, 0x00, 0x00, 0x30, 0x00, 0x00, 0x0C, 0x00,
  0x00, 0x02, 0x00, 0x00, 0x01, 0x80, 0x00, 0x00, 0x60, 0x00, 0x00, 0x18,
  0x00, 0x00, 0x06, 0x00, 0x00, 0x03, 0x00, 0x00, 0x00, 0xC0, 0x00, 0x00,
  0x30, 0x00, 0x00, 0x0C, 0x00, 0x00, 0x02, 0x00, 0x00, 0x01, 0x80, 0x00,
  0x00, 0x60, 0x00, 0x00, 0x18, 0x00, 0x00, 0x06, 0x00, 0x00, 0x01, 0x00,
  0x00, 0x00, 0xC0, 0x00, 0x00, 0x30, 0x00, 0x00, 0x0C, 0x00, 0x00, 0x03,
  0x00, 0x00, 0x01, 0x80, 0x00, 0x00, 0x60, 0x00, 0x00, 0x18, 0x00, 0x00,
  0x06, 0x00, 0x00, 0x01, 0x80, 0x00, 0x00, 0xC0, 0x00, 0x00, 0x30, 0x00,
  0x00, 0x0C, 0x00, 0x00, 0x03, 0x00, 0x00, 0x00, 0x80, 0x00, 0x00, 0x60,
  0x00, 0x00, 0x18, 0x00, 0x00, 0x06, 0x00, 0x00, 0x01, 0x80, 0x00, 0x00,
  0xC0, 0x00, 0x00, 0x30, 0x00, 0x00, 0x0C, 0x00, 0x00, 0x03, 0x00, 0x00,
  0x00, 0xC0, 0x00, 0x00, 0x60, 0x00, 0x00, 0x18, 0x00, 0x00, 0x06, 0x00,
  0x00, 0x01, 0x80, 0x00, 0x00, 0x40, 0x00, 0x00, 0x30, 0x00, 0x00, 0x0C,
  0x00, 0x00, 0x03, 0x00, 0x0F, 0xFF, 0xC0, 0x03, 0xFF, 0xE0, 0x00, 0x00,
  0x00, 0x03, 0x00, 0x00, 0x00, 0x07, 0x00, 0x00, 0x00, 0x0F, 0x00, 0x00,
  0x00, 0x0D, 0x00, 0x00, 0x00, 0x19, 0x80, 0x00, 0x00, 0x31, 0x80, 0x00,
  0x00, 0x30, 0x80, 0x00, 0x00, 0x60, 0xC0, 0x00, 0x00, 0xC0, 0xC0, 0x00,
  0x00, 0xC0, 0xC0, 0x00, 0x01, 0x80, 0x40, 0x00, 0x03, 0x00, 0x60, 0x00,
  0x07, 0x00, 0x60, 0x00, 0x06, 0x00, 0x60, 0x00, 0x0C, 0x00, 0x20, 0x00,
  0x18, 0x00, 0x30, 0x00, 0x18, 0x00, 0x30, 0x00, 0x30, 0x00, 0x30, 0x00,
  0x60, 0x00, 0x10, 0x00, 0xE0, 0x00, 0x18, 0x00, 0xC0, 0x00, 0x18, 0x01,
  0x80, 0x00, 0x08, 0x03, 0x80, 0x00, 0x0C, 0x03, 0x00, 0x00, 0x0C, 0x06,
  0x00, 0x00, 0x0C, 0x0C, 0x00, 0x00, 0x04, 0x1C, 0x00, 0x00, 0x06, 0x18,
  0x00, 0x00, 0x06, 0x30, 0x00, 0x00, 0x06, 0x70, 0x00, 0x00, 0x02, 0xE0,
  0x00, 0x00, 0x03, 0xFF, 0xFF, 0xFF, 0xC0, 0xC0, 0xE0, 0x60, 0x30, 0x30,
  0x18, 0x18, 0x0C, 0x06, 0x02, 0x03, 0x00, 0x03, 0xFC, 0x00, 0x00, 0x3F,
  0xFE, 0x04, 0x01, 0xE0, 0x0E, 0x18, 0x07, 0x00, 0x0E, 0x30, 0x1C, 0x00,
  0x0C, 0x40, 0x60, 0x00, 0x0C, 0x81, 0xC0, 0x00, 0x1B, 0x03, 0x00, 0x00,
  0x16, 0x0C, 0x00, 0x00, 0x3C, 0x30, 0x00, 0x00, 0x70, 0x60, 0x00, 0x00,
  0xE1, 0x80, 0x00, 0x01, 0xC3, 0x00, 0x00, 0x03, 0x84, 0x00, 0x00, 0x07,
  0x18, 0x00, 0x00, 0x0C, 0x30, 0x00, 0x00, 0x18, 0x40, 0x00, 0x00, 0x31,
  0x80, 0x00, 0x00, 0x63, 0x00, 0x00, 0x00, 0x86, 0x00, 0x00, 0x03, 0x0C,
  0x00, 0x00, 0x06, 0x18, 0x00, 0x00, 0x0C, 0x20, 0x00, 0x00, 0x18, 0x40,
  0x00, 0x00, 0x60, 0x80, 0x00, 0x00, 0xC1, 0x00, 0x00, 0x03, 0x82, 0x00,
  0x00, 0x07, 0x06, 0x00, 0x00, 0x1E, 0x0C, 0x00, 0x00, 0x68, 0x18, 0x00,
  0x00, 0xB0, 0x30, 0x00, 0x03, 0x60, 0x30, 0x00, 0x0C, 0xC0, 0x60, 0x00,
  0x31, 0x00, 0x60, 0x01, 0xC2, 0x00, 0xE0, 0x07, 0x0C, 0x00, 0xF0, 0x38,
  0x18, 0x00, 0x7F, 0xE0, 0x30, 0x00, 0x1C, 0x00, 0x00, 0x00, 0x00, 0x18,
  0x00, 0x00, 0x00, 0x0C, 0x00, 0x00, 0x00, 0x04, 0x00, 0x00, 0x00, 0x06,
  0x00, 0x00, 0x00, 0x03, 0x00, 0x00, 0x00, 0x01, 0x80, 0x00, 0x00, 0x00,
  0xC0, 0x00, 0x00, 0x00, 0x40, 0x00, 0x00, 0x00, 0x60, 0x00, 0x00, 0x00,
  0x30, 0x00, 0x00, 0x00, 0x18, 0x00, 0x00, 0x00, 0x0C, 0x00, 0x00, 0x00,
  0x04, 0x00, 0x00, 0x00, 0x06, 0x00, 0x00, 0x00, 0x03, 0x00, 0x00, 0x00,
  0x01, 0x80, 0x7F, 0x80, 0x00, 0xC0, 0xFF, 0xF0, 0x00, 0x41, 0xE0, 0x1E,
  0x00, 0x61, 0xC0, 0x03, 0x80, 0x31, 0x80, 0x00, 0xC0, 0x19, 0x80, 0x00,
  0x30, 0x09, 0x80, 0x00, 0x18, 0x0D, 0x80, 0x00, 0x06, 0x06, 0x80, 0x00,
  0x03, 0x03, 0xC0, 0x00, 0x01, 0x81, 0xC0, 0x00, 0x00, 0xC0, 0xC0, 0x00,
  0x00, 0x60, 0xE0, 0x00, 0x00, 0x10, 0x60, 0x00, 0x00, 0x08, 0x30, 0x00,
  0x00, 0x0C, 0x18, 0x00, 0x00, 0x06, 0x08, 0x00, 0x00, 0x03, 0x0C, 0x00,
  0x00, 0x01, 0x86, 0x00, 0x00, 0x00, 0xC3, 0x00, 0x00, 0x00, 0x61, 0x00,
  0x00, 0x00, 0x31, 0x80, 0x00, 0x00, 0x30, 0xC0, 0x00, 0x00, 0x18, 0x60,
  0x00, 0x00, 0x0C, 0x30, 0x00, 0x00, 0x0C, 0x18, 0x00, 0x00, 0x06, 0x1C,
  0x00, 0x00, 0x06, 0x0E, 0x00, 0x00, 0x03, 0x07, 0x00, 0x00, 0x03, 0x02,
  0xC0, 0x00, 0x01, 0x81, 0x60, 0x00, 0x01, 0x81, 0x90, 0x00, 0x01, 0x80,
  0xCC, 0x00, 0x01, 0x80, 0x63, 0x00, 0x01, 0x80, 0x21, 0xC0, 0x03, 0x80,
  0x10, 0x78, 0x0F, 0x80, 0x18, 0x0F, 0xFF, 0x00, 0x00, 0x00, 0x70, 0x00,
  0x00, 0x00, 0x03, 0xFF, 0x80, 0x01, 0xFF, 0xFF, 0x00, 0x3C, 0x00, 0x60,
  0x0F, 0x00, 0x00, 0x01, 0xC0, 0x00, 0x00, 0x38, 0x00, 0x00, 0x07, 0x00,
  0x00, 0x00, 0xE0, 0x00, 0x00, 0x0C, 0x00, 0x00, 0x01, 0x80, 0x00, 0x00,
  0x18, 0x00, 0x00, 0x03, 0x00, 0x00, 0x00, 0x30, 0x00, 0x00, 0x06, 0x00,
  0x00, 0x00, 0x60, 0x00, 0x00, 0x06, 0x00, 0x00, 0x00, 0x40, 0x00, 0x00,
  0x0C, 0x00, 0x00, 0x00, 0xC0, 0x00, 0x00, 0x0C, 0x00, 0x00, 0x00, 0xC0,
  0x00, 0x00, 0x0C, 0x00, 0x00, 0x00, 0xC0, 0x00, 0x00, 0x0C, 0x00, 0x00,
  0x00, 0xC0, 0x00, 0x00, 0x0C, 0x00, 0x00, 0x00, 0xC0, 0x00, 0x00, 0x0C,
  0x00, 0x00, 0x00, 0xC0, 0x00, 0x00, 0x06, 0x00, 0x00, 0x00, 0x60, 0x00,
  0x00, 0x03, 0x00, 0x00, 0x00, 0x38, 0x00, 0x00, 0x01, 0xC0, 0x00, 0x00,
  0x0E, 0x00, 0x0C, 0x00, 0x78, 0x07, 0xC0, 0x01, 0xFF, 0xF0, 0x00, 0x01,
  0xF0, 0x00, 0x00, 0x00, 0x00, 0x00, 0x30, 0x00, 0x00, 0x00, 0x03, 0x00,
  0x00, 0x00, 0x00, 0x20, 0x00, 0x00, 0x00, 0x06, 0x00, 0x00, 0x00, 0x00,
  0x60, 0x00, 0x00, 0x00, 0x06, 0x00, 0x00, 0x00, 0x00, 0x60, 0x00, 0x00,
  0x00, 0x04, 0x00, 0x00, 0x00, 0x00, 0xC0, 0x00, 0x00, 0x00, 0x0C, 0x00,
  0x00, 0x00, 0x00, 0xC0, 0x00, 0x00, 0x00, 0x08, 0x00, 0x00, 0x00, 0x01,
  0x80, 0x00, 0x00, 0x00, 0x18, 0x00, 0x00, 0x00, 0x01, 0x80, 0x00, 0x3F,
  0xC0, 0x18, 0x00, 0x1F, 0xFF, 0x01, 0x00, 0x03, 0x80, 0x1C, 0x30, 0x00,
  0xE0, 0x00, 0xE3, 0x00, 0x1C, 0x00, 0x06, 0x30, 0x03, 0x00, 0x00, 0x33,
  0x00, 0x70, 0x00, 0x01, 0x20, 0x06, 0x00, 0x00, 0x1E, 0x00, 0xC0, 0x00,
  0x00, 0xE0, 0x18, 0x00, 0x00, 0x0E, 0x01, 0x80, 0x00, 0x00, 0xE0, 0x30,
  0x00, 0x00, 0x0C, 0x03, 0x00, 0x00, 0x00, 0xC0, 0x60, 0x00, 0x00, 0x0C,
  0x06, 0x00, 0x00, 0x00, 0xC0, 0x60, 0x00, 0x00, 0x08, 0x04, 0x00, 0x00,
  0x00, 0x80, 0xC0, 0x00, 0x00, 0x18, 0x0C, 0x00, 0x00, 0x01, 0x80, 0xC0,
  0x00, 0x00, 0x18, 0x0C, 0x00, 0x00, 0x01, 0x00, 0xC0, 0x00, 0x00, 0x30,
  0x08, 0x00, 0x00, 0x03, 0x00, 0x80, 0x00, 0x00, 0x70, 0x08, 0x00, 0x00,
  0x07, 0x00, 0x80, 0x00, 0x00, 0xE0, 0x08, 0x00, 0x00, 0x0E, 0x00, 0xC0,
  0x00, 0x01, 0xE0, 0x0C, 0x00, 0x00, 0x16, 0x00, 0xC0, 0x00, 0x03, 0x60,
  0x0C, 0x00, 0x00, 0x64, 0x00, 0x60, 0x00, 0x0C, 0xC0, 0x06, 0x00, 0x01,
  0x8C, 0x00, 0x30, 0x00, 0x70, 0xC0, 0x03, 0x80, 0x0E, 0x08, 0x00, 0x1E,
  0x07, 0x80, 0x80, 0x00, 0x7F, 0xF0, 0x18, 0x00, 0x01, 0xE0, 0x00, 0x00,
  0x00, 0x00, 0x01, 0xFE, 0x00, 0x00, 0xFF, 0xF8, 0x00, 0x3C, 0x01, 0xC0,
  0x07, 0x00, 0x0C, 0x00, 0xE0, 0x00, 0x60, 0x18, 0x00, 0x06, 0x03, 0x00,
  0x00, 0x70, 0x60, 0x00, 0x03, 0x0E, 0x00, 0x00, 0x30, 0xC0, 0x00, 0x02,
  0x18, 0x00, 0x00, 0x61, 0x80, 0x00, 0x06, 0x30, 0x00, 0x00, 0xC3, 0x00,
  0x00, 0x1C, 0x20, 0x00, 0x03, 0x86, 0x00, 0x00, 0xE0, 0x60, 0x00, 0x7C,
  0x06, 0x0F, 0xFE, 0x00, 0x7F, 0xFE, 0x00, 0x04, 0x00, 0x00, 0x00, 0xC0,
  0x00, 0x00, 0x0C, 0x00, 0x00, 0x00, 0xC0, 0x00, 0x00, 0x0C, 0x00, 0x00,
  0x00, 0xC0, 0x00, 0x00, 0x0C, 0x00, 0x00, 0x00, 0xC0, 0x00, 0x00, 0x06,
  0x00, 0x00, 0x00, 0x60, 0x00, 0x00, 0x06, 0x00, 0x00, 0x00, 0x70, 0x00,
  0x00, 0x03, 0x00, 0x00, 0x00, 0x18, 0x00, 0x00, 0x01, 0xC0, 0x00, 0x00,
  0x0E, 0x00, 0x06, 0x00, 0x7C, 0x07, 0xE0, 0x01, 0xFF, 0xF0, 0x00, 0x01,
  0xF0, 0x00, 0x00, 0x00, 0x00, 0x07, 0xE0, 0x00, 0x00, 0x00, 0x7F, 0xF0,
  0x00, 0x00, 0x07, 0x00, 0x80, 0x00, 0x00, 0x38, 0x00, 0x00, 0x00, 0x01,
  0xC0, 0x00, 0x00, 0x00, 0x06, 0x00, 0x00, 0x00, 0x00, 0x30, 0x00, 0x00,
  0x00, 0x00, 0xC0, 0x00, 0x00, 0x00, 0x02, 0x00, 0x00, 0x00, 0x00, 0x18,
  0x00, 0x00, 0x00, 0x00, 0x60, 0x00, 0x00, 0x00, 0x01, 0x80, 0x00, 0x00,
  0x00, 0x04, 0x00, 0x00, 0x00, 0x00, 0x30, 0x00, 0x00, 0x00, 0x00, 0xC0,
  0x00, 0x00, 0x00, 0x03, 0x00, 0x00, 0x00, 0x00, 0x0C, 0x00, 0x00, 0x00,
  0x1F, 0xFF, 0xF0, 0x00, 0x00, 0x01, 0x80, 0x00, 0x00, 0x00, 0x06, 0x00,
  0x00, 0x00, 0x00, 0x18, 0x00, 0x00, 0x00, 0x00, 0x40, 0x00, 0x00, 0x00,
  0x03, 0x00, 0x00, 0x00, 0x00, 0x0C, 0x00, 0x00, 0x00, 0x00, 0x30, 0x00,
  0x00, 0x00, 0x00, 0xC0, 0x00, 0x00, 0x00, 0x02, 0x00, 0x00, 0x00, 0x00,
  0x18, 0x00, 0x00, 0x00, 0x00, 0x60, 0x00, 0x00, 0x00, 0x01, 0x80, 0x00,
  0x00, 0x00, 0x06, 0x00, 0x00, 0x00, 0x00, 0x30, 0x00, 0x00, 0x00, 0x00,
  0xC0, 0x00, 0x00, 0x00, 0x03, 0x00, 0x00, 0x00, 0x00, 0x0C, 0x00, 0x00,
  0x00, 0x00, 0x20, 0x00, 0x00, 0x00, 0x01, 0x80, 0x00, 0x00, 0x00, 0x06,
  0x00, 0x00, 0x00, 0x00, 0x18, 0x00, 0x00, 0x00, 0x00, 0x60, 0x00, 0x00,
  0x00, 0x01, 0x00, 0x00, 0x00, 0x00, 0x0C, 0x00, 0x00, 0x00, 0x00, 0x30,
  0x00, 0x00, 0x00, 0x00, 0xC0, 0x00, 0x00, 0x00, 0x03, 0x00, 0x00, 0x00,
  0x00, 0x08, 0x00, 0x00, 0x00, 0x00, 0x60, 0x00, 0x00, 0x00, 0x01, 0x80,
  0x00, 0x00, 0x00, 0x06, 0x00, 0x00, 0x00, 0x00, 0x10, 0x00, 0x00, 0x00,
  0x00, 0xC0, 0x00, 0x00, 0x00, 0x03, 0x00, 0x00, 0x00, 0x00, 0x0C, 0x00,
  0x00, 0x00, 0x00, 0x30, 0x00, 0x00, 0x00, 0x00, 0x80, 0x00, 0x00, 0x00,
  0x06, 0x00, 0x00, 0x00, 0x00, 0x18, 0x00, 0x00, 0x00, 0x00, 0x60, 0x00,
  0x00, 0x00, 0x01, 0x80, 0x00, 0x00, 0x00, 0x04, 0x00, 0x00, 0x00, 0x00,
  0x30, 0x00, 0x00, 0x00, 0x00, 0xC0, 0x00, 0x00, 0x00, 0x03, 0x00, 0x00,
  0x00, 0x00, 0x18, 0x00, 0x00, 0x00, 0x00, 0x60, 0x00, 0x00, 0x00, 0x03,
  0x80, 0x00, 0x00, 0x00, 0x0C, 0x00, 0x00, 0x00, 0x20, 0xE0, 0x00, 0x00,
  0x00, 0xFF, 0x00, 0x00, 0x00, 0x00, 0x60, 0x00, 0x00, 0x00, 0x00, 0x00,
  0x00, 0xFF, 0x80, 0x20, 0x00, 0xFF, 0xFC, 0x08, 0x00, 0x38, 0x01, 0xC1,
  0x00, 0x1C, 0x00, 0x1C, 0x60, 0x07, 0x00, 0x00, 0x8C, 0x01, 0xC0, 0x00,
  0x19, 0x80, 0x70, 0x00, 0x01, 0x20, 0x0C, 0x00, 0x00, 0x34, 0x03, 0x00,
  0x00, 0x03, 0x80, 0xC0, 0x00, 0x00, 0x70, 0x18, 0x00, 0x00, 0x0E, 0x06,
  0x00, 0x00, 0x01, 0x80, 0xC0, 0x00, 0x00, 0x30, 0x30, 0x00, 0x00, 0x06,
  0x06, 0x00, 0x00, 0x00, 0xC0, 0xC0, 0x00, 0x00, 0x10, 0x10, 0x00, 0x00,
  0x02, 0x06, 0x00, 0x00, 0x00, 0xC0, 0xC0, 0x00, 0x00, 0x18, 0x18, 0x00,
  0x00, 0x03, 0x03, 0x00, 0x00, 0x00, 0x40, 0x60, 0x00, 0x00, 0x18, 0x08,
  0x00, 0x00, 0x03, 0x01, 0x00, 0x00, 0x00, 0x60, 0x20, 0x00, 0x00, 0x1C,
  0x04, 0x00, 0x00, 0x03, 0x00, 0x80, 0x00, 0x00, 0xE0, 0x18, 0x00, 0x00,
  0x3C, 0x03, 0x00, 0x00, 0x05, 0x80, 0x60, 0x00, 0x01, 0xB0, 0x0C, 0x00,
  0x00, 0x64, 0x00, 0xC0, 0x00, 0x19, 0x80, 0x18, 0x00, 0x06, 0x30, 0x01,
  0x80, 0x03, 0x86, 0x00, 0x38, 0x00, 0xE0, 0x80, 0x03, 0xC0, 0xF0, 0x30,
  0x00, 0x1F, 0xFC, 0x06, 0x00, 0x00, 0xF0, 0x00, 0xC0, 0x00, 0x00, 0x00,
  0x18, 0x00, 0x00, 0x00, 0x02, 0x00, 0x00, 0x00, 0x00, 0xC0, 0x00, 0x00,
  0x00, 0x18, 0x00, 0x00, 0x00, 0x03, 0x00, 0x00, 0x00, 0x00, 0xC0, 0x00,
  0x00, 0x00, 0x18, 0x00, 0x00, 0x00, 0x06, 0x00, 0x00, 0x00, 0x01, 0xC0,
  0x00, 0x00, 0x00, 0x30, 0x00, 0x00, 0x00, 0x0C, 0x00, 0x10, 0x00, 0x03,
  0x00, 0x03, 0x80, 0x01, 0xC0, 0x00, 0x7E, 0x01, 0xF0, 0x00, 0x01, 0xFF,
  0xF8, 0x00, 0x00, 0x00, 0xC0, 0x00, 0x00, 0x00, 0x00, 0x18, 0x00, 0x00,
  0x00, 0x18, 0x00, 0x00, 0x00, 0x10, 0x00, 0x00, 0x00, 0x30, 0x00, 0x00,
  0x00, 0x30, 0x00, 0x00, 0x00, 0x30, 0x00, 0x00, 0x00, 0x30, 0x00, 0x00,
  0x00, 0x20, 0x00, 0x00, 0x00, 0x60, 0x00, 0x00, 0x00, 0x60, 0x00, 0x00,
  0x00, 0x60, 0x00, 0x00, 0x00, 0x60, 0x00, 0x00, 0x00, 0x40, 0x00, 0x00,
  0x00, 0xC0, 0x00, 0x00, 0x00, 0xC0, 0x00, 0x00, 0x00, 0xC0, 0x3F, 0xE0,
  0x00, 0xC0, 0xFF, 0xF8, 0x00, 0x83, 0xC0, 0x1C, 0x01, 0x87, 0x00, 0x0E,
  0x01, 0x8C, 0x00, 0x06, 0x01, 0x98, 0x00, 0x03, 0x01, 0x30, 0x00, 0x03,
  0x03, 0x60, 0x00, 0x03, 0x03, 0x40, 0x00, 0x03, 0x03, 0xC0, 0x00, 0x03,
  0x03, 0x80, 0x00, 0x03, 0x03, 0x80, 0x00, 0x03, 0x07, 0x00, 0x00, 0x03,
  0x07, 0x00, 0x00, 0x02, 0x06, 0x00, 0x00, 0x06, 0x06, 0x00, 0x00, 0x06,
  0x04, 0x00, 0x00, 0x06, 0x0C, 0x00, 0x00, 0x06, 0x0C, 0x00, 0x00, 0x04,
  0x0C, 0x00, 0x00, 0x0C, 0x08, 0x00, 0x00, 0x0C, 0x18, 0x00, 0x00, 0x0C,
  0x18, 0x00, 0x00, 0x0C, 0x18, 0x00, 0x00, 0x08, 0x18, 0x00, 0x00, 0x18,
  0x10, 0x00, 0x00, 0x18, 0x30, 0x00, 0x00, 0x18, 0x30, 0x00, 0x00, 0x18,
  0x30, 0x00, 0x00, 0x30, 0x30, 0x00, 0x00, 0x30, 0x20, 0x00, 0x00, 0x30,
  0x60, 0x00, 0x00, 0x30, 0x60, 0x00, 0x00, 0x20, 0x60, 0x00, 0x00, 0x60,
  0x60, 0x00, 0x00, 0x60, 0x40, 0x00, 0x00, 0x60, 0xC0, 0x00, 0x00, 0x60,
  0x00, 0x10, 0x01, 0xC0, 0x1E, 0x00, 0x70, 0x01, 0x00, 0x00, 0x00, 0x00,
  0x00, 0x00, 0x00, 0x00, 0x00, 0x00, 0x00, 0x00, 0x00, 0x00, 0x00, 0x03,
  0x00, 0x10, 0x01, 0x80, 0x0C, 0x00, 0x60, 0x02, 0x00, 0x30, 0x01, 0x80,
  0x0C, 0x00, 0x60, 0x02, 0x00, 0x30, 0x01, 0x80, 0x0C, 0x00, 0x60, 0x02,
  0x00, 0x30, 0x01, 0x80, 0x0C, 0x00, 0x60, 0x06, 0x00, 0x30, 0x01, 0x80,
  0x0C, 0x00, 0x40, 0x06, 0x00, 0x30, 0x01, 0x80, 0x0C, 0x00, 0x40, 0x06,
  0x00, 0x30, 0x01, 0x80, 0x0C, 0x00, 0x40, 0x06, 0x00, 0x00, 0x00, 0x00,
  0x01, 0x00, 0x00, 0x01, 0xC0, 0x00, 0x01, 0xE0, 0x00, 0x00, 0x70, 0x00,
  0x00, 0x10, 0x00, 0x00, 0x00, 0x00, 0x00, 0x00, 0x00, 0x00, 0x00, 0x00,
  0x00, 0x00, 0x00, 0x00, 0x00, 0x00, 0x00, 0x00, 0x00, 0x00, 0x00, 0x00,
  0x00, 0x00, 0x00, 0x00, 0x00, 0x00, 0x00, 0x00, 0x30, 0x00, 0x00, 0x10,
  0x00, 0x00, 0x18, 0x00, 0x00, 0x0C, 0x00, 0x00, 0x06, 0x00, 0x00, 0x02,
  0x00, 0x00, 0x03, 0x00, 0x00, 0x01, 0x80, 0x00, 0x00, 0xC0, 0x00, 0x00,
  0x60, 0x00, 0x00, 0x20, 0x00, 0x00, 0x30, 0x00, 0x00, 0x18, 0x00, 0x00,
  0x0C, 0x00, 0x00, 0x06, 0x00, 0x00, 0x02, 0x00, 0x00, 0x03, 0x00, 0x00,
  0x01, 0x80, 0x00, 0x00, 0xC0, 0x00, 0x00, 0x60, 0x00, 0x00, 0x60, 0x00,
  0x00, 0x30, 0x00, 0x00, 0x18, 0x00, 0x00, 0x0C, 0x00, 0x00, 0x04, 0x00,
  0x00, 0x06, 0x00, 0x00, 0x03, 0x00, 0x00, 0x01, 0x80, 0x00, 0x00, 0xC0,
  0x00, 0x00, 0x40, 0x00, 0x00, 0x60, 0x00, 0x00, 0x30, 0x00, 0x00, 0x18,
  0x00, 0x00, 0x0C, 0x00, 0x00, 0x04, 0x00, 0x00, 0x06, 0x00, 0x00, 0x03,
  0x00, 0x00, 0x01, 0x80, 0x00, 0x00, 0xC0, 0x00, 0x00, 0xC0, 0x00, 0x00,
  0x60, 0x00, 0x00, 0x30, 0x00, 0x00, 0x18, 0x00, 0x00, 0x08, 0x00, 0x00,
  0x0C, 0x00, 0x00, 0x06, 0x00, 0x00, 0x03, 0x00, 0x00, 0x03, 0x00, 0x00,
  0x01, 0x80, 0x00, 0x01, 0x80, 0x00, 0x83, 0x80, 0x00, 0x7F, 0x80, 0x00,
  0x06, 0x00, 0x00, 0x00, 0x00, 0x18, 0x00, 0x00, 0x00, 0x30, 0x00, 0x00,
  0x00, 0x40, 0x00, 0x00, 0x01, 0x80, 0x00, 0x00, 0x03, 0x00, 0x00, 0x00,
  0x06, 0x00, 0x00, 0x00, 0x0C, 0x00, 0x00, 0x00, 0x10, 0x00, 0x00, 0x00,
  0x60, 0x00, 0x00, 0x00, 0xC0, 0x00, 0x00, 0x01, 0x80, 0x00, 0x00, 0x03,
  0x00, 0x00, 0x00, 0x04, 0x00, 0x00, 0x00, 0x18, 0x00, 0x00, 0x00, 0x30,
  0x00, 0x00, 0x00, 0x60, 0x00, 0x01, 0x00, 0xC0, 0x00, 0x0C, 0x01, 0x00,
  0x00, 0x30, 0x06, 0x00, 0x00, 0xC0, 0x0C, 0x00, 0x07, 0x00, 0x18, 0x00,
  0x1C, 0x00, 0x20, 0x00, 0x70, 0x00, 0xC0, 0x01, 0xC0, 0x01, 0x80, 0x06,
  0x00, 0x03, 0x00, 0x18, 0x00, 0x06, 0x00, 0x60, 0x00, 0x08, 0x01, 0x80,
  0x00, 0x30, 0x06, 0x00, 0x00, 0x60, 0x18, 0x00, 0x00, 0xC0, 0x60, 0x00,
  0x01, 0x81, 0x80, 0x00, 0x02, 0x06, 0x00, 0x00, 0x0C, 0x1E, 0x00, 0x00,
  0x18, 0x6C, 0x00, 0x00, 0x33, 0x8C, 0x00, 0x00, 0x4E, 0x18, 0x00, 0x01,
  0xB0, 0x18, 0x00, 0x03, 0xC0, 0x30, 0x00, 0x07, 0x00, 0x30, 0x00, 0x0C,
  0x00, 0x60, 0x00, 0x10, 0x00, 0x60, 0x00, 0x60, 0x00, 0xC0, 0x00, 0xC0,
  0x00, 0xC0, 0x01, 0x80, 0x01, 0x80, 0x03, 0x00, 0x01, 0x80, 0x04, 0x00,
  0x03, 0x00, 0x18, 0x00, 0x03, 0x00, 0x30, 0x00, 0x06, 0x00, 0x60, 0x00,
  0x06, 0x00, 0xC0, 0x00, 0x0C, 0x01, 0x00, 0x00, 0x0C, 0x06, 0x00, 0x00,
  0x1C, 0x00, 0x00, 0x18, 0x00, 0xC0, 0x04, 0x00, 0x60, 0x03, 0x00, 0x18,
  0x00, 0xC0, 0x04, 0x00, 0x60, 0x03, 0x00, 0x18, 0x00, 0xC0, 0x04, 0x00,
  0x60, 0x03, 0x00, 0x18, 0x00, 0xC0, 0x04, 0x00, 0x60, 0x03, 0x00, 0x18,
  0x00, 0x80, 0x0C, 0x00, 0x60, 0x03, 0x00, 0x18, 0x00, 0x80, 0x0C, 0x00,
  0x60, 0x03, 0x00, 0x18, 0x00, 0x80, 0x0C, 0x00, 0x60, 0x03, 0x00, 0x18,
  0x01, 0x80, 0x0C, 0x00, 0x60, 0x03, 0x00, 0x10, 0x01, 0x80, 0x0C, 0x00,
  0x60, 0x03, 0x00, 0x10, 0x01, 0x80, 0x0C, 0x00, 0x60, 0x03, 0x00, 0x10,
  0x01, 0x80, 0x00, 0x00, 0x00, 0x7F, 0x80, 0x01, 0xFE, 0x00, 0x08, 0x1F,
  0xFE, 0x00, 0x7F, 0xF8, 0x00, 0x83, 0x80, 0x70, 0x0E, 0x01, 0xC0, 0x18,
  0xE0, 0x03, 0x03, 0x80, 0x0E, 0x01, 0x9C, 0x00, 0x18, 0x70, 0x00, 0x60,
  0x11, 0x80, 0x01, 0x86, 0x00, 0x03, 0x01, 0x30, 0x00, 0x08, 0xC0, 0x00,
  0x30, 0x36, 0x00, 0x00, 0x98, 0x00, 0x03, 0x03, 0x40, 0x00, 0x0B, 0x00,
  0x00, 0x30, 0x38, 0x00, 0x00, 0xB0, 0x00, 0x03, 0x03, 0x80, 0x00, 0x0E,
  0x00, 0x00, 0x30, 0x30, 0x00, 0x00, 0xC0, 0x00, 0x03, 0x07, 0x00, 0x00,
  0x0C, 0x00, 0x00, 0x30, 0x60, 0x00, 0x01, 0xC0, 0x00, 0x02, 0x06, 0x00,
  0x00, 0x18, 0x00, 0x00, 0x60, 0x60, 0x00, 0x01, 0x80, 0x00, 0x06, 0x04,
  0x00, 0x00, 0x18, 0x00, 0x00, 0x60, 0xC0, 0x00, 0x01, 0x00, 0x00, 0x06,
  0x0C, 0x00, 0x00, 0x30, 0x00, 0x00, 0x40, 0xC0, 0x00, 0x03, 0x00, 0x00,
  0x0C, 0x08, 0x00, 0x00, 0x30, 0x00, 0x00, 0xC1, 0x80, 0x00, 0x02, 0x00,
  0x00, 0x0C, 0x18, 0x00, 0x00, 0x60, 0x00, 0x00, 0xC1, 0x80, 0x00, 0x06,
  0x00, 0x00, 0x18, 0x18, 0x00, 0x00, 0x60, 0x00, 0x01, 0x81, 0x00, 0x00,
  0x06, 0x00, 0x00, 0x18, 0x30, 0x00, 0x00, 0x40, 0x00, 0x01, 0x83, 0x00,
  0x00, 0x0C, 0x00, 0x00, 0x10, 0x30, 0x00, 0x00, 0xC0, 0x00, 0x03, 0x03,
  0x00, 0x00, 0x0C, 0x00, 0x00, 0x30, 0x20, 0x00, 0x00, 0xC0, 0x00, 0x03,
  0x06, 0x00, 0x00, 0x08, 0x00, 0x00, 0x30, 0x60, 0x00, 0x01, 0x80, 0x00,
  0x02, 0x06, 0x00, 0x00, 0x18, 0x00, 0x00, 0x60, 0x60, 0x00, 0x01, 0x80,
  0x00, 0x06, 0x04, 0x00, 0x00, 0x10, 0x00, 0x00, 0x60, 0xC0, 0x00, 0x03,
  0x00, 0x00, 0x06, 0x00, 0x00, 0x00, 0x3F, 0xE0, 0x00, 0x80, 0xFF, 0xF8,
  0x00, 0x83, 0xC0, 0x1C, 0x01, 0x87, 0x00, 0x0E, 0x01, 0x8C, 0x00, 0x06,
  0x01, 0x18, 0x00, 0x03, 0x01, 0x30, 0x00, 0x03, 0x03, 0x60, 0x00, 0x03,
  0x03, 0x40, 0x00, 0x03, 0x03, 0xC0, 0x00, 0x03, 0x03, 0x80, 0x00, 0x03,
  0x03, 0x80, 0x00, 0x03, 0x07, 0x00, 0x00, 0x03, 0x07, 0x00, 0x00, 0x02,
  0x06, 0x00, 0x00, 0x06, 0x06, 0x00, 0x00, 0x06, 0x04, 0x00, 0x00, 0x06,
  0x0C, 0x00, 0x00, 0x06, 0x0C, 0x00, 0x00, 0x04, 0x0C, 0x00, 0x00, 0x0C,
  0x08, 0x00, 0x00, 0x0C, 0x18, 0x00, 0x00, 0x0C, 0x18, 0x00, 0x00, 0x0C,
  0x18, 0x00, 0x00, 0x08, 0x18, 0x00, 0x00, 0x18, 0x10, 0x00, 0x00, 0x18,
  0x30, 0x00, 0x00, 0x18, 0x30, 0x00, 0x00, 0x18, 0x30, 0x00, 0x00, 0x30,
  0x30, 0x00, 0x00, 0x30, 0x20, 0x00, 0x00, 0x30, 0x60, 0x00, 0x00, 0x30,
  0x60, 0x00, 0x00, 0x20, 0x60, 0x00, 0x00, 0x60, 0x60, 0x00, 0x00, 0x60,
  0x40, 0x00, 0x00, 0x60, 0xC0, 0x00, 0x00, 0x60, 0x00, 0x03, 0xFE, 0x00,
  0x00, 0x3F, 0xFF, 0x00, 0x00, 0xF0, 0x07, 0x80, 0x07, 0x00, 0x03, 0x80,
  0x1C, 0x00, 0x03, 0x80, 0x70, 0x00, 0x03, 0x01, 0xC0, 0x00, 0x03, 0x07,
  0x00, 0x00, 0x06, 0x0C, 0x00, 0x00, 0x04, 0x30, 0x00, 0x00, 0x0C, 0x60,
  0x00, 0x00, 0x19, 0x80, 0x00, 0x00, 0x33, 0x00, 0x00, 0x00, 0x6C, 0x00,
  0x00, 0x00, 0xD8, 0x00, 0x00, 0x01, 0xB0, 0x00, 0x00, 0x03, 0x40, 0x00,
  0x00, 0x07, 0x80, 0x00, 0x00, 0x0F, 0x00, 0x00, 0x00, 0x1E, 0x00, 0x00,
  0x00, 0x3C, 0x00, 0x00, 0x00, 0x78, 0x00, 0x00, 0x01, 0xB0, 0x00, 0x00,
  0x03, 0x60, 0x00, 0x00, 0x06, 0xC0, 0x00, 0x00, 0x19, 0x80, 0x00, 0x00,
  0x33, 0x00, 0x00, 0x00, 0x66, 0x00, 0x00, 0x01, 0x8C, 0x00, 0x00, 0x07,
  0x0C, 0x00, 0x00, 0x0C, 0x18, 0x00, 0x00, 0x30, 0x38, 0x00, 0x00, 0xE0,
  0x30, 0x00, 0x03, 0x80, 0x30, 0x00, 0x0E, 0x00, 0x78, 0x00, 0x70, 0x00,
  0x3C, 0x07, 0xC0, 0x00, 0x3F, 0xFE, 0x00, 0x00, 0x03, 0x80, 0x00, 0x00,
  0x00, 0x00, 0x07, 0xF8, 0x00, 0x01, 0x01, 0xFF, 0xE0, 0x00, 0x10, 0x78,
  0x07, 0x80, 0x03, 0x0E, 0x00, 0x1C, 0x00, 0x31, 0x80, 0x00, 0xC0, 0x02,
  0x30, 0x00, 0x06, 0x00, 0x26, 0x00, 0x00, 0x60, 0x06, 0xC0, 0x00, 0x03,
  0x00, 0x68, 0x00, 0x00, 0x30, 0x07, 0x80, 0x00, 0x03, 0x00, 0x70, 0x00,
  0x00, 0x30, 0x07, 0x00, 0x00, 0x03, 0x00, 0xE0, 0x00, 0x00, 0x10, 0x0C,
  0x00, 0x00, 0x01, 0x00, 0xC0, 0x00, 0x00, 0x30, 0x0C, 0x00, 0x00, 0x03,
  0x00, 0x80, 0x00, 0x00, 0x30, 0x18, 0x00, 0x00, 0x03, 0x01, 0x80, 0x00,
  0x00, 0x30, 0x18, 0x00, 0x00, 0x03, 0x01, 0x00, 0x00, 0x00, 0x30, 0x30,
  0x00, 0x00, 0x06, 0x03, 0x00, 0x00, 0x00, 0x60, 0x30, 0x00, 0x00, 0x06,
  0x03, 0x00, 0x00, 0x00, 0xC0, 0x30, 0x00, 0x00, 0x0C, 0x07, 0x00, 0x00,
  0x01, 0x80, 0x70, 0x00, 0x00, 0x18, 0x07, 0x00, 0x00, 0x03, 0x00, 0x58,
  0x00, 0x00, 0x30, 0x05, 0x80, 0x00, 0x06, 0x00, 0xC8, 0x00, 0x00, 0xC0,
  0x0C, 0xC0, 0x00, 0x18, 0x00, 0xC6, 0x00, 0x03, 0x00, 0x0C, 0x70, 0x00,
  0xE0, 0x00, 0x83, 0xC0, 0x7C, 0x00, 0x18, 0x0F, 0xFF, 0x00, 0x01, 0x80,
  0x0E, 0x00, 0x00, 0x18, 0x00, 0x00, 0x00, 0x01, 0x80, 0x00, 0x00, 0x00,
  0x30, 0x00, 0x00, 0x00, 0x03, 0x00, 0x00, 0x00, 0x00, 0x30, 0x00, 0x00,
  0x00, 0x03, 0x00, 0x00, 0x00, 0x00, 0x20, 0x00, 0x00, 0x00, 0x06, 0x00,
  0x00, 0x00, 0x00, 0x60, 0x00, 0x00, 0x00, 0x06, 0x00, 0x00, 0x00, 0x00,
  0x60, 0x00, 0x00, 0x00, 0x04, 0x00, 0x00, 0x00, 0x00, 0xC0, 0x00, 0x00,
  0x00, 0x0C, 0x00, 0x00, 0x00, 0x00, 0xC0, 0x00, 0x00, 0x00, 0x00, 0x00,
  0x03, 0xFC, 0x00, 0x80, 0x0F, 0xFF, 0x80, 0x80, 0x0E, 0x00, 0x70, 0x40,
  0x1C, 0x00, 0x1C, 0x60, 0x1C, 0x00, 0x02, 0x30, 0x1C, 0x00, 0x01, 0x98,
  0x1C, 0x00, 0x00, 0x48, 0x0C, 0x00, 0x00, 0x34, 0x0C, 0x00, 0x00, 0x0E,
  0x0C, 0x00, 0x00, 0x07, 0x06, 0x00, 0x00, 0x03, 0x86, 0x00, 0x00, 0x01,
  0x83, 0x00, 0x00, 0x00, 0xC3, 0x00, 0x00, 0x00, 0x61, 0x80, 0x00, 0x00,
  0x30, 0xC0, 0x00, 0x00, 0x10, 0x40, 0x00, 0x00, 0x08, 0x60, 0x00, 0x00,
  0x0C, 0x30, 0x00, 0x00, 0x06, 0x18, 0x00, 0x00, 0x03, 0x0C, 0x00, 0x00,
  0x01, 0x06, 0x00, 0x00, 0x01, 0x82, 0x00, 0x00, 0x00, 0xC1, 0x00, 0x00,
  0x00, 0xE0, 0x80, 0x00, 0x00, 0x70, 0x40, 0x00, 0x00, 0x70, 0x20, 0x00,
  0x00, 0x38, 0x18, 0x00, 0x00, 0x3C, 0x0C, 0x00, 0x00, 0x16, 0x06, 0x00,
  0x00, 0x1B, 0x03, 0x00, 0x00, 0x19, 0x00, 0xC0, 0x00, 0x19, 0x80, 0x60,
  0x00, 0x18, 0xC0, 0x18, 0x00, 0x38, 0x60, 0x0E, 0x00, 0x38, 0x20, 0x03,
  0xC0, 0xF0, 0x30, 0x00, 0x7F, 0xE0, 0x18, 0x00, 0x0F, 0x00, 0x0C, 0x00,
  0x00, 0x00, 0x06, 0x00, 0x00, 0x00, 0x02, 0x00, 0x00, 0x00, 0x03, 0x00,
  0x00, 0x00, 0x01, 0x80, 0x00, 0x00, 0x00, 0xC0, 0x00, 0x00, 0x00, 0x60,
  0x00, 0x00, 0x00, 0x20, 0x00, 0x00, 0x00, 0x30, 0x00, 0x00, 0x00, 0x18,
  0x00, 0x00, 0x00, 0x0C, 0x00, 0x00, 0x00, 0x04, 0x00, 0x00, 0x00, 0x06,
  0x00, 0x00, 0x00, 0x03, 0x00, 0x00, 0x00, 0x01, 0x80, 0x00, 0x00, 0x00,
  0xC0, 0x00, 0x00, 0x00, 0x3F, 0x80, 0x40, 0x7F, 0xC0, 0x20, 0xF0, 0x00,
  0x30, 0xE0, 0x00, 0x18, 0xC0, 0x00, 0x08, 0xC0, 0x00, 0x04, 0xC0, 0x00,
  0x06, 0xC0, 0x00, 0x03, 0x40, 0x00, 0x01, 0xE0, 0x00, 0x00, 0xE0, 0x00,
  0x00, 0x60, 0x00, 0x00, 0x70, 0x00, 0x00, 0x38, 0x00, 0x00, 0x18, 0x00,
  0x00, 0x0C, 0x00, 0x00, 0x04, 0x00, 0x00, 0x06, 0x00, 0x00, 0x03, 0x00,
  0x00, 0x01, 0x80, 0x00, 0x00, 0x80, 0x00, 0x00, 0xC0, 0x00, 0x00, 0x60,
  0x00, 0x00, 0x30, 0x00, 0x00, 0x18, 0x00, 0x00, 0x08, 0x00, 0x00, 0x0C,
  0x00, 0x00, 0x06, 0x00, 0x00, 0x03, 0x00, 0x00, 0x01, 0x80, 0x00, 0x00,
  0x80, 0x00, 0x00, 0xC0, 0x00, 0x00, 0x60, 0x00, 0x00, 0x30, 0x00, 0x00,
  0x18, 0x00, 0x00, 0x08, 0x00, 0x00, 0x0C, 0x00, 0x00, 0x00, 0x00, 0x0F,
  0xFC, 0x00, 0x0F, 0xFF, 0xF4, 0x03, 0x80, 0x07, 0x00, 0xC0, 0x00, 0x20,
  0x30, 0x00, 0x00, 0x0C, 0x00, 0x00, 0x01, 0x80, 0x00, 0x00, 0x30, 0x00,
  0x00, 0x04, 0x00, 0x00, 0x00, 0x80, 0x00, 0x00, 0x10, 0x00, 0x00, 0x03,
  0x00, 0x00, 0x00, 0x60, 0x00, 0x00, 0x06, 0x00, 0x00, 0x00, 0xE0, 0x00,
  0x00, 0x0F, 0x00, 0x00, 0x00, 0x78, 0x00, 0x00, 0x07, 0x80, 0x00, 0x00,
  0x3C, 0x00, 0x00, 0x01, 0xE0, 0x00, 0x00, 0x0E, 0x00, 0x00, 0x00, 0xE0,
  0x00, 0x00, 0x06, 0x00, 0x00, 0x00, 0x60, 0x00, 0x00, 0x0C, 0x00, 0x00,
  0x00, 0xC0, 0x00, 0x00, 0x18, 0x00, 0x00, 0x03, 0x00, 0x00, 0x00, 0x60,
  0x00, 0x00, 0x0C, 0x00, 0x00, 0x03, 0x00, 0x00, 0x00, 0x60, 0x00, 0x00,
  0x1C, 0x10, 0x00, 0x03, 0x03, 0x80, 0x01, 0xC0, 0x3E, 0x00, 0xF0, 0x01,
  0xFF, 0xF8, 0x00, 0x03, 0xF0, 0x00, 0x00, 0x00, 0x80, 0x00, 0x30, 0x00,
  0x06, 0x00, 0x00, 0xC0, 0x00, 0x10, 0x00, 0x06, 0x00, 0x00, 0xC0, 0x00,
  0x18, 0x00, 0x03, 0x00, 0x1F, 0xFF, 0xFC, 0x18, 0x00, 0x03, 0x00, 0x00,
  0x60, 0x00, 0x08, 0x00, 0x03, 0x00, 0x00, 0x60, 0x00, 0x0C, 0x00, 0x01,
  0x80, 0x00, 0x20, 0x00, 0x0C, 0x00, 0x01, 0x80, 0x00, 0x30, 0x00, 0x06,
  0x00, 0x01, 0x80, 0x00, 0x30, 0x00, 0x06, 0x00, 0x00, 0xC0, 0x00, 0x10,
  0x00, 0x06, 0x00, 0x00, 0xC0, 0x00, 0x18, 0x00, 0x03, 0x00, 0x00, 0x40,
  0x00, 0x18, 0x00, 0x03, 0x00, 0x00, 0x60, 0x00, 0x0C, 0x00, 0x01, 0x00,
  0x00, 0x20, 0x00, 0x04, 0x00, 0x00, 0x80, 0x00, 0x18, 0x00, 0x03, 0x00,
  0x00, 0x38, 0x10, 0x03, 0xFE, 0x00, 0x0E, 0x00, 0x00, 0x06, 0x00, 0x00,
  0x03, 0x06, 0x00, 0x00, 0x06, 0x04, 0x00, 0x00, 0x06, 0x0C, 0x00, 0x00,
  0x06, 0x0C, 0x00, 0x00, 0x06, 0x0C, 0x00, 0x00, 0x04, 0x0C, 0x00, 0x00,
  0x0C, 0x08, 0x00, 0x00, 0x0C, 0x18, 0x00, 0x00, 0x0C, 0x18, 0x00, 0x00,
  0x0C, 0x18, 0x00, 0x00, 0x18, 0x18, 0x00, 0x00, 0x18, 0x10, 0x00, 0x00,
  0x18, 0x30, 0x00, 0x00, 0x18, 0x30, 0x00, 0x00, 0x10, 0x30, 0x00, 0x00,
  0x30, 0x30, 0x00, 0x00, 0x30, 0x20, 0x00, 0x00, 0x30, 0x60, 0x00, 0x00,
  0x30, 0x60, 0x00, 0x00, 0x20, 0x60, 0x00, 0x00, 0x60, 0x40, 0x00, 0x00,
  0x60, 0xC0, 0x00, 0x00, 0x60, 0xC0, 0x00, 0x00, 0xE0, 0xC0, 0x00, 0x00,
  0xC0, 0xC0, 0x00, 0x01, 0xC0, 0xC0, 0x00, 0x03, 0xC0, 0xC0, 0x00, 0x03,
  0xC0, 0xC0, 0x00, 0x06, 0x80, 0xC0, 0x00, 0x0C, 0x80, 0xC0, 0x00, 0x19,
  0x80, 0xC0, 0x00, 0x31, 0x80, 0x60, 0x00, 0x61, 0x80, 0x70, 0x01, 0xC1,
  0x00, 0x3C, 0x07, 0x81, 0x00, 0x0F, 0xFE, 0x03, 0x00, 0x01, 0xE0, 0x00,
  0x00, 0xC0, 0x00, 0x00, 0x3B, 0x00, 0x00, 0x01, 0x98, 0x00, 0x00, 0x18,
  0xC0, 0x00, 0x01, 0x86, 0x00, 0x00, 0x0C, 0x30, 0x00, 0x00, 0xC0, 0x80,
  0x00, 0x06, 0x04, 0x00, 0x00, 0x60, 0x30, 0x00, 0x07, 0x01, 0x80, 0x00,
  0x30, 0x0C, 0x00, 0x03, 0x00, 0x60, 0x00, 0x18, 0x03, 0x00, 0x01, 0x80,
  0x08, 0x00, 0x0C, 0x00, 0x60, 0x00, 0xC0, 0x03, 0x00, 0x0C, 0x00, 0x18,
  0x00, 0x60, 0x00, 0xC0, 0x06, 0x00, 0x06, 0x00, 0x30, 0x00, 0x10, 0x03,
  0x00, 0x00, 0x80, 0x18, 0x00, 0x06, 0x01, 0x80, 0x00, 0x30, 0x18, 0x00,
  0x01, 0x80, 0xC0, 0x00, 0x0C, 0x0C, 0x00, 0x00, 0x60, 0x60, 0x00, 0x01,
  0x06, 0x00, 0x00, 0x08, 0x20, 0x00, 0x00, 0x63, 0x00, 0x00, 0x03, 0x30,
  0x00, 0x00, 0x19, 0x80, 0x00, 0x00, 0xD8, 0x00, 0x00, 0x02, 0xC0, 0x00,
  0x00, 0x1C, 0x00, 0x00, 0x00, 0xC0, 0x00, 0x00, 0x06, 0x00, 0x00, 0x00,
  0xC0, 0x00, 0x0C, 0x00, 0x00, 0x78, 0x00, 0x01, 0x80, 0x00, 0x1B, 0x00,
  0x00, 0x70, 0x00, 0x03, 0x60, 0x00, 0x0A, 0x00, 0x00, 0xCC, 0x00, 0x03,
  0x60, 0x00, 0x19, 0x80, 0x00, 0x4C, 0x00, 0x06, 0x30, 0x00, 0x19, 0x80,
  0x00, 0xC6, 0x00, 0x06, 0x30, 0x00, 0x30, 0xC0, 0x00, 0xC6, 0x00, 0x06,
  0x18, 0x00, 0x30, 0xC0, 0x01, 0x83, 0x00, 0x06, 0x18, 0x00, 0x30, 0x60,
  0x01, 0x81, 0x00, 0x0C, 0x04, 0x00, 0x30, 0x20, 0x01, 0x80, 0x80, 0x0C,
  0x04, 0x00, 0x60, 0x10, 0x01, 0x80, 0xC0, 0x0C, 0x02, 0x00, 0x60, 0x18,
  0x01, 0x00, 0x60, 0x0C, 0x03, 0x00, 0x60, 0x0C, 0x03, 0x00, 0x60, 0x08,
  0x01, 0x80, 0x60, 0x0C, 0x03, 0x00, 0x30, 0x18, 0x01, 0x80, 0x60, 0x06,
  0x03, 0x00, 0x30, 0x18, 0x00, 0xC0, 0xC0, 0x02, 0x03, 0x00, 0x18, 0x18,
  0x00, 0x40, 0xC0, 0x03, 0x06, 0x00, 0x0C, 0x18, 0x00, 0x60, 0xC0, 0x01,
  0x86, 0x00, 0x0C, 0x30, 0x00, 0x30, 0xC0, 0x01, 0x86, 0x00, 0x06, 0x30,
  0x00, 0x31, 0x80, 0x00, 0xC6, 0x00, 0x02, 0x30, 0x00, 0x19, 0x80, 0x00,
  0x4C, 0x00, 0x03, 0x30, 0x00, 0x09, 0x00, 0x00, 0x2C, 0x00, 0x01, 0x60,
  0x00, 0x05, 0x80, 0x00, 0x28, 0x00, 0x00, 0xA0, 0x00, 0x07, 0x00, 0x00,
  0x1C, 0x00, 0x00, 0xC0, 0x00, 0x03, 0x00, 0x00, 0x18, 0x00, 0x00, 0x60,
  0x00, 0x00, 0x00, 0xC0, 0x00, 0x01, 0xC0, 0x18, 0x00, 0x00, 0xE0, 0x06,
  0x00, 0x00, 0x30, 0x00, 0xC0, 0x00, 0x18, 0x00, 0x30, 0x00, 0x0C, 0x00,
  0x06, 0x00, 0x06, 0x00, 0x01, 0x80, 0x03, 0x00, 0x00, 0x30, 0x01, 0x80,
  0x00, 0x0C, 0x00, 0xC0, 0x00, 0x01, 0x80, 0x60, 0x00, 0x00, 0x60, 0x38,
  0x00, 0x00, 0x0C, 0x1C, 0x00, 0x00, 0x03, 0x06, 0x00, 0x00, 0x00, 0xC3,
  0x00, 0x00, 0x00, 0x19, 0x80, 0x00, 0x00, 0x06, 0xC0, 0x00, 0x00, 0x00,
  0xE0, 0x00, 0x00, 0x00, 0x38, 0x00, 0x00, 0x00, 0x1E, 0x00, 0x00, 0x00,
  0x0C, 0xC0, 0x00, 0x00, 0x07, 0x30, 0x00, 0x00, 0x03, 0x84, 0x00, 0x00,
  0x00, 0xC1, 0x80, 0x00, 0x00, 0x60, 0x20, 0x00, 0x00, 0x30, 0x0C, 0x00,
  0x00, 0x18, 0x03, 0x00, 0x00, 0x0C, 0x00, 0x60, 0x00, 0x06, 0x00, 0x18,
  0x00, 0x03, 0x80, 0x03, 0x00, 0x01, 0xC0, 0x00, 0xC0, 0x00, 0x60, 0x00,
  0x18, 0x00, 0x30, 0x00, 0x06, 0x00, 0x18, 0x00, 0x00, 0xC0, 0x0C, 0x00,
  0x00, 0x30, 0x06, 0x00, 0x00, 0x06, 0x03, 0x00, 0x00, 0x01, 0x80, 0x00,
  0x18, 0x00, 0x00, 0x07, 0x00, 0x0C, 0x00, 0x00, 0x06, 0x00, 0x0C, 0x00,
  0x00, 0x0C, 0x00, 0x0C, 0x00, 0x00, 0x18, 0x00, 0x0C, 0x00, 0x00, 0x18,
  0x00, 0x0C, 0x00, 0x00, 0x30, 0x00, 0x04, 0x00, 0x00, 0x30, 0x00, 0x06,
  0x00, 0x00, 0x60, 0x00, 0x06, 0x00, 0x00, 0x60, 0x00, 0x06, 0x00, 0x00,
  0xC0, 0x00, 0x06, 0x00, 0x00, 0xC0, 0x00, 0x06, 0x00, 0x01, 0x80, 0x00,
  0x02, 0x00, 0x03, 0x00, 0x00, 0x03, 0x00, 0x03, 0x00, 0x00, 0x03, 0x00,
  0x06, 0x00, 0x00, 0x03, 0x00, 0x06, 0x00, 0x00, 0x03, 0x00, 0x0C, 0x00,
  0x00, 0x03, 0x00, 0x0C, 0x00, 0x00, 0x01, 0x00, 0x18, 0x00, 0x00, 0x01,
  0x80, 0x30, 0x00, 0x00, 0x01, 0x80, 0x30, 0x00, 0x00, 0x01, 0x80, 0x60,
  0x00, 0x00, 0x01, 0x80, 0x60, 0x00, 0x00, 0x01, 0x80, 0xC0, 0x00, 0x00,
  0x00, 0x80, 0xC0, 0x00, 0x00, 0x00, 0xC1, 0x80, 0x00, 0x00, 0x00, 0xC1,
  0x00, 0x00, 0x00, 0x00, 0xC3, 0x00, 0x00, 0x00, 0x00, 0xC6, 0x00, 0x00,
  0x00, 0x00, 0xC6, 0x00, 0x00, 0x00, 0x00, 0x4C, 0x00, 0x00, 0x00, 0x00,
  0x4C, 0x00, 0x00, 0x00, 0x00, 0x78, 0x00, 0x00, 0x00, 0x00, 0x78, 0x00,
  0x00, 0x00, 0x00, 0x70, 0x00, 0x00, 0x00, 0x00, 0x20, 0x00, 0x00, 0x00,
  0x00, 0x60, 0x00, 0x00, 0x00, 0x00, 0xC0, 0x00, 0x00, 0x00, 0x00, 0xC0,
  0x00, 0x00, 0x00, 0x01, 0x80, 0x00, 0x00, 0x00, 0x01, 0x80, 0x00, 0x00,
  0x00, 0x03, 0x00, 0x00, 0x00, 0x00, 0x06, 0x00, 0x00, 0x00, 0x00, 0x06,
  0x00, 0x00, 0x00, 0x00, 0x0C, 0x00, 0x00, 0x00, 0x00, 0x0C, 0x00, 0x00,
  0x00, 0x00, 0x18, 0x00, 0x00, 0x00, 0x00, 0x30, 0x00, 0x00, 0x00, 0x00,
  0x70, 0x00, 0x00, 0x00, 0x00, 0xE0, 0x00, 0x00, 0x00, 0x81, 0xC0, 0x00,
  0x00, 0x00, 0xFF, 0x00, 0x00, 0x00, 0x00, 0x7C, 0x00, 0x00, 0x00, 0x00,
  0x00, 0x7F, 0xFF, 0xFE, 0x01, 0x00, 0x00, 0x18, 0x00, 0x00, 0x00, 0x60,
  0x00, 0x00, 0x01, 0x80, 0x00, 0x00, 0x07, 0x00, 0x00, 0x00, 0x1C, 0x00,
  0x00, 0x00, 0x30, 0x00, 0x00, 0x00, 0xC0, 0x00, 0x00, 0x03, 0x00, 0x00,
  0x00, 0x0E, 0x00, 0x00, 0x00, 0x38, 0x00, 0x00, 0x00, 0x60, 0x00, 0x00,
  0x01, 0x80, 0x00, 0x00, 0x06, 0x00, 0x00, 0x00, 0x18, 0x00, 0x00, 0x00,
  0x70, 0x00, 0x00, 0x01, 0xC0, 0x00, 0x00, 0x03, 0x00, 0x00, 0x00, 0x0C,
  0x00, 0x00, 0x00, 0x30, 0x00, 0x00, 0x00, 0xC0, 0x00, 0x00, 0x03, 0x80,
  0x00, 0x00, 0x0E, 0x00, 0x00, 0x00, 0x18, 0x00, 0x00, 0x00, 0x60, 0x00,
  0x00, 0x01, 0x80, 0x00, 0x00, 0x06, 0x00, 0x00, 0x00, 0x1C, 0x00, 0x00,
  0x00, 0x70, 0x00, 0x00, 0x00, 0xC0, 0x00, 0x00, 0x03, 0x00, 0x00, 0x00,
  0x0C, 0x00, 0x00, 0x00, 0x30, 0x00, 0x00, 0x00, 0xE0, 0x00, 0x00, 0x03,
  0xFF, 0xFF, 0xFE, 0x07, 0xFF, 0xFF, 0xF8, 0x00, 0x00, 0x00, 0x1F, 0x00,
  0x00, 0x7E, 0x00, 0x01, 0xE0, 0x00, 0x03, 0x80, 0x00, 0x03, 0x00, 0x00,
  0x06, 0x00, 0x00, 0x06, 0x00, 0x00, 0x0C, 0x00, 0x00, 0x0C, 0x00, 0x00,
  0x0C, 0x00, 0x00, 0x08, 0x00, 0x00, 0x18, 0x00, 0x00, 0x18, 0x00, 0x00,
  0x18, 0x00, 0x00, 0x18, 0x00, 0x00, 0x30, 0x00, 0x00, 0x30, 0x00, 0x00,
  0x30, 0x00, 0x00, 0x30, 0x00, 0x00, 0x20, 0x00, 0x00, 0x60, 0x00, 0x00,
  0x60, 0x00, 0x00, 0x60, 0x00, 0x00, 0x40, 0x00, 0x00, 0xC0, 0x00, 0x00,
  0xC0, 0x00, 0x01, 0x80, 0x00, 0x03, 0x00, 0x00, 0x0E, 0x00, 0x00, 0xFC,
  0x00, 0x00, 0xFC, 0x00, 0x00, 0x0E, 0x00, 0x00, 0x06, 0x00, 0x00, 0x03,
  0x00, 0x00, 0x03, 0x00, 0x00, 0x03, 0x00, 0x00, 0x03, 0x00, 0x00, 0x03,
  0x00, 0x00, 0x02, 0x00, 0x00, 0x06, 0x00, 0x00, 0x06, 0x00, 0x00, 0x06,
  0x00, 0x00, 0x06, 0x00, 0x00, 0x04, 0x00, 0x00, 0x0C, 0x00, 0x00, 0x0C,
  0x00, 0x00, 0x0C, 0x00, 0x00, 0x0C, 0x00, 0x00, 0x18, 0x00, 0x00, 0x18,
  0x00, 0x00, 0x18, 0x00, 0x00, 0x18, 0x00, 0x00, 0x18, 0x00, 0x00, 0x18,
  0x00, 0x00, 0x18, 0x00, 0x00, 0x18, 0x00, 0x00, 0x1C, 0x00, 0x00, 0x0E,
  0x00, 0x00, 0x07, 0xF0, 0x00, 0x00, 0xF0, 0x00, 0xFF, 0xFF, 0xFF, 0xFF,
  0xFF, 0xFF, 0xFF, 0xFF, 0xFF, 0xFF, 0xFF, 0xFF, 0xFF, 0xFF, 0xFF, 0xFF,
  0xFF, 0xC0, 0x00, 0x0F, 0x80, 0x00, 0x0F, 0xE0, 0x00, 0x00, 0x70, 0x00,
  0x00, 0x38, 0x00, 0x00, 0x18, 0x00, 0x00, 0x18, 0x00, 0x00, 0x18, 0x00,
  0x00, 0x18, 0x00, 0x00, 0x18, 0x00, 0x00, 0x18, 0x00, 0x00, 0x18, 0x00,
  0x00, 0x30, 0x00, 0x00, 0x30, 0x00, 0x00, 0x30, 0x00, 0x00, 0x30, 0x00,
  0x00, 0x30, 0x00, 0x00, 0x60, 0x00, 0x00, 0x60, 0x00, 0x00, 0x60, 0x00,
  0x00, 0x60, 0x00, 0x00, 0x40, 0x00, 0x00, 0xC0, 0x00, 0x00, 0xC0, 0x00,
  0x00, 0xC0, 0x00, 0x00, 0xC0, 0x00, 0x00, 0xC0, 0x00, 0x00, 0xC0, 0x00,
  0x00, 0x60, 0x00, 0x00, 0x70, 0x00, 0x00, 0x1F, 0x00, 0x00, 0x3F, 0x00,
  0x00, 0xE0, 0x00, 0x01, 0xC0, 0x00, 0x01, 0x80, 0x00, 0x03, 0x00, 0x00,
  0x03, 0x00, 0x00, 0x06, 0x00, 0x00, 0x06, 0x00, 0x00, 0x06, 0x00, 0x00,
  0x04, 0x00, 0x00, 0x0C, 0x00, 0x00, 0x0C, 0x00, 0x00, 0x0C, 0x00, 0x00,
  0x0C, 0x00, 0x00, 0x08, 0x00, 0x00, 0x18, 0x00, 0x00, 0x18, 0x00, 0x00,
  0x18, 0x00, 0x00, 0x18, 0x00, 0x00, 0x30, 0x00, 0x00, 0x30, 0x00, 0x00,
  0x30, 0x00, 0x00, 0x30, 0x00, 0x00, 0x60, 0x00, 0x00, 0x60, 0x00, 0x00,
  0xC0, 0x00, 0x01, 0x80, 0x00, 0x07, 0x00, 0x00, 0xFE, 0x00, 0x00, 0xF0,
  0x00, 0x00, 0x0F, 0xFC, 0x00, 0x01, 0x3C, 0x1F, 0x00, 0x01, 0x70, 0x03,
  0xC0, 0x07, 0xC0, 0x00, 0xF8, 0x1C, 0x80, 0x00, 0x3F, 0xF8, 0x00, 0x00,
  0x03, 0xC0,
};

const GFXglyph NotoSans_ThinItalic69pt7bGlyphs[] PROGMEM = {
  { 0, 1, 1, 18, 0, -1 },
  { 1, 13, 50, 14, 2, -49 },
  { 83, 15, 18, 21, 8, -49 },
  { 117, 41, 49, 42, 2, -49 },
  { 369, 31, 56, 38, 4, -52 },
  { 586, 43, 51, 53, 6, -50 },
  { 861, 41, 51, 47, 3, -50 },
  { 1123, 5, 18, 12, 8, -49 },
  { 1135, 19, 60, 17, 2, -49 },
  { 1278, 19, 60, 17, -4, -49 },
  { 1421, 28, 29, 37, 9, -52 },
  { 1523, 32, 32, 39, 5, -40 },
  { 1651, 9, 17, 13, -3, -8 },
  { 1671, 16, 2, 22, 3, -20 },
  { 1675, 4, 5, 14, 2, -4 },
  { 1678, 30, 49, 21, -3, -49 },
  { 1862, 31, 51, 38, 5, -50 },
  { 2060, 17, 49, 38, 11, -49 },
  { 2165, 34, 50, 38, 1, -50 },
  { 2378, 34, 51, 38, 2, -50 },
  { 2595, 36, 50, 38, 1, -50 },
  { 2820, 34, 50, 38, 3, -49 },
  { 3033, 32, 51, 38, 5, -50 },
  { 3237, 31, 49, 38, 8, -49 },
  { 3427, 34, 51, 38, 3, -50 },
  { 3644, 33, 51, 38, 3, -50 },
  { 3855, 11, 38, 14, 2, -37 },
  { 3908, 16, 46, 14, -3, -37 },
  { 4000, 32, 30, 39, 5, -40 },
  { 4120, 32, 16, 39, 5, -32 },
  { 4184, 32, 30, 39, 5, -40 },
  { 4304, 23, 51, 28, 6, -50 },
  { 4451, 52, 55, 58, 4, -49 },
  { 4809, 37, 49, 38, -3, -49 },
  { 5036, 37, 49, 41, 3, -49 },
  { 5263, 38, 51, 41, 6, -50 },
  { 5506, 41, 49, 47, 3, -49 },
  { 5758, 36, 49, 37, 3, -49 },
  { 5979, 36, 49, 34, 3, -49 },
  { 6200, 40, 51, 48, 6, -50 },
  { 6455, 44, 49, 47, 3, -49 },
  { 6725, 21, 49, 19, 1, -49 },
  { 6854, 28, 61, 16, -12, -49 },
  { 7068, 40, 49, 37, 3, -49 },
  { 7313, 25, 49, 34, 3, -49 },
  { 7467, 52, 49, 56, 3, -49 },
  { 7786, 43, 49, 47, 3, -49 },
  { 8050, 41, 51, 49, 6, -50 },
  { 8312, 36, 49, 39, 3, -49 },
  { 8533, 41, 62, 49, 6, -50 },
  { 8851, 36, 49, 39, 3, -49 },
  { 9072, 34, 51, 34, 1, -50 },
  { 9289, 34, 49, 33, 6, -49 },
  { 9498, 42, 50, 48, 6, -49 },
  { 9761, 35, 49, 37, 7, -49 },
  { 9976, 52, 49, 57, 9, -49 },
  { 10295, 43, 49, 34, -4, -49 },
  { 10559, 33, 49, 33, 7, -49 },
  { 10762, 40, 49, 37, -1, -49 },
  { 11007, 26, 60, 21, -1, -49 },
  { 11202, 10, 49, 21, 7, -49 },
  { 11264, 26, 60, 21, -5, -49 },
  { 11459, 32, 31, 38, 3, -50 },
  { 11583, 26, 1, 26, -6, 8 },
  { 11587, 8, 11, 16, 10, -53 },
  { 11598, 31, 38, 38, 4, -37 },
  { 11746, 33, 53, 39, 2, -52 },
  { 11965, 28, 38, 31, 4, -37 },
  { 12098, 36, 53, 39, 4, -52 },
  { 12337, 28, 38, 34, 4, -37 },
  { 12470, 38, 70, 18, -9, -53 },
  { 12803, 35, 54, 39, 2, -37 },
  { 13040, 32, 52, 38, 2, -52 },
  { 13248, 13, 50, 14, 2, -50 },
  { 13330, 25, 67, 14, -10, -50 },
  { 13540, 31, 52, 30, 2, -52 },
  { 13742, 13, 52, 14, 2, -52 },
  { 13827, 52, 37, 58, 2, -37 },
  { 14068, 32, 37, 38, 2, -37 },
  { 14216, 31, 38, 39, 4, -37 },
  { 14364, 36, 53, 39, -1, -37 },
  { 14603, 33, 53, 39, 4, -37 },
  { 14822, 25, 37, 26, 2, -37 },
  { 14938, 27, 38, 29, 1, -37 },
  { 15067, 19, 46, 21, 4, -45 },
  { 15177, 32, 37, 38, 4, -36 },
  { 15325, 29, 36, 28, 3, -36 },
  { 15456, 43, 36, 45, 4, -36 },
  { 15650, 34, 36, 31, -2, -36 },
  { 15803, 40, 53, 28, -8, -36 },
  { 16068, 31, 36, 30, -1, -36 },
  { 16208, 24, 60, 23, 2, -49 },
  { 16388, 2, 69, 37, 19, -52 },
  { 16406, 24, 60, 23, -3, -49 },
  { 16586, 32, 6, 39, 5, -27 },
};

const GFXfont NotoSans_ThinItalic69pt7b PROGMEM = {
  (uint8_t  *)NotoSans_ThinItalic69pt7bBitmaps,
  (GFXglyph *)NotoSans_ThinItalic69pt7bGlyphs,
  0x20, 0x7E, 94
};

#endif // _NOTOSANS_THINITALIC69PT7B_H_
